地区,导演,时长,月份,演员,电影名,类型,评分,评论数,语言
[' 中国大陆'],"['潘礼平', '奉万里', '胡昀皓', '陈功']",[],['05'],"['祁晟原', '刘戴恩', '释小松', '陈荣达', '余亚颖', '杨知周', '葛奕德', '刘紫璇', '周冉', '开新傲', '李俊豪', '程子阳', '万子晴', '陈禹衡', '姜巧慧', '罗熙怡', '蔡嘉诚', '魏雨祺', '高一杰', '戴豪键', '汤子豪', '喻峰', '张伊凡', '徐雨旋', '李冰城', '杨梦瑶', '周依萱', '吴爽', '叶思文', '徐佳蕊', '林立涵', '卢亦豪', '黄涵雨', '张允钊', '高锡华', '齐森昊', '欧家杜', '郑树森', '黄敬棋', '姜米珈', '赵紫彤', '林宜婧']",['小戏骨：包青天之秦香莲与陈世美'],"['剧情', '悬疑', '儿童', '历史', '古装']",['8.2'],['607'],[' 汉语普通话']
[' 中国大陆'],['王丽娜'],['90'],['10'],"['艾萨·亚森', '凯丽比努尔·热合米图力', '艾力乃孜·热合米图力', '穆萨·亚森', '亚森·卡斯木', '乌古来木·苏吾尔', '塔杰古丽·海麦尔', '热合米图力·克然木', '克然木·喀斯木']",['第一次的离别'],['儿童'],['7.7'],['297'],[' 维吾尔语']
[' 中国大陆'],['王丽娜'],['90'],['10'],"['艾萨·亚森', '凯丽比努尔·热合米图力', '艾力乃孜·热合米图力', '穆萨·亚森', '亚森·卡斯木', '乌古来木·苏吾尔', '塔杰古丽·海麦尔', '热合米图力·克然木', '克然木·喀斯木']",['第一次的离别'],['儿童'],['7.7'],['297'],[' 维吾尔语']
[' 中国大陆'],['霍猛'],['93'],['10'],"['杨太义', '李云虎 ', '万众 ', '聂栋才 ']",['过昭关'],"['剧情', '家庭', '儿童']",['7.5'],['3442'],[' 河南方言']
[' 日本'],['米谷良知'],[],['05'],"['松冈祯丞', '金元寿子', '高桥未奈美']",['食戟之灵 餐之皿 OVA 极星寮的绘里奈 食戟のソーマ 餐ノ皿 極星寮のえりな'],"['动画', '儿童']",['7.4'],['171'],[' 日语']
[' 中国大陆'],['拉华加'],['90'],['02'],['周拉多杰'],['旺扎的雨靴'],"['剧情', '儿童']",['7.2'],['833'],[' 藏语']
[' 台湾'],['崔永徽\u200b\u200b'],['96'],['06'],"['黄尚禾', '钟家骏', '李凤英', '張靈']",['只有大海知道'],"['剧情', '歌舞', '家庭', '儿童']",['7.1'],['271'],[' 汉语普通话']
[' 中国大陆'],['肖鹤'],['28'],['06'],"['元钧霖', '鲍振江', '薛晴']",['李理的白日梦'],"['剧情', '儿童']",['7.1'],['154'],[' 汉语普通话']
[' 英国'],['大卫·斯特登'],['85'],['07'],"['约瑟夫·梅', '泰莉莎·加拉赫', '凯瑞·莎勒', '大卫·麦金', '金宝·张', '约翰·哈斯勒', '彼得·安德烈', '蒂娜·德赛', '露西·蒙格马利']",['托马斯大电影之世界探险记 Thomas &amp; Friends: Big World! Big Adventures! The Movie'],"['动画', '儿童']",['7.1'],['1192'],[' 英语']
[' 日本'],['山口恭平'],['100'],['12'],"['奥野壮', '犬饲贵丈', '押田岳', '大幡诗绘理', '渡边圭祐', '赤楚卫二', '高田夏帆', '武田航平', '水上剑星', '佐藤健']",['假面骑士平成世代 FOREVER 仮面ライダー平成ジェネレーションズ FOREVER'],"['动作', '科幻', '儿童']",['6.7'],['981'],[' 日语']
[' 中国大陆'],['李军林'],['117'],['01'],"['孙海英', '王乃训', '韩三明']",['一个人的课堂'],"['剧情', '儿童']",['6.6'],['649'],[' 汉语普通话']
[' 中国大陆'],['彭力'],['91'],"['02', '05']","['奶瓶', '康潇诺', '高婷婷', '陈一榕', '魏子涵', '亓小飞']",['小狗奶瓶'],"['家庭', '儿童']",['6.5'],['600'],[' 汉语普通话']
[' 英国'],['埃利奥特·赫加蒂'],['63'],['12'],"['艾伦·戴维斯', '奥利弗·泽特斯特姆', '阿米特·沙阿']",['午夜帮 The Midnight Gang'],"['喜剧', '家庭', '儿童']",['6.2'],['127'],[' 英语']
[' 中国大陆'],['韩荣声'],['95'],['08'],"['范洪涛', '张琳', '黄宝龙', '温正邦', '古玉枫', '王思霖', '廖丽', '黎骏', '古运昌', '邹馥莲']",['纯真年代'],"['剧情', '家庭', '儿童']",['6.0'],['746'],[' 汉语普通话']
[' 中国大陆'],['罗汉兴'],['90'],['12'],"['高震', '何凯迪', '张习明', '杨彦辉', '孙俊喆']",['合群路'],"['剧情', '喜剧', '儿童']",['5.9'],['152'],[' 贵阳方言']
[' 中国大陆'],['何澄'],['80'],['07'],"['刘纯燕', '董浩', '鞠萍', '陈苏', '耿晨晨', '周志强', '黄炜']",['新大头儿子和小头爸爸3：俄罗斯奇遇记'],"['动画', '家庭', '儿童', '冒险']",['4.8'],['3190'],[' 汉语普通话']
[' 中国大陆'],['吴晓东'],['89'],['02'],"['康钰潇', '杨家麟', 'Aber Mae', '廖佳军', 'Samuel Goldstein', 'Alex', '钟远林', '孔斐', '马小华']",['熊猫石的奇幻旅行'],"['儿童', '奇幻', '冒险']",[''],[],[' 汉语普通话']
[' 德国'],['Mike Marzuk'],['101'],[],"['雅各布·马琛茨', 'Ron Antony Renzenbrink', '马里纳斯·霍曼', 'Amelie Lammers', 'Allegra Tinnefeld', '米兰·佩舍尔', 'Peter Prager', '梅丽卡·弗鲁坦']",['Fünf Freunde und das Tal der Dinosaurier'],"['家庭', '儿童']",[''],[],[' 德语']
[' 香港'],['鄧亮輝'],[],['04'],[],['誰聽赤子心'],"['剧情', '儿童']",[''],[],[' 粤语']
[' 中国大陆'],"['张若以', '欧阳奋强']",[],[],['钟熠璠'],['丛林历险记'],"['剧情', '儿童', '冒险']",[''],[],[' 汉语普通话']
[' 中国大陆'],['彭子凡'],['66'],['05'],"['任帅', '韩靖', '姚瑞']",['北风之歌'],"['剧情', '家庭', '儿童']",[''],[],[' 汉语普通话']
[' 中国大陆'],['潘礼平'],[],[],[],['小戏骨：哪吒传奇'],"['剧情', '儿童', '奇幻', '古装']",[''],[],[' 汉语普通话']
[' 墨西哥'],['Alejandro Andrade'],['90'],['09'],"['Carmen Maura', 'Mariana Gajá', 'Moises Arizmendi', 'Emilio Puente']",['库埃纳瓦卡 Cuernavaca'],"['同性', '儿童']",[''],[],[' 西班牙语']
[' 巴西'],['Carolina Markowicz'],['16'],[],"['Clarisse Abujamra', 'Kauan Alvarenga', 'Georgina Castro']",['孤儿 The Orphan'],"['剧情', '儿童']",[''],[],[' 葡萄牙语']
[' 中国大陆'],['安佳星'],['60'],['03'],['梁家仁'],['误入神秘岛'],"['悬疑', '儿童', '冒险']",[''],[],[' 汉语普通话']
[' 中国大陆'],"['潘礼平', '奉万里']",[],[],"['祁晟原', '释小松', '杨知周', '李俊豪', '陈舒宜', '周巧诒', '黄林依阳', '周冉', '马英智']",['小戏骨：包青天之铡庞昱'],"['剧情', '悬疑', '儿童', '武侠', '古装']",[''],[],[' 汉语普通话']
[' 白俄罗斯'],['Вячеслав Никифоров'],[],['01'],"['Артём Венгерович', 'Даша Киреева', 'Валерия Арланова', 'Павел Южаков-Харланчук', 'Ольга Клебанович', 'Алексей Шедько', 'Сергей Чекерес', 'Денис Барановский', 'Виолетта Руднева', 'Владимир Денисов', 'Юрий Дормидонтов', 'Сергей Шахов']",['寻亲记 Тум-Паби-Дум'],"['剧情', '家庭', '儿童']",[''],[],[' 俄语']
[' 中国大陆'],['尹航'],['15'],[],[],['妈妈，再见'],"['剧情', '儿童']",[''],[],[' 汉语普通话 / 英语']
[' 中国大陆'],['李依彤'],[],[],"['李心心', '宋彦澎', '关自正', '杜建烨', '房楷然']",['四年二班'],"['剧情', '儿童']",[''],[],[' 汉语普通话']
[' 中国大陆'],['伍婷婷'],[],[],"['陈麒宇', '曾佳艺', '赵顺洋', '石娅洁', '唐翊博', '肖亦燃']",['一门三孝'],['儿童'],[''],[],[' 汉语普通话']
[' 中国大陆'],['庞勇'],['34'],['10'],['庞勇'],['宇宙最强音'],['儿童'],[''],[],[' 汉语普通话']
[' 中国大陆'],['赵西涛'],[],['05'],"['陈一翻', '徐国飞', '王心怡']",['武林外传'],"['喜剧', '儿童', '古装']",[''],[],[' 汉语普通话']
[' 法国'],['Laurent Delahousse'],[],[],"[""Jean d'Ormesson"", '埃马纽埃尔·马克龙']",['Monsieur'],"['剧情', '儿童']",[''],[],[' 法语']
[' 匈牙利 Hungary'],[],[],[],[],['Willy and the Guardians of the Lake'],"['动画', '儿童']",[''],[],[]
[' 印度'],['Priya Ramasubban'],[],[],[],['Chuskit'],"['家庭', '儿童']",[''],[],[' Ladakhi']
[' 美国'],"['Ishi Rudell', 'Katrina Hadley']",['46'],['02'],"['阿什莉·鲍尔', '安德莉亚·利布曼', '丽贝卡·伊索卡', '塔比莎·杰曼', '塔拉·斯特朗', 'Nicole Oliver', '凯西·薇瑟乐克', '凯瑟琳·巴尔', '珊农·陈-肯特', '詹姆斯·柯克', 'Ingrid Nilson', 'Kazumi Evans']",['小马国女孩 被遗忘的友谊 My Little Pony Equestria Girls: Forgotten Friendship'],"['剧情', '动画', '儿童', '奇幻']",[''],[],[' 英语']
[' 中国大陆'],['刘艳臣'],[],[],"['王梓', '王虎城']",['卓远的梦想'],"['剧情', '儿童']",[''],[],[' 汉语普通话']
[' 美国'],[],[],[],[],['Cried Wolf'],"['恐怖', '儿童']",[''],[],[]
[' 中国大陆'],['杨峻峰'],['65'],[],"['岳治东', '陈是霖', '熊贵盈', '唐雨轩', '冉欣悦', '付娱夕', '杜凌萱', '赵一颖', '吴宇轩', '戴猛']",['超级学院'],"['科幻', '儿童']",[''],[],[' 汉语普通话']
[' 中国大陆'],['张雨哲'],[],[],"['王乃训', '张绍飞', '沈芸妃', '吴栩栩', '王诗渃']",['你还走吗'],"['剧情', '儿童']",[''],[],[' 汉语普通话']
[' 越南'],['阮友俊'],[],['10'],"['黄东', '越香']","['太阳，你在哪儿 Mặt Trời, Con Ở Đâu']","['剧情', '儿童']",[''],[],[]
[' 美国'],['里杰·沙基'],['82'],['06'],"['Christopher Romero', 'Myles Strampello']",['Concrete Kids'],"['剧情', '家庭', '儿童']",[''],[],[' 英语']
[' 中国大陆'],['宋彦承'],[],[],"['吴启华', '陈娇', '柯黎', '方便']",['冰瞳'],"['剧情', '儿童']",[''],[],[' 汉语普通话']
[' 乌克兰'],['Max Ksjonda'],['90'],[],[],['坦克 Tank'],"['剧情', '儿童']",[''],[],[' 乌克兰语']
[' 中国大陆'],['刘鸿志'],['16'],['08'],"['陈祉源', '丁润', '金晟', '张人文']",['花火'],"['剧情', '儿童', '战争']",[''],[],[' 日语 / 南京方言']
[' 中国大陆'],['史震飞'],['99'],['08'],"['洪天照', '晋松', '许皓勋', '李亚真', '罗家英', '何雄飞', '王善森', '苏婧', '张姮儿', '郑皓原', '张佳航', '郑茜', '李美君', '刘浩俊龙', '王新昉']",['疯狂暑期之哈喽怪物'],"['剧情', '儿童', '奇幻']",[''],[],[' 汉语普通话']
[' 日本'],['奥山大史'],['76'],['09'],"['佐藤结良', '大熊理树', '查德·穆莱恩', '木引优子', 'ただのあっ子', '二瓶鲛一', '秋山建一', '大迫一平', '北山雅康', '佐伯日菜子']",['我讨厌耶稣 僕はイエス様が嫌い'],"['剧情', '家庭', '儿童']",[''],[],[' 日语']
[' 菲律宾'],['Maricel Cariaga'],['103'],['08'],"['阿诺德雷·耶斯', '苏·普拉多', '米科·劳伦特', '米尔·埃斯皮诺萨', '阿方索·伊尼戈·德伦']",['七袋米 Pitong kabang palay'],"['剧情', '家庭', '儿童']",[''],[],[' 菲律宾语']
[' 中国大陆'],['徐耿'],[],['12'],"['陈禹同', '陈朵怡', '吴军', '庄庆宁', '杜源', '江昊桐', '刘宸希', '童雨宸', '张桐赫', '谢孟伟', '米媛媛', '周梦然', '徐勇', '王小慧', '张波']",['天上掉下个琳妹妹'],"['剧情', '儿童']",[''],[],[' 汉语普通话']
[' 挪威'],['拉斯姆斯·A·西韦特森'],['82'],['09'],"['卡莉·安·佩妮谢', 'Trond Høvik', 'Per Skjølsvik']",['路易斯和卢卡-登月行动 Månelyst i Flåklypa'],"['喜剧', '动画', '儿童']",[''],[],[' 挪威语']
[' 中国大陆'],['张国栋'],['95'],[],"['仁青甲木措', '扎西', '扎西尼玛', '菊琼钦哲巴赞', '阿旺拉姆']",['少年桑吉'],"['剧情', '儿童']",[''],[],[' 汉语普通话']
[' 中国大陆'],['张惠民'],['90'],['06'],"['赵克明', '张子扬', '马嘉祺', '张惠民', '王天发', '孙苏雅', '张兆艺']",['快乐星球之三十六号'],"['科幻', '儿童']",[''],[],[' 汉语普通话']
[' 中国大陆'],['张天艾'],['30'],['04'],"['夏宗武', '夏宗超']",['寒冷的高山有犀牛'],['儿童'],[''],[],[' 汉语普通话']
[' 中国大陆'],['熊玮'],['102'],['12'],"['荣梓杉', '关亚军', '丁宁', '郭紫铭', '高山流水', '栾蕾英', '陈帅']",['云上日出'],"['剧情', '儿童', '战争']",[''],[],[' 汉语普通话']
[' 中国大陆'],['蒋能杰'],['103'],['04'],"['云洁', '蒋重秀', '云芳', '范凤娇', '蒋美林']",['矮婆'],"['剧情', '儿童']",[''],[],[' 湖南当地方言']
[' 中国大陆'],['张宗元'],['100'],['10'],"['金子', '朱仲春', '秦汉擂', '刘童', '汤馨', '梁新展', '武歌']",['假装不正经'],"['剧情', '喜剧', '家庭', '儿童', '奇幻']",[''],[],[' 汉语普通话']
[' 中国大陆'],[],[],[],[],['京剧猫'],"['动画', '儿童', '奇幻', '冒险']",[''],[],[' 汉语普通话']
[' 中国大陆'],['薛玉峥'],['86'],['11'],[],['两个俏公主'],"['动画', '儿童', '奇幻']",[''],[],[' 汉语普通话']
[' 中国大陆'],['李振'],['88'],['02'],"['王一鸣', '吴军', '李屹伦', '张博', '周显欣', '阳蕾', '句号', '董立范']",['疯狂熊孩子'],"['喜剧', '儿童']",[''],[],[' 汉语普通话']
[' 中国大陆'],"['段玉宝', '王金利']",['100'],['08'],"['安琥', '徐洁儿', '苏翊鸣', '冯俊杰', '曹英睿', '李诗缘', '蒋沐函', '刘艺烨']",['摇滚小子'],"['剧情', '儿童']",[''],[],[' 汉语普通话']
[' 美国'],['Michael D. Black'],['22'],['06'],"['James Mathis III', '科斯顿·约翰', '伊薇特·尼科尔·布朗', 'Daisy Lightfoot', '小伊萨克·C.辛格尔顿', '特雷弗·德瓦', '连姆·奥布赖恩', '米克·温格特', '弗雷德·塔特西奥', '劳拉·贝莉', '罗杰·克莱格·史密斯', '特拉维斯·威林厄姆']",['乐高漫威超级英雄 黑豹：瓦坎达危机 LEGO Marvel Super Heroes: Black Panther - Trouble in Wakanda'],"['剧情', '动画', '儿童']",[''],[],[' 英语']
[' 中国大陆'],['张忠华'],['96'],[],"['杜旭光', '刘盼', '张新锋', '马银秀', '许小周', '陈骊山']",['树上有个好地方'],"['剧情', '喜剧', '家庭', '儿童']",[''],[],[' 汉语普通话']
[' 日本'],['池田洋子'],[],['03'],"['引坂理绘', '本泉莉奈', '小仓唯', '美山加恋', '福原遥', '村中知', '藤田咲', '森奈奈子', '水濑祈']",['光之美少女 超级之星 映画 プリキュアスーパースターズ！'],"['动画', '儿童']",[''],[],[' 日语']
[' 中国大陆'],['凌雨'],['88'],['02'],"['张耀龙', '宋岩', '常璐']",['断案吧！寇准'],"['剧情', '喜剧', '儿童', '传记']",[''],[],[' 汉语普通话']
[' 中国大陆'],[],[],[],"['吴映香', '易烊千玺', '蔡国庆', '康妮·塔波特', '王俊凯', '王源']",['2018年中央广播电视总台六一晚会'],"['音乐', '歌舞', '儿童', '真人秀']",[''],[],[' 汉语普通话']
[' 中国大陆'],['袁子航'],['40'],['06'],"['王英', '宋雪', '苏谱光', '杜京豫', '董依涵', '茹子涵', '李明翰', '邓超', '侯峰', '邢奕馨']",['绽放'],"['剧情', '儿童']",[''],[],[' 汉语普通话']
[' 中国大陆'],['陈静'],['90'],['07'],"['周诗琪', '郑子寒', '胡伊睿', '刘一莹', '姬他', '李光复', '王熙普', '鲍大志', '刘惠仪']",['美丽童年'],['儿童'],[''],[],[' 汉语普通话']
[' 中国大陆'],['罗红胜'],['80'],['12'],[],['两只小猪之勇闯神秘岛'],"['动画', '儿童', '冒险']",[''],[],[' 汉语普通话']
[' 中国大陆'],['李金林'],['90'],"['02', '08']","['李世宏', '关飞扬', '陈嘉铭', '杨致远', '蔚岩峰']",['名将之后'],"['剧情', '儿童']",[''],[],[' 汉语普通话']
[' 中国大陆'],['许美君'],['93'],['11'],"['贺刚', '李卓航', '董立范', '张漫文', '王娅楠', '吴明洁', '年丁旭', '吴孟樵', '周子越', '赵施玥珊']",['超萌特攻'],"['喜剧', '儿童']",[''],[],[' 汉语普通话']
[' 德国 / 澳大利亚'],"['Noel Cleary', 'Sergio Delfino', '亚力克斯·施塔德曼']",['85'],"['03', '04']","['可可·杰克·吉利斯', 'Benson Jack Anthony', '理查德·劳斯伯格', '贾丝婷·克拉克', 'Marney McQueen', 'Linda Ngo', 'Cam Ralph', 'Jordan Hare', '山姆·哈夫特', 'Peter McAllum', 'Tess Meyer', 'Jane Ubrien', 'Stavroula Adameitis', 'David Collins', 'Shane Dundas', 'Jimmy James Eaton']",['玛雅蜜蜂历险记2：蜜糖游戏 Maya the Bee: The Honey Games'],"['喜剧', '动画', '儿童', '冒险']",[''],[],[' 英语']
[' 中国大陆'],['谢心洁（孤心雪）'],['30'],['05'],"['郑好', '伊胜雪', '李宁']",['长路归家'],"['剧情', '儿童']",[''],[],[' 汉语普通话']
[' 中国大陆'],['张亚海'],['90'],['02'],"['申屠韩茜', '张永达', '李凤鸣', '黄霆', '郭泱', '宗峰岩']",['我和“叛徒”老爸'],"['剧情', '儿童', '运动']",[''],[],[' 汉语普通话']
[' 中国大陆'],['杨广福'],['89'],['12'],[],['大唐风云2'],"['动画', '儿童']",[''],[],[' 汉语普通话']
[' 中国大陆'],['张桥梁'],['90'],[],"['杨鸿宇', '赵亚男', '杨云']",['不得不走'],"['剧情', '家庭', '儿童']",[''],[],[' 汉语四川话']
[' 中国大陆'],['韩玥贞'],[],[],"['李哲晓', '赵姝婷', '康浩博', '李丽耀', '袁沐涵', '方舒琪', '舒雨婷', '葛诗雨']",['千古一后：武则天'],"['儿童', '历史', '古装']",[''],[],[' 汉语普通话']
