地区,导演,时长,月份,演员,电影名,类型,评分,评论数,语言
[' 日本'],['肥冢正史'],[],[],"['岛村侑', '石冢运升', '中田让治', '石川界人', '水内清光', '石川由依']",['进击的巨人 LOST GIRLS 進撃の巨人 LOST GIRLS'],"['动作', '动画', '冒险']",['8.8'],['2405'],[' 日语']
[' 美国'],['史蒂文·斯皮尔伯格'],['140'],"['03', '03', '03']","['泰伊·谢里丹', '奥利维亚·库克', '本·门德尔森', '马克·里朗斯', '丽娜·维特', '森崎温', '赵家正', '西蒙·佩吉', 'T·J·米勒', '汉娜·乔恩-卡门', '拉尔夫·伊内森', '苏珊·林奇', '克莱尔·希金斯', '劳伦斯·斯佩尔曼', '佩蒂塔·维克斯', '艾萨克·安德鲁斯']",['头号玩家 Ready Player One'],"['动作', '科幻', '冒险']",['8.7'],['789962'],[' 英语 / 日语 / 汉语普通话']
[' 美国'],"['鲍勃·佩尔西凯蒂', '彼得·拉姆齐', '罗德尼·罗斯曼']",['116'],"['12', '12']","['沙梅克·摩尔', '杰克·约翰逊', '海莉·斯坦菲尔德', '马赫沙拉·阿里', '布莱恩·泰里·亨利', '莉莉·汤姆林', '劳伦·维勒斯', '佐伊·克罗维兹', '约翰·木兰尼', '金可·格伦', '尼古拉斯·凯奇', '凯瑟琳·哈恩', '列维·施瑞博尔', '克里斯·派恩', '娜塔丽·莫瑞丝', '奥斯卡·伊萨克', '格里塔·李', '斯坦·李', '乔玛·塔科内', '华金·科西奥', '蕾克·贝尔', '梅勒妮·海恩斯', '尼克·杰恩', '穆尼卜·拉赫曼', '卡洛斯·萨拉戈萨', '黛西·罗斯·布莱内斯', '里夫·霍顿', '哈里森·奈特', '莱克斯·朗', '凯特琳·麦肯纳-威尔金森', '斯科特·门维尔', '克里斯托弗·米勒', '德维卡·帕利赫', '柯特妮·佩尔顿', '克里斯蒂·法瑞斯', '杰奎琳·皮诺尔', '贾斯汀·沉卡罗', '梅利莎·斯特姆']",['蜘蛛侠：平行宇宙 Spider-Man: Into the Spider-Verse'],"['动作', '科幻', '动画', '冒险']",['8.7'],['346647'],[' 英语 / 西班牙语']
[' 美国 / 德国'],['韦斯·安德森'],['97'],"['04', '02', '03']","['布莱恩·科兰斯顿', '爱德华·诺顿', '科宇·兰金', '列维·施瑞博尔', '比尔·默瑞', '杰夫·高布伦', '鲍勃·巴拉班', '野村训市', '格蕾塔·葛韦格', '斯嘉丽·约翰逊', '蒂尔达·斯文顿', '弗兰西斯·麦克多蒙德', '罗曼·科波拉', '卡拉·海沃德', '高山明', '伊藤晃', '哈威·凯特尔', 'F·默里·亚伯拉罕', '小野洋子', '渡边谦', '夏木真理', '费舍·史蒂芬斯', '村上虹郎', '考特尼·万斯', '安杰丽卡·休斯顿', '野田洋次郎', '山田孝之', '秋元梢', '松田翔太', '松田龙平', '池田依来沙', '杰克·莱恩', '育乃介', '儿玉太智', '卡琳·奥克索', '弗兰克·伍德', '爱德华·博奇']",['犬之岛 Isle of Dogs'],"['喜剧', '动画', '冒险']",['8.3'],['165812'],[' 英语 / 日语']
[' 美国'],"['安东尼·罗素', '乔·罗素']",['149'],"['05', '04', '04']","['小罗伯特·唐尼', '克里斯·海姆斯沃斯', '克里斯·埃文斯', '马克·鲁弗洛', '乔什·布洛林', '佐伊·索尔达娜', '本尼迪克特·康伯巴奇', '克里斯·帕拉特', '汤姆·赫兰德', '伊丽莎白·奥尔森', '保罗·贝坦尼', '斯嘉丽·约翰逊', '查德维克·博斯曼', '塞巴斯蒂安·斯坦', '唐·钱德尔', '汤姆·希德勒斯顿', '安东尼·麦凯', '本尼迪克特·王', '戴夫·巴蒂斯塔', '布莱德利·库珀', '范·迪塞尔', '凯伦·吉兰', '利蒂希娅·赖特', '庞·克莱门捷夫', '凯莉·库恩', '汤姆-沃恩-劳勒', '海登·瓦尔希', '迈克尔·詹姆斯·肖', '泰瑞·诺塔里', '本尼西奥·德尔·托罗', '彼特·丁拉基', '罗斯·马昆德', '丹娜·奎里拉', '温斯顿·杜克', '弗洛伦丝·卡松巴', '塞缪尔·杰克逊', '雅各布·巴特朗', '斯坦·李']",['复仇者联盟3：无限战争 Avengers: Infinity War'],"['动作', '科幻', '奇幻', '冒险']",['8.1'],['589704'],[' 英语']
[' 美国 / 中国大陆 / 法国 / 挪威'],['克里斯托弗·麦奎里'],['147'],"['08', '07']","['汤姆·克鲁斯', '亨利·卡维尔', '文·瑞姆斯', '西蒙·佩吉', '丽贝卡·弗格森', '西恩·哈里斯', '安吉拉·贝塞特', '凡妮莎·柯比', '米歇尔·莫纳汉', '韦斯·本特利', '费雷德里克·施密特', '亚历克·鲍德温', '杨亮', '克里斯托弗·约纳尔', '沃尔夫·布利策', '拉斐尔·琼勒', '安德鲁·卡扎纳夫·平', '克里斯多夫·德·舒瓦西', '拉裴尔·德普雷', '让·巴普蒂斯特·菲永', '马克斯·盖勒', '奥利维尔·体班德', '亚历山大·普尔', '阿利克斯·贝纳泽什', '乔伊·安沙', '维利贝·托皮奇', '格雷厄姆·福克斯', '卡斯珀·菲利普森', '菲恩·乔利', '鲁斯·贝恩', '奈杰尔·艾伦']",['碟中谍6：全面瓦解 Mission: Impossible - Fallout'],"['动作', '惊悚', '冒险']",['8.1'],['383874'],[' 英语 / 法语']
[' 美国'],"['菲尔·约翰斯顿', '瑞奇·摩尔']",['112'],"['11', '11']","['约翰·C·赖利', '萨拉·西尔弗曼', '盖尔·加朵', '塔拉吉·P·汉森', '杰克·麦克布瑞尔', '简·林奇', '艾伦·图代克', '阿尔弗雷德·莫里纳', '艾德·奥尼尔', '肖恩·吉布朗尼', '弗卢拉·博格', '蒂莫西·西蒙斯', '黄阿丽', '韩秘书·布雷克', '葛洛泽尔·格林', '瑞贝卡·薇索基', '山姆·理查森', '雅布其·杨-怀特', '莫里斯·拉马奇', '梅丽莎·维拉斯诺', '凯蒂·洛斯', '贾米·埃曼', '霍拉提奥·桑斯', '亚历克斯·莫法特', '琼·斯奎布', '德拉·萨巴', '菲尔·约翰斯顿', '约翰·迪·玛吉欧', '瑞奇·摩尔', '科琳·巴林杰', '达尼·费尔南德斯', '蒂芙妮·赫雷拉', '阿娜·奥缇兹', '迪安娜·阿格隆', '杰森·曼兹沃克斯', '雷蒙德·S·佩尔西', '伏霞', '罗杰·克莱格·史密斯', '蒂姆·艾伦', '布拉德·加内特', '安东尼·丹尼尔斯', '科里·伯顿', '范·迪塞尔', '维韦卡·波林', '迈克·吉亚奇诺', '凯文·迪特斯', '尼可·斯彻金格', '丹·雷诺斯', '艾琳·贝达', '克里斯汀·贝尔', '裘蒂·班森', '奥丽伊·卡瓦洛', '詹妮弗·黑尔', '凯特·希金斯', '琳达·拉金', '凯莉·麦克唐纳', '伊迪娜·门泽尔', '曼迪·摩尔', '佩吉·奥哈拉', '帕米拉·里本', '阿尼卡·诺尼·罗斯', '温明娜', '珍妮卡·贝尔格雷', '比尔·哈德尔']",['无敌破坏王2：大闹互联网 Ralph Breaks the Internet'],"['喜剧', '动画', '奇幻', '冒险']",['8.1'],['232283'],[' 英语']
[' 美国'],['马克·福斯特'],['104'],['08'],"['伊万·麦克格雷格', '海莉·阿特维尔', '勃朗特·卡迈克尔', '马克·加蒂斯', '奥利弗·福德·戴维斯', '阿德里安·斯卡伯勒', '罗杰·阿什顿-格里菲斯', '阿曼达·劳伦斯', '凯蒂·卡迈克尔', '特里斯坦·斯特罗克', '保罗·查希迪', '迈克尔·吉恩', '舒雅德·法瑞斯', '马特·贝里', '西蒙·法纳比', '麦肯锡·克鲁克', '吉姆·库宁斯', '布拉德·加内特', '尼克·穆罕默德', '彼得·卡帕尔迪', '苏菲·奥康内多', '托比·琼斯', '李·阿斯奎斯-柯', '罗伊·贝克', '金塔雷·贝尼奥拉维特', '贝恩·科拉科', '托马斯·派登', '库姆德·潘特', '理查德·谢尔曼', '彼得·辛格', '卡罗尔·斯蒂尔', '艾薇·维']",['克里斯托弗·罗宾 Christopher Robin'],"['喜剧', '动画', '冒险']",['8.0'],['21729'],[' 英语']
[' 日本'],['石田祐康'],['117'],['08'],"['北香那', '苍井优', '钉宫理惠', '潘惠美', '福井美树', '能登麻美子', '久野美咲', '西岛秀俊', '竹中直人']",['企鹅公路 ペンギン・ハイウェイ'],"['动画', '奇幻', '冒险']",['7.9'],['12401'],[' 日语']
[' 美国'],['布拉德·伯德'],['118'],"['06', '06']","['格雷格·T·尼尔森', '霍利·亨特', '莎拉·沃威尔', '赫克·米尔纳', '伊莱·富西尔', '凯瑟琳·基纳', '塞缪尔·杰克逊', '伊莎贝拉·罗西里尼', '鲍勃·奥登科克', '布拉德·伯德', '索菲亚·布什', '乔纳森·班克斯', '约翰·拉岑贝格', '金伯利·阿代尔·克拉克', '托亚·特纳']",['超人总动员2 Incredibles 2'],"['喜剧', '动作', '动画', '冒险']",['7.9'],['178090'],[' 英语']
[' 西班牙 / 法国'],['Salvador Simó'],['80'],['10'],[],['布努埃尔之神龟迷宫 Buñuel en el laberinto de las tortugas'],"['动画', '冒险']",['7.8'],['183'],[' 西班牙语 / 法语']
[' 中国大陆'],['孙海鹏'],['98'],['08'],"['杨光普照', '孟宇', '张喆', '郭政建']",['美食大冒险之英雄烩'],"['动作', '动画', '冒险']",['7.7'],['1889'],[' 汉语普通话']
[' 法国 / 西班牙 / 罗马尼亚 / 美国 / 比利时'],['雅克·欧迪亚'],['121'],"['09', '10']","['约翰·C·赖利', '杰昆·菲尼克斯', '杰克·吉伦哈尔', '里兹·阿迈德', '卡罗尔·凯恩', '鲁特格尔·哈尔', '克瑞德·布拉顿', '约翰内斯·豪克尔·约翰内森', '尼尔斯·阿贺斯图普', '莱克茜·本博-哈特', '丽贝卡·鲁特', '菲利普·罗施', '邓肯·拉克鲁瓦', '伊恩·雷迪丁顿', '阿尔多·马兰']",['希斯特斯兄弟 The Sisters Brothers'],"['犯罪', '西部', '冒险']",['7.7'],['8255'],[' 英语']
[' 美国 / 澳大利亚'],['温子仁'],['143'],"['12', '12']","['杰森·莫玛', '艾梅柏·希尔德', '威廉·达福', '帕特里克·威尔森', '妮可·基德曼', '杜夫·龙格尔', '叶海亚·阿卜杜勒-迈丁', '特穆拉·莫里森', '林路迪', '迈克尔·比奇', '兰道尔·朴', '格拉汉姆·麦克泰维什', '雷·沃纳尔', '泰努伊·柯克伍德', '塔穆尔·柯克伍德', '丹泽尔·夸克', '卡恩·古尔杜尔', '奥蒂斯·丹吉', '克考亚·克库毛诺', '朱莉·安德鲁斯', '约翰·瑞斯-戴维斯', '杰曼·翰苏', '索菲亚·福雷斯特', '娜塔莉亚·姗福瑞', '杰克·安德鲁', '汉克·阿莫斯', '帕特里克·考克斯', '罗伯特·朗斯特里特', '德维卡·帕利赫', '梅布尔·塔莫内', '文森特·B·拉戈斯', '加布里埃拉·佩特科娃', '爱丽丝·兰斯伯里', '帕特里克·艾奇逊', '约翰·盖蒂尔', '塔丽亚·杰德·霍尔特', '罗斯·克纳汉', '布拉登·刘易斯', '萨尔瓦多·梅伦达', '山姆·莫纳汉', '温妮·穆赞贝', '凯·潘塔诺', '安娜·帕奇', '乔恩·奎斯蒂德', '迪伦·斯图默', '米奇·武尔夫']",['海王 Aquaman'],"['动作', '奇幻', '冒险']",['7.6'],['606175'],[' 英语 / 毛利语 / 意大利语 / 俄语']
[' 法国 / 卢森堡 / 美国'],['亚历山大·埃斯皮加雷斯'],['85'],"['01', '03']","['拉斐尔·佩尔索纳', '维尔日妮·埃菲拉', '多米尼克·皮侬', '弗朗兹·康菲艾克', '克莱尔·巴拉达特', 'Laurent Natrella', '尼克·奥弗曼', '拉什达·琼斯', '保罗·吉亚玛提', '史蒂芬·克雷默·格利克曼', '艾迪·斯皮尔斯', '弗卢拉·博格', '大卫·博特', '汤姆·莫顿']",['白牙 Croc-Blanc'],"['动画', '冒险']",['7.6'],['2007'],[' 法语 / 英语']
[' 美国'],['彼得·哈钦斯'],['97'],['10'],"['阿萨·巴特菲尔德', '麦茜·威廉姆斯', '妮娜·杜波夫', '佩顿·李斯特', '泰勒·霍奇林', '郑肯', '索尼亚·瓦格尔', '大卫·科恩查内', '泰塔斯·伯吉斯', '马格特·宾汉', '科林·莫斯', '罗丝玛丽·霍华德', '布丽亚娜·范思克思']",['终点到达 Then Came You'],"['剧情', '喜剧', '冒险']",['7.5'],['3259'],[' 英语']
[' 日本'],['长峰达也'],['100'],['12'],"['野泽雅子', '堀川亮', '中尾隆圣', '岛田敏', '古川登志夫', '久川绫', '山寺宏一', '森田成一', '水树奈奈', '杉田智和', '宝龟克寿']",['龙珠超：布罗利 ドラゴンボール超 ブロリー'],"['动作', '动画', '奇幻', '冒险']",['7.4'],['24581'],[' 日语']
[' 美国'],"['凯瑞·柯克帕特里克', '杰森·雷西格']",['96'],"['10', '09']","['查宁·塔图姆', '詹姆斯·柯登', '赞达亚', '勒布朗·詹姆斯', '科曼', '吉娜·罗德里格兹', '丹尼·德维托', '吉米·塔特罗', '雅拉·沙希迪', '伊利·亨利']",['雪怪大冒险 Smallfoot'],"['喜剧', '动画', '歌舞', '冒险']",['7.4'],['17239'],[' 英语']
[' 日本'],['福田雄一'],['135'],['08'],"['小栗旬', '菅田将晖', '桥本环奈', '柳乐优弥', '吉泽亮', '三浦春马', '洼田正孝', '室毅', '长泽雅美', '冈田将生', '木村绿子', '佐藤二朗', '中村勘九郎', '堂本刚', '堤真一', '胜地凉', '夏菜', '户塚纯贵', '立木文彦']",['银魂2 銀魂2 掟は破るためにこそある'],"['喜剧', '动作', '冒险']",['7.4'],['22258'],[' 日语']
[' 美国'],['大卫·雷奇'],['119'],['05'],"['瑞恩·雷诺兹', '乔什·布洛林', '朱利安·迪尼森', '斯蒂芬·卡皮契奇', '莎姬·贝兹', 'T·J·米勒', '莱斯利·格塞斯', '卡兰·索尼', '布里安娜·希德布兰德', '莫蕾娜·巴卡琳', '杰克·凯西', '埃迪·马森', '忽那汐里', '兰德尔·瑞德', '尼古莱·维切尔', '赛尔·哈里斯', '罗伯·德兰尼', '刘易斯·谭', '比尔·斯卡斯加德', '泰瑞·克鲁斯', '布拉德·皮特', '罗伯特·梅耶', '艾伦·图代克', '马特·达蒙', '海莉·塞尔斯', '麦克·多普德', '卢克·勒斯勒尔', '亨特·狄龙', '大卫·雷奇', '山姆·哈格雷夫', '尼古拉斯·霍尔特']",['死侍2：我爱我家 Deadpool 2'],"['喜剧', '动作', '科幻', '冒险']",['7.3'],['284288'],[' 英语']
[' 美国'],['大卫·雷奇'],['119'],['05'],"['瑞恩·雷诺兹', '乔什·布洛林', '朱利安·迪尼森', '斯蒂芬·卡皮契奇', '莎姬·贝兹', 'T·J·米勒', '莱斯利·格塞斯', '卡兰·索尼', '布里安娜·希德布兰德', '莫蕾娜·巴卡琳', '杰克·凯西', '埃迪·马森', '忽那汐里', '兰德尔·瑞德', '尼古莱·维切尔', '赛尔·哈里斯', '罗伯·德兰尼', '刘易斯·谭', '比尔·斯卡斯加德', '泰瑞·克鲁斯', '布拉德·皮特', '罗伯特·梅耶', '艾伦·图代克', '马特·达蒙', '海莉·塞尔斯', '麦克·多普德', '卢克·勒斯勒尔', '亨特·狄龙', '大卫·雷奇', '山姆·哈格雷夫', '尼古拉斯·霍尔特']",['死侍2：我爱我家 Deadpool 2'],"['喜剧', '动作', '科幻', '冒险']",['7.3'],['284377'],[' 英语']
[' 美国'],['佩顿·里德'],['118'],"['08', '07']","['保罗·路德', '伊万杰琳·莉莉', '迈克尔·佩纳', '汉娜·乔恩-卡门', '沃尔顿·戈金斯', '鲍比·坎纳瓦尔', '朱迪·格雷尔', 'T.I.', '大卫·达斯马齐连', '艾比·莱德·弗特森', '兰道尔·朴', '米歇尔·菲佛', '劳伦斯·菲什伯恩', '迈克尔·道格拉斯', '戈兰·卡斯蒂克', '罗布·阿切尔', '肖恩·克莱尔', '本·戴维斯', '迈克尔·瑟沃瑞斯', '达克斯·格里芬', '海莉·洛维特', '玛德琳·麦格劳', '蒂姆·海德克', '布莱恩·赫斯基', '朱莉娅·维拉', '布莱恩·卢戈', '托里·沃格尔', '汤姆·夏普林', '斯坦·李', '约瑟夫·阿梅', '安迪·阿尼斯', '威廉·W·巴伯', '玛塞拉·布拉吉奥', '塞尔吉奥·布里奥内斯', '乔·布卡罗三世', '蒂莫西·卡尔', '贾迈尔·钱伯斯', '扎卡里·卡伯森', '雅各布·埃文斯', '米歇尔·方', '盖尔·甘布尔', '克里斯·加恩', '约翰·盖蒂尔', '杰克·汉森', '卡茜·亨德利']",['蚁人2：黄蜂女现身 Ant-Man and the Wasp'],"['动作', '科幻', '冒险']",['7.3'],['345169'],[' 英语']
[' 美国 / 爱尔兰 / 法国 / 加拿大'],['Richard Lanni'],['84'],['04'],"['海伦娜·伯翰·卡特', '罗根·勒曼', '热拉尔·德帕迪约']",['斯塔比中士：一个美国英雄 Sgt. Stubby: An American Hero'],"['动画', '历史', '战争', '冒险']",['7.2'],['212'],[' 英语']
[' 中国大陆'],['韩延'],['132'],['06'],"['李易峰', '迈克尔·道格拉斯', '周冬雨', '曹炳琨', '王戈', '苏可']",['动物世界'],"['剧情', '动作', '冒险']",['7.2'],['364411'],[' 汉语普通话 / 英语']
[' 美国 / 英国'],['大卫·叶茨'],['134'],['11'],"['埃迪·雷德梅恩', '凯瑟琳·沃特斯顿', '约翰尼·德普', '裘德·洛', '埃兹拉·米勒', '丹·福勒', '艾莉森·萨多尔', '佐伊·克罗维兹', '卡勒姆·特纳', '金秀贤', '威廉·纳迪兰', '凯文·格思里', '卡门·艾乔戈', '沃尔夫·罗特', '德里克·里德尔', '科内尔·约翰', '英格瓦·埃盖特·西古德松', '波佩·科比-特曲', '西蒙·米考克', '大卫·樱井', '维多利亚·耶茨', '奥拉维尔·达里·奥拉夫松', '大卫·威尔莫特', '艾德·高根', '奥莉维亚·波皮卡', '阿尔菲·西蒙斯', '菲奥娜·格拉斯科特', '杰米·坎贝尔·鲍尔', '托比·瑞格波', '约书亚·谢伊', '布隆蒂斯·佐杜洛夫斯基', '杰西卡·威廉姆斯', '欧文·弗热瑞', '休·夸希', '塔希尔·布尔汉', '迈克尔·科布', '萨比恩·克洛森', '亚历珊德拉·福特', '肖恩·吉斯灵厄姆', '通恰伊·古奈什', '迈克尔·海登', '露丝·霍洛克斯', '泰·赫尔利', '纳西尔·贾玛', '卡米尔·雷米泽斯基', '迪诺·布加迪']",['神奇动物：格林德沃之罪 Fantastic Beasts: The Crimes of Grindelwald'],"['奇幻', '冒险']",['7.1'],['317543'],[' 英语']
[' 美国 / 英国 / 澳大利亚'],['威尔·古勒'],['95'],"['03', '02']","['詹姆斯·柯登', '多姆纳尔·格里森', '萝丝·拜恩', '伊丽莎白·德比茨基', '玛格特·罗比', '黛西·雷德利', '科林·穆迪', '山姆·尼尔', '希雅', '伊文·莱斯利', '费萨尔·巴齐', '克里斯蒂安·加扎尔', '玛丽安娜·琼-巴普蒂斯特', '加雷斯·戴维斯', '山姆·哈夫特', '萨莎·霍勒', '娜塔丽·朱', '特伦尼娅·爱德华兹', '费利克斯·威廉森', '许明珠', '布莱恩·布朗', '蕾切尔·沃德', '大卫·文翰', '威尔·赖歇尔特']",['比得兔 Peter Rabbit'],"['喜剧', '动画', '冒险']",['7.1'],['68757'],[' 英语']
[' 中国大陆 / 美国'],"['赵锐', '克里斯托弗·詹金斯']",['90'],"['03', '08']","['赵路', '武皓栋', '殷筱瑜', '金蝉妃', '童自荣', '吴磊', '赵乾景', '李传缨', '姜玉玲', '曹真', '王肖兵']",['妈妈咪鸭'],"['喜剧', '动画', '家庭', '冒险']",['7.1'],['16885'],[' 汉语普通话 / 英语']
[' 美国 / 中国大陆'],['特拉维斯·奈特'],['114'],['12'],"['海莉·斯坦菲尔德', '小豪尔赫·兰登伯格', '约翰·塞纳', '杰森·德鲁克', '帕梅拉·阿德龙', '斯蒂芬·施耐德', '里卡多·霍约斯', '约翰·奥提兹', '格林·特鲁曼', '兰·卡琉', '格蕾丝·达斯恩妮', '弗里德·杜莱尔', '蓝尼·雅各布森 ', '梅金·普莱斯', '萨钦·巴特', '蒂姆·马丁·格里森', '安东尼奥·查丽蒂', '艾德文·霍德吉', '拉斯·斯兰德', '迪伦·奥布莱恩', '彼特·库伦', '安吉拉·贝塞特', '贾斯汀·塞洛克斯', '大卫·索博洛夫', '格蕾·德丽斯勒', '史蒂夫·布卢姆', '安德鲁·莫尔加多', '威廉·W·巴伯', '罗伯特·切斯纳特', '米歇尔·方', '克里斯蒂安·哈切森', '里克·理查森', '瓦内萨·罗斯', '波士顿·拉什·弗里曼', '托尼·托斯特', '迪娜·特鲁迪', '艾蒂安·维克']",['大黄蜂 Bumblebee'],"['动作', '科幻', '冒险']",['7.0'],['264890'],[' 英语']
[' 冰岛'],['乔·佩那'],['97'],['05'],"['麦斯·米科尔森', '玛丽亚·塞尔玛·玛拉多提尔']",['北极 Arctic'],"['剧情', '冒险']",['7.0'],['2829'],[' 英语 / 丹麦语']
[' 法国'],['吉勒斯·戴·迈斯特'],['98'],['12'],"['丹尼·戴·维利尔斯', '梅拉尼·罗兰', '兰利·柯克伍德', '赖恩·麦克·伦南', '布兰登·奥雷']",['米娅和白狮 Mia et le Lion Blanc'],"['家庭', '冒险']",['7.0'],['453'],[' 法语']
[' 俄罗斯'],['埃格尔·巴拉诺夫'],['144'],['08'],"['帕维尔·杰列维扬科', '欧列格·缅希科夫', '亚历山大·佩特罗夫', '叶夫根尼·斯迪查金', '玛尔塔·蒂莫菲娃', '泰西娅·维尔科娃']",['果戈里·复仇 Гоголь. Страшная месть'],"['悬疑', '惊悚', '奇幻', '冒险']",['6.9'],['566'],[' 俄语']
[' 中国大陆'],"['阿迪夏·夏热合曼', '周军']",['94'],['09'],"['海拉提·哈木', '玛尔江·巴依吐肯', '丽娜·夏侃']",['远去的牧歌'],"['剧情', '西部', '冒险']",['6.9'],['1000'],[' 汉语普通话']
[' 西班牙 / 比利时 / 法国 / 葡萄牙 / 英国'],['特瑞·吉列姆'],['132'],"['05', '06']","['亚当·德赖弗', '欧嘉·柯瑞兰寇', '乔纳森·普雷斯', '斯特兰·斯卡斯加德', '奥斯卡·贾恩那达', '杰森·沃特金斯', '塞尔希·洛佩斯', '詹迪·莫拉', '特瑞·吉列姆', '霍威克·库区科利安', '阿尔维托·乔·李', '威廉·米勒', '萝西·德·帕尔马', '布鲁诺·塞维利亚']",['这个男人来自疯狂世界 El hombre que mató a Don Quijote'],"['剧情', '喜剧', '奇幻', '冒险']",['6.9'],['1789'],[' 英语 / 西班牙语']
[' 美国'],['朗·霍华德'],['135'],"['05', '05']","['阿尔登·埃伦瑞奇', '艾米莉亚·克拉克', '伍迪·哈里森', '唐纳德·格洛弗', '保罗·贝坦尼', '乔纳斯·索塔莫', '菲比·沃勒-布里奇', '沃维克·戴维斯', '坦迪·牛顿', '克林特·霍华德', '伊安·肯尼', '理查德·迪克森']",['游侠索罗：星球大战外传 Solo: A Star Wars Story'],"['动作', '科幻', '冒险']",['6.9'],['43742'],[' 英语']
[' 日本'],['矢岛哲生'],['97'],['07'],"['松本梨香', '大谷育江', '林原惠美', '三木真一郎', '犬山犬子', '石冢运升', '川荣李奈', '芦田爱菜', '滨田岳', '大仓孝二', '中川翔子', '野泽雅子', '山寺宏一']",['精灵宝可梦：大家的故事 劇場版 ポケットモンスター みんなの物語'],"['动画', '奇幻', '冒险']",['6.9'],['2231'],[' 日语']
[' 英国 / 美国'],['约翰·斯蒂文森'],['86'],"['07', '03', '05']","['詹姆斯·麦卡沃伊', '艾米莉·布朗特', '约翰尼·德普', '切瓦特·埃加福特', '玛丽·布莱姬', '迈克尔·凯恩', '玛吉·史密斯', '凯利·阿斯博瑞', '德克斯特·弗莱彻', '马特·卢卡斯', '斯戴芬·莫昌特', '奥兹·奥斯朋', '罗莎莉·克雷格', '詹米·德米特鲁', '史蒂夫·汉密尔顿·肖', '吴汉章', '阿什利·詹森', '斯蒂芬·怀特', '朱丽·沃特斯', '理查德·威尔逊']",['淘气大侦探 Sherlock Gnomes'],"['喜剧', '动画', '冒险']",['6.9'],['2527'],[' 英语']
[' 美国'],['彼得·博格'],['94'],['08'],"['马克·沃尔伯格', '劳伦·科汉', '伊科·乌艾斯', '约翰·马尔科维奇', '龙达·鲁西', '卡尔洛·阿尔班', '娜塔莎·古布斯卡亚', '李彩麟', '山姆·麦地那', '基思·阿瑟·鲍顿', '比利·史密斯', '米凯·霍姆斯', '艾米莉· 斯凯格斯', '特里·金尼', '普娜·贾甘纳坦', '彼得·博格', '埃尔·格雷厄姆', '尼古拉·尼克拉斐', '大卫·加雷利克', '肖恩·艾弗里', '特雷弗·格雷茨基', '里奇·拉瑟福德', '亚历山德拉·维诺', '约翰·盖蒂尔', '萨姆·鲁克', '迈克尔·皮耶里诺·米勒', '巴拉克·奥巴马', '里克·佩雷斯', '帕蒂·舍尔哈斯', '唐纳德·特朗普', '瑞文·韦恩']",['22英里 Mile 22'],"['动作', '犯罪', '冒险']",['6.8'],['14464'],[' 英语 / 俄语 / 印度尼西亚语']
[' 美国 / 西班牙'],['胡安·安东尼奥·巴亚纳'],['128'],"['06', '06']","['克里斯·帕拉特', '布莱丝·达拉斯·霍华德', '贾斯蒂斯·史密斯', '伊莎贝拉·瑟蒙', '拉菲·斯波', '托比·琼斯', '泰德·拉文', '詹姆斯·克伦威尔', '黄荣亮', '丹妮艾拉·皮内达', '杰拉丁·卓别林', '杰夫·高布伦', '卡米尔·雷米泽斯基', '丹尼尔·斯蒂森', '皮特·杰森', '迈克尔·帕帕约翰', '罗伯特·埃姆斯', '罗南·萨莫尔斯', '麦克斯·贝克', '丹尼尔·厄根', '戴维·奥拉瓦莱·阿印德']",['侏罗纪世界2 Jurassic World: Fallen Kingdom'],"['动作', '科幻', '冒险']",['6.7'],['281409'],[' 英语']
[' 中国大陆'],['吴有音'],['117'],['02'],"['赵又廷', '杨子姗']",['南极之恋'],"['爱情', '冒险']",['6.7'],['80068'],[' 汉语普通话']
[' 中国大陆'],"['丁亮', '林汇达']",['89'],['02'],"['张伟', '张秉君', '谭笑']",['熊出没·变形记'],"['喜剧', '动画', '冒险']",['6.7'],['11108'],[' 汉语普通话']
[' 法国 / 卢森堡 / 加拿大'],['Juan Antin'],['72'],['12'],"['Andrea Santamaria', 'India Coenen', 'Saïd Amadis', '玛丽-克莉丝汀·达哈', 'Vincent Ropion']",['大地母亲 Pachamama'],"['动画', '奇幻', '冒险']",['6.6'],['73'],[' 法语 / 英语']
[' 德国'],['Philipp Hirsch'],['101'],['10'],"['保罗·勒克斯', 'Enno Trebs', 'Tijan Marei']",['绿野迷踪 Raus'],"['剧情', '悬疑', '惊悚', '冒险']",['6.6'],['94'],[' 德语']
[' 美国 / 南非 / 韩国 / 澳大利亚'],['瑞恩·库格勒'],['134'],"['03', '02']","['查德维克·博斯曼', '露皮塔·尼永奥', '迈克尔·B·乔丹', '丹娜·奎里拉', '马丁·弗瑞曼', '丹尼尔·卡卢亚', '利蒂希娅·赖特', '温斯顿·杜克', '斯特林·K·布朗', '安吉拉·贝塞特', '福里斯特·惠特克', '安迪·瑟金斯', '弗洛伦丝·卡松巴', '约翰·卡尼', '大卫·S·李', '娜比娅·毕']",['黑豹 Black Panther'],"['动作', '科幻', '冒险']",['6.5'],['332248'],[' 斯瓦希里语 / 英语 / 科萨语 / 韩语']
[' 俄罗斯'],['埃格尔·巴拉诺夫'],['100'],['04'],"['亚历山大·佩特罗夫', '欧列格·缅希科夫', '谢尔盖·巴杜克', '尤丽雅·弗朗茨', '叶夫根尼·斯迪查金', '叶夫根尼·西蒂', '阿尔乔姆·特卡琴科', '阿列克谢·沃特考夫', '泰西娅·维尔科娃', '基里尔·扎耶采夫']",['果戈里·恶灵 Гоголь. Вий'],"['悬疑', '惊悚', '冒险']",['6.5'],['859'],[' 俄语']
[' 美国'],['艾尔伯特·休斯'],['96'],"['09', '08']","['柯蒂·斯密特-麦菲', '恰克', '约翰内斯·豪克尔·约翰内森', '娜塔莎·迈尔兹', '蕾奥娜·维埃拉', '延斯·赫尔腾', '梅赛德斯·德拉泽尔达', '普里亚·拉贾拉特南', '斯潘塞·博加特', '帕特里克·弗拉纳根', '迈克尔·克鲁斯-代赫勒', '马辛·科瓦奇克']",['阿尔法：狼伴归途 Alpha'],"['剧情', '冒险']",['6.5'],['29282'],[' 英语']
[' 日本'],['今井一晓'],['109'],"['06', '03']","['水田山葵', '大原惠美', '嘉数由美', '木村昴', '关智一', '三石琴乃', '松本保典', '荻野志保子', '金元寿子', '山下大辉', '折笠富美子', '悠木碧', '大友龙三郎', '早见沙织', '胜杏里', '乃村健次', '鸟海胜美', '陶山章央', '龟井芳子', '一条和矢', '渡边宜嗣', '高桥茂雄', '长泽雅美', '大泉洋']",['哆啦A梦：大雄的金银岛 ドラえもん のび太の宝島'],"['动画', '奇幻', '冒险']",['6.5'],['29147'],[' 日语']
[' 法国 / 美国 / 英国'],['大卫·科尔'],['89'],"['11', '10', '10']","['罗温·艾金森', '本·米勒', '欧嘉·柯瑞兰寇', '杰克·莱西', '艾玛·汤普森', '米兰达·亨妮莎', '亚当·詹姆斯', '萨曼莎·罗素', '大卫·穆梅尼', '通恰伊·古奈什', '梶冈润一', '埃迪·奥康奈尔', '尼克·欧文福特', '马修·比尔德']",['憨豆特工3 Johnny English Strikes Again'],"['喜剧', '动作', '冒险']",['6.4'],['58720'],[' 英语']
[' 美国'],['布拉德·佩顿'],['107'],['04'],"['道恩·强森', '娜奥米·哈里斯', '杰弗里·迪恩·摩根', '玛琳·阿克曼', '杰克·莱西', '乔·曼根尼罗', '玛丽·谢尔顿', 'P·J·伯恩', '德米垂斯·格罗斯', '杰克·奎德', '布里安·希尔', '马特·杰拉德', '李威尹', '尤里亚·费伯', '布鲁斯·布莱克希尔', '杰森·莱尔斯', '马克·威尔斯', '阿莉莎·布鲁克', '亚当·希泰凯尔', '加里·维克斯', '阿诺德·陈']",['狂暴巨兽 Rampage'],"['动作', '科幻', '冒险']",['6.4'],['116402'],[' 英语']
[' 美国 / 新西兰'],['克里斯蒂安·瑞沃斯'],['128'],['12'],"['海拉·西尔玛', '雨果·维文', '金吉', '罗伯特·席安', '莱拉·乔治', '史蒂芬·朗', '弗兰基·亚当斯', '凯伦·皮斯托里斯', '科林·萨蒙', '安德鲁斯·李斯', '莎拉·慕恩', '罗南·拉夫特瑞', '乔尔·托贝克', '帕特里克·麦拉海德', '史蒂芬·乌瑞', '马尼克·古纳拉塔尼', '菲利普·里夫', '纳撒尼尔·利斯', '雷吉-让·佩吉', '卡卢姆·吉廷斯', '安佑森', '马克·哈德洛', '马克米钦森', '索菲·考克斯', '莎拉·皮尔斯', '奇·陈', '约瑟夫·米卡-亨特', '特里·诺瑞斯', '安龙·杰克森', '梅根·爱德华兹', '尼克·布雷克', '玛丽亚·沃克', '阿曼·韦弗', '玛德琳·亚当斯', '马丁·郭', '罗德尼·库克']",['掠食城市 Mortal Engines'],"['动作', '科幻', '冒险']",['6.4'],['39932'],[' 英语']
[' 美国'],['罗森·马歇尔·瑟伯'],['102'],"['07', '07']","['道恩·强森', '内芙·坎贝尔', '黄经汉', '罗兰·默勒', '麦肯纳·罗伯茨', '诺亚·科特雷尔', '诺亚·泰勒', '巴勃罗·施瑞博尔', '凯文·兰金', '昆凌', '文峰', '马特·欧莱瑞', '比特里斯·金', '马志', '保罗·麦克吉莱恩', '吴嘉星', '艾德里安·霍姆斯', '维努斯·特雷佐', '杰特·克莱恩', '拜伦·劳森', '关永扬', '法比欧·塔索恩', '卡洛·余']",['摩天营救 Skyscraper'],"['动作', '惊悚', '冒险']",['6.3'],['127486'],[' 英语 / 粤语 / 汉语普通话']
[' 美国'],['马特·皮特斯'],['77'],['07'],"['迪·布拉雷·贝克尔', '特罗伊·贝克', '格蕾·德丽斯勒', '诺兰·诺斯', '卡里·佩顿', '艾莉森·斯通勒', '特雷弗·德瓦', '斯科特·门维尔', '乔纳森·亚当斯', '弗雷德·塔特西奥', '艾瑞克·鲍扎', '苏珊·爱森伯格']",['乐高DC超级英雄：亚特兰蒂斯之怒 Lego DC Comics Super Heroes: Aquaman - Rage of Atlantis'],"['动画', '冒险']",['6.3'],['1398'],[' 英语']
[' 美国'],['安迪·瑟金斯'],['104'],"['11', '12']","['本尼迪克特·康伯巴奇', '克里斯蒂安·贝尔', '凯特·布兰切特', '安迪·瑟金斯', '娜奥米·哈里斯', '汤姆·霍兰德', '杰克·莱诺', '罗翰·昌德', '埃迪·马森', '彼得·穆兰', '芙蕾达·平托', '马修·瑞斯', '路易斯·阿什伯恩·瑟金斯']",['森林之子毛克利 Mowgli'],"['剧情', '冒险']",['6.3'],['2381'],[' 英语']
[' 英国 / 法国 / 美国'],['尼克·帕克'],['89'],"['10', '01', '01']","['汤姆·希德勒斯顿', '埃迪·雷德梅恩', '麦茜·威廉姆斯', '蒂莫西·斯波', '理查德·艾欧阿德', '马克·威廉姆斯', '尼克·帕克', '米瑞安·玛格莱斯', '罗伯·布莱顿', '约翰尼·维加斯', '凯万·诺瓦克', '瑟莉娜·格里菲斯', '西蒙·格林诺', '吉娜·亚谢尔', '卢克·沃尔顿', '凯文·马塔迪恩', '理查德·韦伯']",['无敌原始人 Early Man'],"['喜剧', '动画', '冒险']",['6.2'],['5039'],[' 英语']
[' 中国大陆'],['王微'],['105'],['04'],"['李宇峰', '杨砚铎', '周华健', '张喆', '陈霖生']",['猫与桃花源'],"['动画', '家庭', '冒险']",['6.2'],['5051'],[' 汉语普通话']
[' 德国'],['丹尼斯·甘塞尔'],['110'],['03'],"['雪莉·麦克雷恩', '米兰·佩舍尔', '乌韦·奥克森克内希特', '米夏埃尔·赫尔比希', '亨宁·鲍姆', '克里斯托夫·玛丽亚·赫布斯特', '安妮特·弗埃尔', '托马斯·弗里斯奇', '唐汉平', '关永扬', '朱迪·温特', 'Volker Michalowski', 'Rick Kavanian', 'Maverick Quek']",['吉姆与卢克司机 Jim Button and Luke the Engine Driver'],"['家庭', '奇幻', '冒险']",['6.2'],['130'],[' 德语']
[' 德国'],['丹尼斯·甘塞尔'],['110'],['03'],"['雪莉·麦克雷恩', '米兰·佩舍尔', '乌韦·奥克森克内希特', '米夏埃尔·赫尔比希', '亨宁·鲍姆', '克里斯托夫·玛丽亚·赫布斯特', '安妮特·弗埃尔', '托马斯·弗里斯奇', '唐汉平', '关永扬', '朱迪·温特', 'Volker Michalowski', 'Rick Kavanian', 'Maverick Quek']",['吉姆与卢克司机 Jim Button and Luke the Engine Driver'],"['家庭', '奇幻', '冒险']",['6.2'],['131'],[' 德语']
[' 日本'],"['阿部记之', '西片康人']",['99'],['08'],"['梶裕贵', '雨宫天', '久野美咲', '悠木碧', '铃木达央', '福山润', '高木裕平', '坂本真绫', '杉田智和']",['七大罪：天空的囚人 劇場版 七つの大罪 天空の囚われ人'],"['动画', '奇幻', '冒险']",['6.2'],['1330'],[' 日语']
[' 美国'],['罗伯特·D·卡兹科夫斯基'],['98'],['07'],"['山姆·艾里奥特', '艾丹·特纳', '朗·里维斯顿', '凯特琳·菲茨杰拉德', '肖恩·布里吉格斯', '拉里·米勒', '阿纳斯塔西亚·齐卡那瓦', '埃拉·科尔特兰', '马克·斯达格', '里兹万·曼吉', '阿尔顿·菲茨杰拉德·怀特', '罗科·焦弗雷', '特里·霍兰德', '艾伦·弗朗西斯', '马克·隆德', '丹尼尔·B·马丁', '罗丝玛丽·霍华德']",['杀死希特勒与大脚怪的人 The Man Who Killed Hitler and Then the Bigfoot'],"['剧情', '冒险']",['6.1'],['1089'],[' 英语']
[' 美国'],['拉加·高斯内尔'],['92'],"['07', '05']","['威尔·阿奈特', '卢达克里斯', '斯坦利·图齐', '娜塔莎·雷昂', '艾伦·卡明', '加布里埃尔·伊格莱西亚斯', '沙奎尔·奥尼尔', '迪莉娅·谢泼德', '安迪·比克维奇', '奥马尔·查帕罗', '凯瑞·莎勒', '丹尼尔·厄根']",['汪星卧底 Show Dogs'],"['喜剧', '冒险']",['6.0'],['2220'],[' 英语']
[' 中国大陆 / 加拿大'],"['安恪温', '龙子乔']",['90'],['09'],"['韩莹棣', '郑海音', '冯远征', '石班瑜', '涂松岩', '杨婷', '查琳·易', '约翰·卡拉辛斯基', '杰森·苏戴奇斯', '大卫·克罗斯', '迈克尔·佩纳', '吴恬敏', '杰特·尤尔根斯米尔', '安娜·阿卡娜']",['未来机器城'],"['科幻', '动画', '冒险']",['6.0'],['3808'],[' 英语 / 汉语普通话']
[' 美国'],['Carmine Cangialosi'],['97'],['09'],"['吉娜·格申', '汤姆·贝伦杰', '佩内洛普·安·米勒', '凯斯·大卫']",['鳏夫跨美旅 American Dresser'],"['剧情', '冒险']",['6.0'],['115'],[' 英语']
[' 美国'],['罗阿尔·乌索格'],['118'],['03'],"['艾丽西亚·维坎德', '多米尼克·威斯特', '沃尔顿·戈金斯', '吴彦祖', '克里斯汀·斯科特·托马斯', '汉娜·乔恩-卡门', '尼克·弗罗斯特', '德里克·雅各比', '安东尼奥·阿克儿', '亚历山大·维尧姆', '杰美·温斯顿', '迈克尔·奥拜奥拉', '艾米丽·凯里', '肯尼思·霍']",['古墓丽影：源起之战 Tomb Raider'],"['动作', '冒险']",['6.0'],['119059'],[' 英语']
[' 美国'],"['拉斯·霍尔斯道姆', '乔·庄斯顿']",['99'],['11'],"['麦肯吉·弗依', '摩根·弗里曼', '凯拉·奈特莉', '马修·麦克费登', '海伦·米伦', '艾丽·巴姆博', '米兰达·哈特', '欧赫尼奥·德尔维斯', '杰克·怀特霍尔', '理查德·E·格兰特', '谢尔盖·波卢宁', '欧米德·吉亚李利', '梅拉·沙尔', '尼克·穆罕默德', '杰茜·维宁', '汤姆·斯威特', '马里安·洛伦西克', '芙洛·费拉科', '丽塔-麦克唐纳丹帕', '查尔斯·斯特里特']",['胡桃夹子和四个王国 The Nutcracker And The Four Realms'],"['奇幻', '冒险']",['6.0'],['52564'],[' 英语']
[' 韩国'],['金锡允'],['120'],['02'],"['金智媛', '金明民', '吴达洙', '金汎', '李民基']",['朝鲜名侦探：吸血怪魔的秘密 조선명탐정: 흡혈괴마의 비밀'],"['喜剧', '冒险', '古装']",['5.9'],['1303'],[' 韩语']
[' 日本'],['波多野贵文'],[],['10'],"['波瑠', '西岛秀俊', '桥本爱', '中村伦也']",['仙踪乐园 オズランド\u3000笑顔の魔法おしえます。'],['冒险'],['5.9'],['210'],[' 日语']
[' 印度'],['维贾伊·克利须那·阿查里雅'],['164'],"['12', '11']","['阿米尔·汗', '卡特莉娜·卡芙', '阿米达普·巴强', '劳埃德·欧文', '阿明·阿卜杜勒·奎德', '法缇玛·萨那·纱卡', '洛尼特·罗伊', '杰奇·史洛夫', '谢恩·约翰·克鲁格', '巴拉特·巴蒂', '曼吉特·辛格', '乔·阿泽帕迪', '穆罕默德·齐尚·艾布', '瑟仁德·帕尔', '沙棘·乔杜里', '罗曼·扬科维奇']",['印度暴徒 Thugs of Hindostan'],"['喜剧', '动作', '冒险']",['5.9'],['19958'],[' 印地语']
[' 中国大陆 / 马来西亚'],['竹原青'],['100'],['09'],"['许芳铱', '帕斯卡尔·格雷戈里', '黄若熙']",['星溪的三次奇遇'],"['剧情', '奇幻', '冒险']",['5.8'],['1034'],[' 汉语普通话 / 英语']
[' 中国大陆'],['施雅雅'],['95'],['11'],"['吕佩玉', '王衡', '孙晔', '穆雪婷', '徐思琦', '吕梦瑶', '李郝瑞', '王博', '李正翔', '苏鑫', '许棕哲', '拜跃']",['恐龙王'],"['喜剧', '动画', '冒险']",['5.8'],['962'],[' 汉语普通话']
[' 埃及 / 美国 / 奥地利'],['A·B·舒基'],['97'],['05'],"['Rady Gamal', 'Ahmed Abdelhafiz', '沙希拉·法赫米', 'Mohamed Abdel Azim', 'Osama Abdallah', 'Shehab Ibrahim']",['审判日 يوم الدين'],"['剧情', '喜剧', '冒险']",['5.8'],['66'],[' 阿拉伯语']
[' 日本'],['石井岳龙'],['130'],"['06', '06']","['绫野刚', '北川景子', '东出昌大', '染谷将太', '浅野忠信', '村上淳', '若叶龙也', '近藤公园', '涩川清彦', '国村隼', '丰川悦司', '永濑正敏']",['朋克武士 パンク侍、斬られて候'],"['喜剧', '动作', '奇幻', '冒险']",['5.7'],['1641'],[' 日语']
[' 西班牙'],"['Norberto López Amado', 'Sara']",['115'],['02'],"['贝伦·鲁埃达', '马诺洛·卡多纳', 'Florin Opritescu', '恩里克·洛维索', '玛丽安·阿尔瓦雷斯', 'Ivan Mendes']",['莎拉的笔记本 El cuaderno de Sara'],"['惊悚', '冒险']",['5.7'],['188'],[' 西班牙语']
[' 日本'],['古泽健'],['113'],['08'],"['葵若菜', '佐野勇斗', '古畑星夏', '岐洲匠', '久间田琳加', '水石亚飞梦', '秋田汐梨', '志村玲於', '雾岛丽香', '南出凌嘉', '白川和子', '桥本润']",['青夏：恋上你的30日 青夏 きみに恋した30日'],"['剧情', '爱情', '冒险']",['5.6'],['422'],[' 日语']
[' 美国 / 印度 / 加拿大'],['伊莱·罗斯'],['104'],"['11', '09']","['杰克·布莱克', '凯特·布兰切特', '欧文·瓦卡罗', '凯尔·麦克拉克伦', '芮妮·戈兹贝里', '考林·加普', '桑尼·苏尔季克', '洛伦扎·伊佐', '布拉克斯顿·比肯', 'Vanessa Anne Williams', '查尔斯·格林', ""De'Jon Watts"", '艾伦·比尔纳', 'Christian Calloway', '伊莱·罗斯', 'Anna Chuancheun', '德梅特里·兰德尔', '佩拉·米德尔顿']",['滴答屋 The House with a Clock in its Walls'],"['喜剧', '惊悚', '奇幻', '冒险']",['5.5'],['13903'],[' 英语']
[' 意大利'],['Gianmaria Pezzato'],['53'],['01'],"['Stefano Rossi', 'Andrea Baglio', 'Aurora Moroni', 'Andrea Bonfanti', 'Gelsomina Bassetti', 'Daniele Decarli', 'Alessio Dalla Costa', 'Andrea Deanesi', 'Davide Ellena', 'Maddalena Orcali']",['伏地魔：传人的起源 Voldemort: Origins of the Heir'],"['奇幻', '冒险']",['5.5'],['4177'],[' 英语']
[' 美国 / 中国大陆'],['斯蒂文·S·迪奈特'],['111'],['03'],"['约翰·博耶加', '斯科特·伊斯特伍德', '卡莉·史派妮', '景甜', '查理·戴', '伯恩·戈曼', '张晋', '亚德里亚·霍纳', '菊地凛子', '卡兰·布拉尔', '黄恺杰', '伊万娜·萨赫诺', '新田真剑佑', '吉丽', '雪莉·罗德里格斯', '拉哈特·亚当斯', '列维·米登', '达斯汀·克莱尔', '陈梓童', '于小伟', '钱泳辰', '郭家铭', '蓝盈莹', '金桢勋', '菊池润美', '丹尼尔·弗雷里格尔', '齐柏林·汉密尔顿', '尼克·塔拉贝', '布里德基·萨蒂纳', '小蒂姆·约翰逊', '玛德琳·麦格劳', '乔什·斯坦伯', '斯蒂芬妮·阿琳', '卢克·朱迪']",['环太平洋：雷霆再起 Pacific Rim: Uprising'],"['动作', '科幻', '冒险']",['5.5'],['176839'],[' 英语 / 汉语普通话']
[' 美国'],['阿里·桑德尔'],['90'],['10'],"['温迪·麦克伦登-考威', '麦迪森·伊瑟曼', '杰里米·雷·泰勒', '郑肯', '卡里尔·哈里斯', '杰克·布莱克', '克里斯·帕内尔', '布赖斯·卡斯', '佩顿·威奇', '沙里·海德利', '克里斯蒂安·芬拉森', '马修·J·瓦斯奎斯', '考特尼·劳伦·卡明斯', '洁西·高伊', '肯德里克·克罗斯', 'R·L·斯坦', '米克·温格特', '达林·德·保罗', '肖恩·麦克米伦', '帕蒂·舍尔哈斯']",['鸡皮疙瘩2：闹鬼万圣节 Goosebumps: Haunted Halloween'],"['喜剧', '恐怖', '奇幻', '冒险']",['5.4'],['2234'],[' 英语']
[' 美国'],['韦斯·鲍尔'],['142'],['01'],"['迪伦·奥布莱恩', '卡雅·斯考达里奥', '李起弘', '托马斯·布罗迪-桑斯特', '罗莎·萨拉查', '德克斯特·达登', '艾丹·吉伦', '威尔·保尔特', '吉安卡罗·埃斯波西托', '沃尔顿·戈金斯', '派翠西娅·克拉克森', '巴里·佩珀']",['移动迷宫3：死亡解药 Maze Runner: The Death Cure'],"['动作', '科幻', '冒险']",['5.3'],['62459'],[' 英语']
[' 日本'],['元永庆太郎'],['98'],['05'],"['花江夏树', '三森铃子', '细谷佳正', '田村睦心', '吉田仁美', '榎木淳弥', '池田纯矢', '市道真央', '荒川美穗', '坂本千夏', '重松花鸟', '山口真弓', '樱井孝宏', '山田蘑菇', '松本美和', '竹内顺子', '德光由禾', '森下由树子', '浪川大辅', '青山穰', '武内骏辅', '松泽千晶', '千叶进步', '小松郁', '岩濑周平', '小林直人', '井上宝', '滨田洋平', '平田广明']",['数码宝贝大冒险tri. 第6章：我们的未来 デジモンアドベンチャー tri. 第6章 ぼくらの未来'],"['科幻', '动画', '冒险']",['5.2'],['2522'],[' 日语']
[' 俄罗斯'],"['阿列克山大·博古斯拉夫斯基', '弗朗西斯科·钦奎马尼']",['101'],['03'],"['柳波芙·阿克肖诺娃', '阿纳斯塔西亚·安尼霍夫斯卡亚', '谢尔盖·阿斯塔霍夫', '维伦·巴比切夫', '安东尼奥·班德拉斯', '米洛斯·比柯维奇', '尤里·切里辛', '叶夫根尼·斯迪查金', '佩塔尔·泽卡维卡']",['超越边缘 Za granyu realnosti'],"['动作', '奇幻', '冒险']",['5.2'],['662'],[' 俄语']
[' 中国大陆'],['马系海'],['92'],['09'],"['孙晔', '沈达威', '陶典', '刘北辰']",['大闹西游'],"['喜剧', '动画', '冒险']",['5.1'],['1390'],[' 汉语普通话']
[' 中国大陆'],"['项秋良', '项河生']",['90'],['03'],"['陈浩民', '林子聪', '范梦', '赵东昊', '王洪千', '李佳颖', '骆应钧', '李平安']",['齐天大圣·万妖之城'],"['奇幻', '冒险', '古装']",['5.1'],['2342'],[' 汉语普通话']
[' 美国'],['奥图·巴瑟赫斯特'],['116'],['11'],"['塔伦·埃格顿', '杰米·福克斯', '本·门德尔森', '伊芙·休森', '詹米·多南', '蒂姆·明钦', '保罗·安德森', 'F·默里·亚伯拉罕', '斯考特·格瑞南', '拉腊·罗西', '布乔恩·本辛森', '亚森·阿图', '乔什·赫德曼', '拉斯洛·阿隆', '罗德里克·希尔', '赖云', '埃文特·斯特朗']",['罗宾汉：起源 Robin Hood'],"['动作', '冒险']",['5.1'],['4155'],[' 英语 / 阿拉伯语']
[' 中国大陆'],['丁实'],['77'],['02'],"['刘纯燕', '张磊', '杨晨', '王逸宸', '王宁', '田波', '刘波', '张遥函', '林强', '郭政建', '闻天']",['金龟子'],"['动画', '家庭', '冒险']",['5.0'],['511'],[' 汉语普通话']
[' 美国 / 加拿大'],['沙恩·布莱克'],['107'],"['10', '09', '09']","['波伊德·霍布鲁克', '崔凡特·罗兹', '雅各布·特伦布莱', '科甘-迈克尔·凯', '奥立薇娅·玛恩', '斯特林·K·布朗', '托马斯·简', '阿尔菲·艾伦', '奥古斯托·阿奎莱拉', '杰克·布塞', '伊冯娜·斯特拉霍夫斯基', '布赖恩·A·普林斯', '麦克·多普德', '尼尔迈特', '加里·切克', '艾米·阿内克', '弗雷泽·艾奇逊', '简·波斯', '洛奇林·莫罗', '叶芳华', '里斯·威廉姆斯', '萨奇·布洛克勒班克', '肖恩·O.罗伯茨', '柯林·科里根', '帕特里克·萨邦圭', '弗雷泽·科比特', '阿隆·克拉文', '安德鲁·詹金斯']",['铁血战士 The Predator'],"['动作', '科幻', '惊悚', '冒险']",['5.0'],['40719'],[' 英语 / 西班牙语']
[' 中国大陆 / 香港'],"['叶伟青 ', '王以立 ']",['85'],['07'],[],['小悟空'],"['喜剧', '动画', '冒险']",['4.9'],['774'],[' 汉语普通话']
[' 日本'],['佐藤信介'],['108'],['07'],"['福士苍汰', '杉咲花', '吉泽亮', '真野惠里菜', '小柳友', '田边诚一', '早乙女太一', '石原贵雅', '长泽雅美', '江口洋介']",['境·界 BLEACH'],"['动作', '奇幻', '冒险']",['4.9'],['8652'],[' 日语']
[' 中国大陆'],['何澄'],['80'],['07'],"['刘纯燕', '董浩', '鞠萍', '陈苏', '耿晨晨', '周志强', '黄炜']",['新大头儿子和小头爸爸3：俄罗斯奇遇记'],"['动画', '家庭', '儿童', '冒险']",['4.8'],['3190'],[' 汉语普通话']
[' 新西兰'],['Tim van Dammen'],['79'],['07'],"['Anton Tennet', 'Jonny Brugh', 'Milo Cawthorne', 'Hetty Gaskall-Hahn', 'Josh McKenzie', 'Arlo Gibson', 'Jaya Beach-Robertson', 'Axl Scott', 'Tian Tan', 'Mick Innes']",['超时空犯罪小队 Mega Time Squad'],"['喜剧', '动作', '科幻', '犯罪', '冒险']",['4.7'],['230'],[' 英语']
[' 美国'],['肖恩·麦克纳马拉'],['90'],['03'],"['London Cardinal', '泰·孔西利奥', 'Christian Convery', 'Jayden Greig', 'Carmela Nossa Guizzo', 'Lanein Harrison']",['外星人吃了我的作业 aliens-ate-my-homework'],"['喜剧', '家庭', '冒险']",['4.6'],['102'],[' 英语']
[' 中国大陆'],['张承'],[],['09'],"['牛骏峰', '白举纲', '吴谨言', '叮当', '赵健雷', '李诚儒', '果靖霖']",['说走就走之不说再见'],"['喜剧', '爱情', '冒险']",['4.4'],['1190'],[' 汉语普通话']
[' 美国'],['奥利弗·达利'],['100'],['08'],"['托马斯·简', '贝姬·戈麦斯', '多米尼克·瑞恩斯', '特德·麦金利', '亚历克斯·诺伊施泰特', '斯黛茜·阿伦·拉布', '埃里克·艾特巴里', '萨姆·厄普顿', '玛德琳·贝塔尼', '乔纳森·坎普', '多里安·金']",['机器猛犬 A.X.L.'],"['科幻', '冒险']",['4.4'],['1675'],[' 英语']
[' 美国'],['帕夏·帕特里基'],['105'],"['06', '05']","['尚格·云顿', '杜夫·龙格尔', '杰思敏·沃兹', '帕特里克·基尔帕特里克', '阿尔·萨皮恩扎', '克里斯·云顿', '兰斯·E·尼克尔斯', '亚历山大·维舍尔鲍默', '考特尼·B·特克', '卡塔尔·彭德莱', '马克·希曼 ', '伊恩·奈尔斯', '约翰·波西', '亚伦·奥康奈尔', '杰姆斯·班尼特', '瓦内萨·莫达', '汤姆·德努奇', '唐迪·塔格韦尔']",['深海越狱 Black Water'],"['动作', '冒险']",['4.4'],['8969'],[' 英语']
[' 美国 / 中国大陆'],['林恩·萨瑟兰'],['87'],"['10', '08']","['Kirsten Day', 'Stephanie Sanditz']",['新灰姑娘 Cinderella 3D'],"['动画', '奇幻', '冒险']",['4.4'],['1629'],[' 英语']
[' 美国'],"['Blake J. Harris', 'Chris Bouchard']",[],['08'],"['帕皮·德雷顿', '威廉·莫斯里', '洛蕾托·帕拉尔塔', '雪莉·麦克雷恩', '阿曼多·古铁雷斯', '吉娜·格申', '杰瑞德·桑德勒', '黛汉恩·卡罗尔', '珊娜·科林斯', '汤姆·诺维茨基', '亨特·戈麦斯', '乔玛丽·佩顿', '莱克西·科尔克', 'Jasmine Bolton']",['小美人鱼 The Little Mermaid'],"['剧情', '爱情', '奇幻', '冒险']",['4.4'],['567'],[' 英语']
[' 西班牙'],['Hugo Stuven'],['91'],['08'],"['奥拉·加里多', 'Alain Hernández']",['碧海逃生 Solo'],['冒险'],['4.3'],['209'],[' 西班牙语']
[' 美国'],['唐·迈克尔·保罗'],['102'],['10'],"['Zach McGowan', 'Nathan Jones', 'Peter Mensah', 'Mayling Ng']",['蝎子王5:灵魂之书 The Scorpion King: Book of Souls'],"['动作', '冒险']",['4.3'],['776'],[' 英语']
[' 英国'],['Carl Strathie'],['90'],['06'],"['史蒂文·奥格', '爱丽丝·洛维']",['迫日营救 Solis'],"['动作', '科幻', '冒险']",['4.1'],['398'],[' 英语']
[' 中国大陆'],['刘海亮'],['60'],['06'],"['冯旭东', '程金铭', '云翔', '刘昕']",['封魔纪之土行孙传'],"['动作', '奇幻', '冒险', '古装']",['4.1'],['246'],[' 汉语普通话']
[' 中国大陆'],['韩琰'],['104'],['11'],"['陈都灵', '宋威龙', '张宥浩', '盖玥希', '曹曦文', '高圣远', '金世佳', '吕绍聪', '佟大为', '苏芒', '彭冠英']",['破梦游戏'],"['动作', '冒险']",['3.9'],['994'],[' 汉语普通话']
[' 中国大陆'],['申宇'],['75'],['06'],"['范楚绒', '洪海天', '李晔', '谭满堂']",['潜艇总动员：海底两万里'],"['动画', '奇幻', '冒险']",['3.8'],['1007'],[' 汉语普通话']
[' 美国'],['艾娃·德约列'],['109'],['03'],"['斯托姆·瑞德', '奥普拉·温弗瑞', '瑞茜·威瑟斯彭', '敏迪·卡灵', '莱维·米勒', '德里克·麦凯布', '克里斯·派恩', '古古·姆巴塔-劳', '扎克·加利凡纳基斯', '迈克尔·佩纳', '安德烈·霍兰', '罗温·布兰查德', '贝拉米·扬', '大卫·奥伊罗', '康拉德·罗伯茨']",['时间的皱折 A Wrinkle in Time'],"['科幻', '奇幻', '冒险']",['3.7'],['1711'],[' 英语']
[' 中国大陆 / 澳大利亚'],['金波·兰道'],['90'],['01'],"['李冰冰', '凯南·鲁兹', '吴尊', '凯尔希·格兰莫', '斯黛芬·道森', '瑞恩·约翰逊', '肖恩·雅克博森', '杰森·庄', '蒂姆·德莱克斯', '克里斯汀·米洛', '克洛依·盖伊']",['谜巢'],"['动作', '冒险']",['3.5'],['18239'],[' 英语']
[' 美国'],['Maximilian Elfeldt'],['88'],['05'],"['Marah Fairclough', 'Christina Licciardi', 'Lauren Parkinson']",['复仇者格林：战事再起 Avengers Grimm: Time Wars'],"['动作', '奇幻', '冒险']",['3.5'],['75'],[' 英语']
[' 印度'],['Shakti Soundar Rajan'],['130'],['06'],"['杰亚姆·拉维', 'Nivetha Pethuraj', 'V. Jayaprakash', '拉梅什·蒂拉克', 'Rethika Srinivas', 'Aarav', '伦阿兹', 'Vincent Ashokan', 'Aathma Patrick', 'Arjunan']",['炸星记 Tik Tik Tik'],"['动作', '科幻', '冒险']",['3.5'],['246'],[' 泰米尔语']
[' 中国大陆'],['哈斯朝鲁'],['119'],['04'],"['陈伟霆', '林允', '胡军', '倪大红', '李光洁', '赵立新', '张歆艺', '巴森', '涂们', '巴音', '咏梅']",['战神纪'],"['奇幻', '冒险']",['3.5'],['12522'],[' 汉语普通话']
[' 中国大陆'],['许斌'],['86'],['04'],"['张一山', '丁丁', '朱泳腾', '温海波', '白海涛', '张翰', '杨凯迪', '穆丽燕', '王艺伦']",['毕业作品'],"['剧情', '爱情', '冒险']",['3.4'],['2788'],[' 汉语普通话']
[' 中国大陆'],['林珍钊'],['80'],['09'],"['黄凯伦', '郑跃', '奚美丽', '杨永']",['大蛇'],"['动作', '冒险']",['3.3'],['1824'],[' 汉语普通话']
[' 美国'],['James Thomas'],['83'],['03'],"['Gina Vitori', 'Andrew J Katers', 'Samantha Bowling', 'Evan Sloan', 'Shawn McConnell', 'Lindsay Sawyer', 'Val Victa', 'Jordan Williams', 'Kate Watson', '约翰·沃沙', 'Tammy Klein', 'Sam Ganguly', 'Arleta Jumes', 'Chants Davidson', 'Charles H. Choi']",['古墓入侵者 Tomb Invader'],"['动作', '奇幻', '冒险']",['3.3'],['109'],[' 英语']
[' 中国大陆'],['非行'],['110'],['12'],"['蔡珩', '顾璇', '于恒', '成泰燊', '马浴柯', '陈雨锶']",['云南虫谷'],"['动作', '奇幻', '冒险']",['3.2'],['33200'],[' 汉语普通话']
[' 中国大陆'],['韦正'],['117'],['08'],"['陈赫', '袁弘', '娄艺潇', '邓家佳', '孙艺洲', '李佳航', '李金铭', '刘天佐', '赵志伟', '张双利', '南派三叔', '韦正', '汪远', '朱桢', '于立', '榕榕', '罗姝涵', '许和琪', '刘雨昕', '张希雅', '孔雪儿', '关凯元', '张悠然', '三名制-5', '丧钟大师', '老驴', '张天馨', '刘宇馨', '陈旭明', '王思博', '赵子豪', '杨朕', '郝宇', '徐梦洁', '常钰', '韩丹', '严丰', '郭林钧']",['爱情公寓'],"['喜剧', '冒险']",['3.1'],['202362'],[' 汉语普通话']
[' 中国大陆'],['罗洋'],['78'],['05'],[],['小公主艾薇拉与神秘王国'],"['动画', '家庭', '冒险']",['3.1'],['557'],[' 汉语普通话']
[' 美国 / 加拿大 Canada'],['Chris Le'],['90'],['02'],"['丹尼·特雷霍', '艾利克斯·哈特曼', 'Blake Webb', 'Amy Savannah', '布拉德·施密特', 'Flo Donelli', 'Adam Scorgie', 'Nathan Day', 'Marlon V. Gaines', 'Jay Whittaker']",['血战机械人 Juarez 2045'],"['动作', '科幻', '冒险']",['2.9'],['143'],[' 英语']
[' 中国大陆'],['罗登'],['95'],['12'],"['葛优', '岳云鹏', '杜淳', '蔡卓妍', '包贝尔', '小沈阳', '陈赫', '潘斌龙', '热依扎', '孙越', '吕行', '张亮', '奚梦瑶', '杜志国', '许君聪', '吴俊余', '武强']",['断片之险途夺宝'],"['喜剧', '冒险']",['2.8'],['15233'],[' 汉语普通话']
[' 中国大陆'],['刘轩狄'],['75'],['12'],"['林枫烨', '付赫安琪']",['东海龙棺'],"['动作', '冒险']",['2.8'],['894'],[' 汉语普通话']
[' 美国'],['裘德·沃尔克'],['98'],['08'],"['迪恩·凯恩', 'Sam Valentine', 'Dylan Kellogg']",['咒语 The Incantation'],"['恐怖', '奇幻', '冒险']",['2.8'],['145'],[' 英语']
[' 美国'],['Michael Leavy'],[],['03'],"['马尔科姆·麦克道威尔', '布鲁斯·戴维森', '罗恩·杰里米']",['异常吸引力 Abnormal Attraction'],"['喜剧', '奇幻', '冒险']",[''],[],[' 英语']
[' 中国大陆 / 韩国 / 美国'],['巴里·库克'],[],[],[],['悟空'],"['科幻', '动画', '奇幻', '冒险']",[''],[],[]
[],['布拉德·安德森'],[],[],[],['The Living and the Dead'],"['动作', '奇幻', '冒险']",[''],[],[' 英语']
[' 美国'],['Brad Rau'],[],['05'],"['迪·布拉雷·贝克尔', '约翰·博耶加', '吉姆·库宁斯', '戴夫·菲洛尼', '艾什莉·埃克斯坦', '泰勒·格雷', '奥莉维亚·海克', '马克·哈米尔', '瓦内萨·马歇尔', '露皮塔·尼永奥', '黛西·雷德利', '蒂娅·希尔卡', 'Catherine Taber', '马修·伍德', '谢尔碧·杨']",['星球大战：命运的力量 第四辑 Star Wars Forces of Destiny: Volume 4'],"['科幻', '动画', '家庭', '冒险']",[''],[],[' 英语']
[' 中国大陆'],['房映华'],['65'],['09'],"['崔冬辰', '卢云']",['荒岛惊魂2018'],"['悬疑', '犯罪', '冒险']",[''],[],[' 汉语普通话']
[' 美国'],['肯·巴贝特'],['90'],['12'],"['拉斐尔·德·拉·富恩特', '查克·齐托', '维尔·特拉维尔', '兰迪·库卓', '阿莲娜·契诃娃', '克莱斯特·塞森', 'Thom Rivera', 'Geoffrey Ross', 'Natali Yura']",['解毒剂 Treasure Hunter: Legend of the White Witch'],['冒险'],[''],[],[' 英语']
[' 美国'],['Edward Payson'],[],['11'],"['多米尼克·斯万', '克里丝塔·艾伦', '迪·沃伦斯']",['BITS'],"['恐怖', '冒险']",[''],[],[]
[' 丹麦 / 美国'],['Jacob Mikkelsen'],[],['11'],"['David Bateson', 'Matthew Gravelle', 'Jane Perry']",['Hitman 2'],"['动作', '犯罪', '冒险']",[''],[],[' 英语 / 西班牙语']
[' 罗马尼亚 / 法国 / 荷兰 / 瑞士'],['彼得·格林纳威'],[],[],"['埃蒙·埃利奥特', '卡拉·朱里', 'Gianni Capaldi', 'Manuela Biedermann', 'Anina Mutter', 'Margherita Schoch', 'Rachele Trovatelli', 'Judith Niethammer', 'Thomas Haak Wegmann']",['走向巴黎 Walking to Paris'],"['剧情', '传记', '冒险']",[''],[],[' 英语']
[' 拉脱维亚 / 波兰'],['Edmunds Jansons'],['70'],['10'],"['Līga Gaisa', 'Luīze Pastore']","['雅各布，米米和会说话的狗 Jēkabs, Mimmi un runājošie suņi']","['动画', '家庭', '冒险']",[''],[],[' 拉脱维亚语']
[' 丹麦'],['Oliver Zahle'],[],['09'],"['Hircano Soares', 'Liv Leman Brandorf', 'Arien Takiar', 'Tine Rangan Thiesgaard', 'Saswata Chatterjee']",['Iqbal &amp; den indiske juvel'],"['家庭', '冒险']",[''],[],[' 丹麦语']
[' 希腊'],"['Aliki Danezi-Knutsen', 'Antje Rau', 'Master Tang Tung Wing']",['91'],[],"['吴耀汉', '泰米丝·芭查卡', 'Katerina Misichroni', '雅尼斯·斯坦科格鲁', 'Nicholas Goh', 'Koulis Nikolaou', 'Chris Li', 'Jacqueline Chang']",['唐人街：三间庇护所 Chinatown: The Three Shelters'],"['剧情', '动作', '冒险']",[''],[],[' 英语']
[' 中国大陆'],['龙伟全'],['82'],[],"['阮晓伟', '李予诺', '文婧']",['寄居17天'],"['动作', '爱情', '悬疑', '冒险']",[''],[],[' 汉语普通话']
[' 中国大陆'],['张国超'],['90'],[],"['段艺璇', '许凯', '赵震', '赵成晨', '刘芊含', '胡良伟', '刘晓倩', '林强']",['风来风去'],"['喜剧', '动画', '家庭', '冒险']",[''],[],[' 汉语普通话 / 英语']
[' 美国'],['Kodi Zene'],[],[],"['Donna Swan', 'Devin Leigh', 'Jim D. Madewell']",['Monochrome'],"['动作', '科幻', '冒险']",[''],[],[' 英语']
[' 中国大陆'],['袁明涛'],[],[],"['田渤', '杜禹彤', '钱漪', '郑淳璟', '王锦', '张姝阳', '施骏喆', '钱宝鑫', '阴韫韬', '句号']",['神探云笔记2'],"['剧情', '动作', '爱情', '科幻', '悬疑', '冒险']",[''],[],[' 汉语普通话']
[' 美国'],['Chris Palmer'],[],[],[],['技术狂人进行时 Lunatic at Large'],"['动作', '惊悚', '冒险']",[''],[],[]
[' 爱尔兰'],['Ciaron Davies'],[],['10'],"['Ricardo Mexas', 'Fionnuala Collins', 'Ciaron Davies', 'Mark Davis', 'Robin Davis', 'Peter Cosgrove', 'Jurgita Dumblyte', 'John Free', 'Patrick Mc Loughlin', 'Edward McDonagh', 'Richie Cowdell', 'Aintj McInerney', 'Martin Savage', 'Sean Simon', 'Tony Smith']",['Wonderland'],"['恐怖', '奇幻', '冒险']",[''],[],[]
[' 英国'],['西蒙·威尔斯'],[],['09'],"['阿德里安·布薛特', 'Domenique Fragale', '莎拉·费希恩']",['黑暗王国 Order of Kings: The Dark Kingdom'],['冒险'],[''],[],[' 英语']
[' 美国'],['罗兰·艾默里奇'],[],[],[],['星际之门 Stargate'],"['动作', '科幻', '冒险']",[''],[],[]
[' 美国'],[],[],[],[],['天降奇兵重启版 The League of Extraordinary Gentlemen'],"['动作', '奇幻', '冒险']",[''],[],[]
[' 中国大陆'],['鲁恩滨'],['85'],['03'],"['刘裕龙', '吴荻', '杨煌胤', '黎雅雯', '包小平', '马佳玉', '胡乐乐', '刘锡贤', '陈伟', '于青松']",['热血少年'],"['剧情', '动作', '悬疑', '冒险']",[''],[],[' 汉语普通话']
[' 英国'],['Dan Allen'],[],['10'],"['Becca Hirani', 'Rita Siddiqui', 'Charlene Durrant']",['Mummy Reborn'],['冒险'],[''],[],[' 英语']
[' 美国'],['乔什·克劳斯纳'],['90'],['04'],"['塔特·艾灵顿', '塔拉·萨莫斯', 'Victoria Clark', '哈里斯·于林', '德鲁·鲍威尔', '道格拉斯·霍奇斯', '阿德普波·奥杜耶', '德丽·海明威', 'Jack Dishel', '罗纳德·格特曼', '温迪·麦凯纳', 'Adelind Horan', '奥斯汀·潘德尔顿', '马塞林·休格特', 'Migs Govea', 'Rhonda Keyser']",['漫游国度 Wanderland'],"['喜剧', '歌舞', '冒险']",[''],[],[' 英语']
[' 中国大陆'],['李博'],[],['04'],"['张天骐', '王小虎']",['易经密码'],"['悬疑', '冒险']",[''],[],[' 汉语普通话']
[' 中国大陆'],['宋淑鑫'],['67'],['10'],"['宋淑鑫', '刘杰', '徐嘉曼', '王鑫月']",['蠢贼两三只'],"['喜剧', '冒险']",[''],[],[' 汉语普通话']
[' 中国大陆'],['邓宇'],[],['09'],"['梁心羽', '杜珺']",['拉巴斯金盒子之谜'],"['喜剧', '冒险']",[''],[],[' 汉语普通话']
[' 印度尼西亚'],['Angga Dwimas Sasongko'],['123'],['08'],"['雅彦·鲁伊安', '塞塞普·阿里夫·拉赫曼']",['212勇士 212 Warrior'],"['喜剧', '动作', '冒险']",[''],[],[' 印尼语']
[' 中国大陆'],['赵世尧'],['90'],['03'],['溪格'],['储灵空间'],"['科幻', '冒险', '灾难']",[''],[],[' 汉语普通话']
[' 美国'],['Trevor Simms'],[],['02'],"['Trevor Simms', 'Larry Bishop', 'Jordan Monaghan']",['Misirlou'],"['惊悚', '恐怖', '冒险']",[''],[],[' 英语']
[' 中国大陆'],['周粒'],['72'],['01'],"['王兮', '高赞耘', '穆天宇', '龙戈', '范翔宇', '张耕毓']",['偷香魔盗团'],"['喜剧', '爱情', '冒险']",[''],[],[' 汉语普通话']
[' 中国大陆'],"['张若以', '欧阳奋强']",[],[],['钟熠璠'],['丛林历险记'],"['剧情', '儿童', '冒险']",[''],[],[' 汉语普通话']
[' 英国'],['提莫·沃伦索拉'],[],[],[],['我杀了阿道夫·希特勒 I Killed Adolf Hitler'],"['动作', '科幻', '冒险']",[''],[],[' 英语']
[' 英国 / 墨西哥'],['Andrés Couturier'],['97'],"['11(英国)"">2018']","['莉莉·柯林斯', '伊恩·麦柯肖恩', '托比·凯贝尔']",['来了一只发火的龙 Here Comes the Grump'],"['喜剧', '动画', '家庭', '奇幻', '冒险']",[''],[],[]
[' 印度 India'],['Sujeeth'],[],[],"['施拉达·卡普尔', '帕拉巴斯', '杰奇·史洛夫', '马赫什·曼杰瑞卡', '曼迪拉·贝迪', '尼尔·尼汀·穆科什', 'Aditya Srivastava', 'Narendra Jha', 'Chunky Pandey', 'Arun Vijay', '阿西夫·阿里·贝格', 'Sunil Vishrani']",['Saaho'],"['动作', '科幻', '冒险']",[''],[],[' 印地语 Hindi']
[' 加拿大 / 南非'],['Richard Boddington'],['87'],['04'],"['Elizabeth Hurley', 'Sam Ashe Arnold', 'Tertius Meintjes', 'Hlomla Dandala', 'Louis Minnaar']",['大象之旅 Phoenix Wilder and the Great Elephant Adventure'],['冒险'],[''],[],[' 英语']
[' 日本'],['宇治茶 Ujicha'],['83'],['07'],"['悠木碧', '藤田咲', '高桥茂雄', '田中直树']",['暴力旅者 バイオレンス・ボイジャー'],"['喜剧', '动画', '恐怖', '奇幻', '冒险']",[''],[],[' 日语']
[' 美国'],['道格·墨菲'],['77'],['08'],"['吉娅达·德·劳伦蒂斯', 'Bobby Flay', 'Grey Griffin', '马修·里沃德', '凯特·米库奇']",['史酷比与美食幽灵 Scooby-Doo! and the Gourmet Ghost'],"['动画', '犯罪', '冒险']",[''],[],[' 英语']
[' 中国大陆'],['陆微'],[],['06'],"['明俊臣', '苏宇凡', '腾晓鹏', '王天楚']",['我爱女导演'],"['剧情', '科幻', '冒险']",[''],[],[' 汉语普通话']
[' 美国'],['埃米特·康明斯'],['90'],['05'],"['Dean Ridge', ""Ross O'Hennessy"", 'Kezia Burrows']",['失落的维京人 The Lost Viking'],"['剧情', '冒险']",[''],[],[' 英语']
[' 美国'],[],['15'],['03'],"['大卫·阿克德', '约翰·博耶加', '艾什莉·埃克斯坦', '戴夫·菲洛尼', '马克·哈米尔', '汤姆·凯恩', '马特·兰特尔', '瓦内萨·马歇尔', '露皮塔·尼永奥', '黛西·雷德利', 'Helen Sadler', '蒂娅·希尔卡', 'Catherine Taber', '凯莉·玛丽·陈', '谢尔碧·杨']",['星球大战：命运的力量 第三辑 Star Wars Forces of Destiny: Volume 3'],"['科幻', '动画', '家庭', '冒险']",[''],[],[' 英语']
[' 美国'],['达蒙·达什'],['84'],['02'],"['Jay Black', 'Blackface', 'Danny Worthy Boards', 'Eishia Brightwell', ""Cam'ron"", '达蒙·达什', '斯黛西·达什']",['荣誉 Honor Up'],"['动作', '犯罪', '冒险']",[''],[],[' 英语']
[' 中国大陆'],"['赵一文', '李克']",['62'],['01'],"['蔓汐', '白星杰']",['伏魔校花之刁蛮公主'],"['动作', '奇幻', '冒险']",[''],[],[' 汉语普通话']
[' 中国大陆'],['陈斌'],['73'],[],"['李晓彤', '王丽军', '郑泽宇', '张金华']",['火凰之古墓王陵龙头杖'],"['剧情', '悬疑', '犯罪', '冒险']",[''],[],[' 汉语普通话']
[' 美国'],['Philip Marlatt'],[],[],"['Tyler Jade Nixon', 'Axle McCoy', 'Travis McCoy', 'Maya Simmons', 'DeVaughn Gow', 'Alexis Louder', 'Quddus Newton', 'Tim Ogletree', 'LaVaughan Hamilton', 'Tomii Culmer', 'Jordan Pedreira', 'Erin Reign', 'Matthew Scott Miller']",['海豚踢 Dolphin Kick'],['冒险'],[''],[],[' 英语']
[' 美国'],['华金·罗德里格斯'],['100'],['06'],[],['Yo soy Pepito'],['冒险'],[''],[],[' 西班牙语']
[' 中国大陆'],['侯国涛'],[],[],"['闫佩伦', '于艺翎', '王欣慧', '蔡明凯', '蒋曼情', '苗大壮', '彭俊杰']",['半妖降魔'],"['奇幻', '冒险', '古装']",[''],[],[' 汉语普通话']
[' 中国大陆'],['宋林果'],['73'],['01'],"['张峰', '刘洋影子', '刘宛露']",['二流太傅'],"['喜剧', '冒险', '古装']",[''],[],[' 汉语普通话']
[' 中国大陆'],['范雨林'],['83'],[],"['汪奇', '夏添', '马芯妤', '丁一森', '李海龙', '范雨林']",['夺宝同盟：魅影锄奸'],"['剧情', '动作', '冒险']",[''],[],[' 汉语普通话']
[' 加拿大 Canada'],['杰里米·拉隆德'],['83'],['03'],"['阿隆·艾布拉姆斯', '汤米-安珀·皮里', '克里斯蒂安·布鲁恩']",['围攻者 The Go-Getters'],"['喜剧', '冒险']",[''],[],[' 英语']
[' 法国'],['Mathieu Le Lay'],['52'],['02'],['Paul Zizka'],['In the Starlight'],['冒险'],[''],[],[' 法语 / 英语']
[' 中国大陆'],['郑丹'],['104'],['02'],"['赵宁', '郑天亮', '刘思瑶']",['三百年后玉见你'],"['爱情', '惊悚', '恐怖', '冒险']",[''],[],[' 汉语普通话']
[' 美国'],['Angelo Lopes'],[],['01'],"['Brendan Guy Murphy', 'Jon Proudstar', 'Carol Cardenas']",['荒地 Wastelander'],"['动作', '科幻', '冒险']",[''],[],[' 英语']
[' 意大利'],['Sergio Manfio'],['85'],['01'],"['约翰尼·扬·博施', '谢拉米·李', 'Bryce Papenbrook', 'Faith Graham', 'Landen Beattie']",['蒙娜丽莎任务 Leo Da Vinci: Mission Mona Lisa'],"['动画', '家庭', '冒险']",[''],[],[' 英语']
[' 加拿大 Canada'],"[""Sean Patrick O'Reilly""]",[],[],"[""Kiefer O'Reilly"", '马克·哈米尔', '克里斯托弗·普卢默']",['霍华德与疯狂王国 Howard Lovecraft and the Kingdom of Madness'],"['动画', '奇幻', '冒险']",[''],[],[]
[' 美国'],['小J.B.古曼'],['46'],[],"['Hillary Tuck', '科尔顿·福特', '小J.B.古曼']",['The Art of Being'],"['动画', '歌舞', '奇幻', '冒险']",[''],[],[' 英语']
[' 中国大陆'],['布一贤'],[],[],"['路宏', '杨凯迪', '何龙龙', '陈嘉敏', '王双宝']",['玛纳斯人'],['冒险'],[''],[],[' 汉语普通话']
[' 西班牙 / 英国'],['Abraham López Guerrero'],[],[],[],['The Impossible Journey'],"['喜剧', '动画', '冒险']",[''],[],[]
[' 澳大利亚 / 加拿大 / 英国'],['Stephen Amis'],[],[],"['丹·艾克罗伊德', 'Paul Watson', 'Peter Hammarstedt', 'Siddharth Chakravarty', 'Luis Manuel De Pinho', 'Jean Yves Terlain']","['Defend, Conserve, Protect']","['剧情', '冒险']",[''],[],[' 英语']
[' 新西兰'],['Ken Khan'],[],[],"['克里斯蒂·莱特', 'Aunanda Naaido', 'Robert Reitano', 'Aleisha Rose', '拉维里·帕拉特恩', 'Ray Woolf', '罗伯·基帕-威廉姆斯', 'Stan Wolfgramm', 'Jagdish Punja', 'Richard Halpin']",['Stranded Pearl'],"['动作', '爱情', '冒险']",[''],[],[]
[' 中国大陆'],['胡大为'],[],[],[],['12小时'],['冒险'],[''],[],[' 汉语普通话 / 英语']
[' 中国大陆'],['权衡'],[],[],"['曹佑宁', '柴蔚', '王艺曈', '徐绍泽', '唐菀清', '孙率航', '朱一文', '九万', '张伟夫', '张熙唯', '薛博文']",['如意厨房2'],"['剧情', '动作', '爱情', '悬疑', '奇幻', '冒险']",[''],[],[' 汉语普通话']
[' 法国'],['Alexandre Coffre'],['89'],['02'],"['克里斯蒂昂·克拉维埃', '热拉尔丁·纳卡什', '托马·索利韦尔', 'Caroline Tillette', '朗齐·贝迪亚', 'Alex Lutz']",['斯皮鲁和方大炯历险记 Les aventures de Spirou et Fantasio'],['冒险'],[''],[],[' 法语']
[' 英国'],['Staten Cousins-Roe'],['90'],[],"['凯蒂·布莱本', 'Poppy Roe', '菲奥娜·格拉斯科特', '本·劳埃德-休斯', '茜安·克利福德', '托米瓦·埃敦', '西妮德·马修斯', 'Emma Manton', 'David Newman', 'Rhoda Ofori-Attah', '弗朗西丝·米勒']",['A Serial Killer&#39;s Guide to Life'],"['喜剧', '恐怖', '犯罪', '冒险']",[''],[],[' 英语']
[' 美国'],['布莱恩·普莱斯列'],['87'],[],"['布莱恩·普莱斯列', '特里特·威廉斯', '布拉德·利兰', '亨利·托马斯', '布鲁斯·戴维森', 'Brea Bee', '詹姆斯·拉索', '诺兰·诺斯', 'Jeff Rosick', 'Emily Shenaut', 'Art Chudabala', 'Jacquelin Arroyo', '威尔·华莱士', 'Johnny Dowers', 'Adam Ambruso']",['The Great Race'],"['剧情', '动作', '历史', '冒险']",[''],[],[' 英语']
[' 美国'],['Adam Schabow'],[],[],"['Steve Golla', 'Jennifer Grundy', 'Greg Johnson']",['The New World Horror'],"['喜剧', '恐怖', '冒险']",[''],[],[' 英语']
[' 挪威'],['Martin Sofiedal'],[],[],"['Trond Fausa', 'Caroline Glomnes', 'Cecilie Svendsen', 'Fredrik Skogsrud', 'Henrik Plau']",['Benjamin Falck and the Ghost Dagger'],['冒险'],[''],[],[' 挪威语 / 英语 / 西班牙语']
[' 中国大陆'],['安东尼·希科克斯'],[],[],"['Toru Uchikado', '吴育刚', 'Yuecheng Yao', 'Edward Zo', 'Shawn Felipe', 'Nittin Wang', '丹特·巴斯克', 'Keli Price', 'Yaara Benbenishty', '丹尼尔·洛根', 'Maurice Hake', 'Jose Carlos Davila Torres', 'Natalia Diniz', '大卫·理柏', '杰森·弗兰克']",['黑马 Underdogs Rising'],"['冒险', '运动']",[''],[],[' 英语']
[' 俄罗斯'],['卡伦·奥加尼西安'],[],[],"['弗拉基米尔·马什科夫', '亚历山大·佩特罗夫', '斯维特拉纳·库德钦科娃']",['英雄 Герой'],"['剧情', '悬疑', '冒险']",[''],[],[' 俄语']
[' 越南'],['丁俊武'],[],[],['吴邓红云'],['忠蝇和明锡漂流记 Cuộc phiêu lưu của Trung Ruồi và Minh Tít'],"['剧情', '喜剧', '冒险']",[''],[],[]
[' 美国'],['托尼·兰德尔'],['84'],['03'],"['Kurt Yaeger, John Henry Richardson, Walker Mintz']",['可恶的冒险 a-doggone-adventure'],"['剧情', '喜剧', '家庭', '冒险']",[''],[],[' 英语']
[' 澳大利亚'],['Soda Jerk'],['54'],['03'],"['Tony Abbott', 'Angry Anderson', '汤姆·伯林森', '史蒂芬·库里', '汉纳·盖茨比', '大卫·古皮利', 'Pauline Hanson', '鲍勃·霍克', '保罗·霍根', '约翰·霍华德', '巴瑞·哈姆弗莱斯', '史蒂夫·厄尔温', 'Terri Irwin', '约翰·贾瑞特', '妮可·基德曼']",['恐怖奴役 Terror Nullius'],"['喜剧', '恐怖', '奇幻', '冒险']",[''],[],[' 英语']
[' 中国大陆'],"['李克', 'Dermot Walshe']",['86'],"['08(中国大陆)"">2018']",[],['一千零一夜之拯救黄金城'],"['动作', '动画', '冒险']",[''],[],[' 汉语普通话']
[' 美国'],['威廉·尤班克'],[],[],[],['基督山伯爵 The Count of Monte Cristo'],"['动作', '冒险']",[''],[],[]
[' 中国大陆'],['范雨林'],['83'],[],"['范雨林', '汪奇', '夏添', '杨小米', '张新华']",['夺宝同盟：基金风云'],"['剧情', '动作', '冒险']",[''],[],[' 汉语普通话']
[' 中国大陆'],['劉吉'],['90'],[],"['田一德', '菊麟', '林雪', '杨森', '周延', '王永强', '徐卓', '张卓锴', '杨子昂']",['怒火狂龙'],"['动作', '悬疑', '冒险']",[''],[],[' 汉语普通话']
[' 中国大陆'],[],[],[],[],['沙海番外之燃骨'],"['悬疑', '冒险']",[''],[],[' 汉语普通话']
[' 美国'],['迈克尔·D·欧尔摩斯'],['95'],[],"['丹尼·特雷霍', '米歇尔·李', '艾尔皮迪娅·卡里洛', '代尔·戴', '索非亚·佩尔纳斯', '帕皮·塞尔纳', '库诺·贝克', '芮妮·维克托', '马克·扎罗', '杰西·加西亚', '恩里克·卡斯蒂略']",['The Green Ghost'],"['剧情', '喜剧', '动作', '奇幻', '冒险']",[''],[],[' 英语']
[' 美国'],"['Scott Conditt', 'Jeremy Tremp']",[],[],"['凯文·史密斯', '马丁·科夫', '林·沙烨', '约瑟夫·D·雷特曼', '格雷戈·格伦伯格', '乔伊·摩根']",['Max Reload and the Nether Blasters'],['冒险'],[''],[],[' 英语']
[' 中国大陆'],['楚人勤'],[],[],"['付赫安琪', '杨乾龙', '孙海洋', '李沛槿', '周敬峰', '何蕊孜']",['妖梦西游之蝎精女儿国'],"['喜剧', '动作', '悬疑', '奇幻', '冒险', '武侠', '古装']",[''],[],[' 汉语普通话']
[' 中国大陆'],['韩志'],['90'],[],"['王迅', '李易祥', '张磊', '王佳佳', '刘洋', '刘超', '本杰明', '明子煜', '张婉儿', '王槊', '刘俊宏', '张蓓蓓']",['悬崖'],"['剧情', '悬疑', '冒险']",[''],[],[' 汉语普通话']
[' 印度'],[],[],[],"['施卢蒂·哈森', 'Arya', 'Jeyam Ravi']",['Sangamithra'],"['动作', '历史', '冒险']",[''],[],[]
[' 中国大陆'],['雅克·贝汉'],[],[],[],['阿力历险记'],"['剧情', '奇幻', '冒险']",[''],[],[' 汉语普通话']
[' 美国'],[],[],[],[],['大利拉·德克和土耳其中尉 Delilah Dirk and the Turkish Lieutenant'],['冒险'],[''],[],[]
[' 荷兰'],['艾尔文·范·登·埃什奥夫'],['80'],['09'],"['Djamila', 'Sylvie van der Vaart', 'Jill Schirnhofer', 'Défano Holwijn', 'Femke Meines', 'Sarah Nauta', 'May Hollerman', 'Kelvin Boerma', 'Nienke Plas', 'Buddy Vedder', 'Irene Moors']",['艾利和艾比扎的世界 Elvy&#39;s Wereld So Ibiza!'],"['剧情', '喜剧', '冒险']",[''],[],[' 荷兰语']
[' 美国'],['斯科特·沃'],[],[],[],['边缘者 Outlaws'],['冒险'],[''],[],[' 英语']
[' 美国'],['费德·阿尔瓦雷兹'],[],[],[],['但丁的地狱 Dante&#39;s Inferno'],"['动作', '奇幻', '冒险']",[''],[],[]
[' 美国'],['蒂姆·希尔'],[],[],[],['Short Circuit'],"['喜剧', '科幻', '冒险']",[''],[],[' 英语']
[' 美国'],['伊坦·柯亨'],[],[],['萨莎·拜伦·科恩'],['魔术师曼德雷 Mandrake the Magician'],"['动作', '冒险']",[''],[],[' 英语']
[' 美国'],['迈克·洛斯卡'],[],[],[],['虎虎生威 The Tiger'],"['剧情', '惊悚', '冒险']",[''],[],[' 英语']
[' 美国'],['费德·阿尔瓦雷兹'],[],[],[],['巨兽启示录 Monsterpocalypse'],"['喜剧', '动作', '冒险']",[''],[],[]
[' 美国'],['大卫·阿耶'],[],[],[],['Deep Sea Cowboy'],['冒险'],[''],[],[]
[' 丹麦'],['Nikolaj J. Faarup'],['85'],['12'],"['Ruth Angelica', 'Tomas Bo', 'Frederik Karlsen Ustrup', 'Lene Udsteed', 'Julie Svendsen']",['Martin og Bedstefar i Jullerup Færgeby'],"['喜剧', '家庭', '冒险']",[''],[],[' 丹麦语']
[' 挪威'],['Morten K. Vebjørnsen'],['150'],['10'],"['Steinar A. Wedvik', 'Morten K. Vebjørnsen']",['Wraith of the Umbra and Eidolon'],"['科幻', '奇幻', '冒险']",[''],[],[' 挪威语']
[' 日本'],['柴田一成'],[],[],"['阿部菜菜实', '长月翠', '間島和奏', '清原梨央', '小野乃乃香']",['学园孤岛 がっこうぐらし'],"['喜剧', '惊悚', '冒险']",[''],[],[' 日语']
[' 中国大陆'],['张耘海'],['90'],['11'],"['赵东昊', '张子俊', '杜安琪', '贾晓龙', '孙婧容', '李雅静', '何若鹤']",['守墓人之海昏侯迷踪'],"['动作', '奇幻', '冒险']",[''],[],[' 汉语普通话']
[' 中国大陆'],['罗誉'],['90'],['09'],"['陈叶玲', '景研竣', '于函冰', '岳小弦', '郭美林子', '杨晓波', '王瀚博', '韩金明', '李振', '龙亦龙']",['少年忍师—司徒家1'],"['动作', '冒险', '武侠']",[''],[],[' 汉语普通话']
[' 中国大陆'],['郝柏杰'],[],['10'],"['郝柏杰', '赵凌彬', '沈凯', '惠祥意', '朴梓文', '贾漪娜', '张鹏']",['龙墓魅影'],"['悬疑', '惊悚', '冒险']",[''],[],[' 汉语普通话']
[' 中国大陆'],['李金保'],['80'],['09'],"['王雪沁', '吴凡', '周宗禹', '张艺文', '唐泽宗']",['禹神传之寻找神力'],"['动画', '奇幻', '冒险']",[''],[],[' 汉语普通话']
[' 美国'],['James Thomas'],['90'],['08'],"['迈克尔·马德森', '多米尼克·培斯', '伊戈·米基塔斯', '安东尼·奥布莱恩', 'Caroline Harris', 'Aimee Stolte', '斯科特·C·罗伊', 'Sébastien Charmant', 'Elizabeth J. Cron', 'Paulina Laurant', 'Luke Fattorusso', '丹尼尔·乔', 'Philip Johnson']",['巨齿鲨山寨版 Megalodon'],"['动作', '科幻', '惊悚', '恐怖', '冒险']",[''],[],[' 英语']
[' 中国大陆'],['苗大伟'],['78'],['09'],"['樊少皇', '王德顺', '王欣如']",['深海巨妖2'],"['奇幻', '冒险']",[''],[],[' 汉语普通话']
[' 加拿大'],"['Benoît Godbout', '让-弗朗索瓦·波略特', '弗兰克·布里森']",['89'],"['12', '12']","['索哈·鲍尔', '露辛达·戴维斯', 'Tod Fennell', '诺尔·费舍', '道恩·福特']",['冰雪大作战2 Racetime'],"['喜剧', '动画', '冒险']",[''],[],[' 英语']
[' 德国 / 比利时'],"['克里斯托弗·劳恩斯坦', '沃尔夫冈·劳恩斯坦']",['84'],['10'],"['亚历桑德娜·内尔德尔', '阿克西尔·普拉尔']",['萌宠特工队 Marnies Welt'],"['动画', '家庭', '冒险']",[''],[],[' 德语 / 英语']
[' 缅甸'],['Christina Kyi'],['95'],['05'],"['Zenn Kyi', 'Hla Yin Kyae', 'Nann Wai Wai Htun']",['Mudras Calling'],"['剧情', '爱情', '冒险']",[''],[],[' 英语']
[' 中国大陆'],[],[],[],[],['钟馗传'],"['奇幻', '冒险']",[''],[],[' 汉语普通话']
[' 中国大陆'],[],[],[],[],['星海镖师'],['冒险'],[''],[],[' 汉语普通话']
[' 美国'],[],[],[],[],['七宝奇谋2 The Goonies 2'],"['喜剧', '冒险']",[''],[],[]
[' 中国大陆'],['鹏少'],[],"['12(中国大陆)"">2018']","['娜塔莉', '周玲']",['洛浠的森林'],"['剧情', '冒险']",[''],[],[' 汉语普通话 / 英语']
[' 中国大陆'],['唐明智'],['87'],['06'],"['朱孝天', '蓝心妍', '曲木古火·秋风', '闫鹿杨']",['蓝色金鱼'],"['爱情', '冒险']",[''],[],[' 汉语普通话']
[' 中国大陆'],['杨晟'],['63'],['09'],"['释彦能', '吉丽', '刘峰超', '博尔吉特', '赵品霖', '郭佳伊', '楚晓龙', '金钊']",['夺宝同盟之神秘笔记'],"['剧情', '喜剧', '动作', '冒险']",[''],[],[' 汉语普通话']
[' 中国大陆'],['蒋叶峰'],['82'],['12'],[],['阿里巴巴三根金发'],"['喜剧', '动画', '冒险']",[''],[],[' 汉语普通话']
[' 中国大陆'],['邓志基'],['90'],['12'],"['云鹤追', '杨慧紫', '楚衔', '刘琮', '苏尚卿', '林琳', '张博恒', '李昊甲', '季骜杰', '张琰', '邵彤']",['警车联盟'],"['动画', '冒险']",[''],[],[' 汉语普通话']
[' 中国大陆'],['孙铎'],['87'],['05'],"['孙骁潇', '余薇薇', '孙丹丹', '李耕', '张春年', '曾韵蓁', '程爽']",['雾都神探之绝情箭'],"['剧情', '冒险']",[''],[],[' 汉语普通话']
[' 中国大陆'],['崔俊杰'],[],['08'],"['彭禺厶', '李灿森', '朱佳希', '张婉儿', '王岗', '大勇', '赵雅萍']",['机甲神七'],"['动作', '科幻', '冒险']",[''],[],[' 汉语普通话']
[' 中国大陆'],['代长浩'],['83'],['12'],[],['龟兔大作战'],"['喜剧', '动画', '冒险']",[''],[],[' 汉语普通话']
[' 中国大陆'],['李太岩子'],['80'],['08'],"['高广泽', '文渝淇', '王辰硕', '冯青']",['荒村·浮生若梦'],"['动作', '奇幻', '冒险']",[''],[],[' 汉语普通话']
[' 中国大陆'],['李连军'],['105'],['04'],"['卢冠东', '李涛亮', '刘美希', '陈旭明', '崔斌', '王子琦', '贾君刚']",['鬼手传奇之寒食帖'],"['动作', '悬疑', '冒险']",[''],[],[' 汉语普通话']
[' 中国大陆'],['董伟'],[],['11'],"['陈景炀', '程慕轩', '曹天恺', '夏嘉伟', '高维蔓', '关爱妮']",['唐门龙棺凤胆'],"['动作', '爱情', '冒险']",[''],[],[' 汉语普通话']
[' 中国大陆'],['罗红胜'],['80'],['12'],[],['两只小猪之勇闯神秘岛'],"['动画', '儿童', '冒险']",[''],[],[' 汉语普通话']
[' 中国大陆'],"['黄羿', '黄剑波']",['92'],['12'],"['王广允', '聂彤芯', '叶峰', '杜赫旋']",['大破阵'],['冒险'],[''],[],[' 汉语普通话']
[' 中国大陆'],['王琦'],[],['03'],"['阮圣文', '徐少强', '谈莉娜', '宗峰岩', '郑茜', '李宁', '王刚', '何傲儿']",['金鸡大劫案'],"['动作', '犯罪', '冒险']",[''],[],[' 汉语普通话']
[' 中国大陆'],"['沈金飞', '张健伟']",[],['10'],"['彭禺厶', '张蓝艺', '冯可', '任青安', '张竞达', '王蕾']",['诡墓迷灯'],"['悬疑', '惊悚', '恐怖', '冒险']",[''],[],[' 汉语普通话']
[' 中国大陆'],['梁婷'],['105'],['09'],"['文松', '崔雅涵', '欧弟', '周延', '成毅', '唐本', '蓝博', '李天佑', '林雪', '赵珈萱', '王泷正', '梁超', '赵宇彤', '郑则仕', '张美娥', '詹瑞文', '雪村', '周嘉诚']",['营救汪星人'],"['喜剧', '冒险']",[''],[],[' 汉语普通话']
[' 埃及'],['艾哈迈德•阿卜达拉'],['95'],['11'],"['Karim Kassem', 'Mona Hala', 'Sherief El Desouky']",['非凡之夜 ليل/ خارجى'],"['剧情', '传记', '冒险']",[''],[],[' 英语 / 阿拉伯语']
[' 厄瓜多尔'],"['巴勃罗·阿圭罗', 'Jamaicanoproblem']",['92'],[],"['Luis Felipe Fernandez-Salvador y Campodonico', 'Andrés Fernández-Salvador y Zaldumbide', 'Luis Felipe Fernández-Salvador y Bolona', 'Eugene Park', 'Ana Recarte-Pacheco', 'Jonah Kagen', 'Juliana Andreina Carbo Lozano', 'Diego Alirio Rodriguez Iglesias', 'Vladimir Rodriguez', 'Olmedo Toscano']",['他之子 Un hijo de hombre'],"['剧情', '家庭', '冒险']",[''],[],[' 西班牙语 / 英语 / 德语 / 克丘亚语']
[' 中国大陆'],['张帆'],['90'],['11'],"['靓仔', '小金', '刘晓晔', '纪帅', '吴晴', '杨舒涵', '张山', '黄一飞', '徐浩霖', '施羽']",['忠犬大营救'],"['剧情', '爱情', '冒险']",[''],[],[' 汉语普通话']
[' 俄罗斯'],"['罗伯特·伦塞', '阿列克谢·特斯蒂斯林', '刘凌峰']",['86'],['12'],[],['冰雪女王4：魔镜世界 The Snow Queen: Mirrorlands'],"['动画', '家庭', '奇幻', '冒险']",[''],[],[' 俄语']
[' 中国大陆'],['张伟国'],['85'],['09'],"['丁汇宇', '鲁筱冉', '史磊', '滕艺', '魏峰']",['山海伏魔之追月'],"['剧情', '动作', '爱情', '奇幻', '冒险', '古装']",[''],[],[' 汉语普通话']
[' 中国大陆'],['崔燕'],['89'],['10'],"['杨玥', '王梓权', '德温·沃勒尔', '缪艺豪', '王往', '张杨智子', '安东尼·加瓦德', '杨名', '黄锦江']",['非洲遇见你'],"['喜剧', '动作', '爱情', '冒险']",[''],[],[' 汉语普通话 / 英语']
[' 中国大陆'],['李亚东'],['90'],['11'],"['芦鑫', '马千壹', '刘威州', '秦楚明', '何文海', '童虎', '萧婷', '王勇超', '张登云']",['河盗'],"['动作', '冒险', '古装']",[''],[],[' 汉语普通话']
[' 巴西'],"[""Mauro D'Addio""]",['72'],['03'],"['卡乌昂·马丁斯', 'Marcio Magno', 'Igro Ozzy', 'Lara Boldorini']",['骑行之旅 On Wheels'],"['剧情', '家庭', '冒险']",[''],[],[' 葡萄牙语']
[' 意大利'],['Gabriele Pignotta'],['90'],"['11(意大利)"">2018']",[],['奥茨与神秘的时间 Ötzi e il mistero del tempo'],"['剧情', '奇幻', '冒险']",[''],[],[' 意大利语']
[' 中国大陆'],['关尔'],['92'],['03'],"['侯佩杉', '陈天淼', '沈楷茗', '孟姿彤', '柳婧婧', '郑惠馨', '张伟东']",['史前超人'],"['剧情', '喜剧', '奇幻', '冒险']",[''],[],[' 汉语普通话']
[' 中国大陆'],['杨晟'],['67'],['09'],"['释彦能', '吉丽', '刘峰超', '博尔吉特', '赵品霖', '郭佳伊', '楚晓龙', '金钊']",['夺宝同盟之凤凰宝藏'],"['剧情', '喜剧', '动作', '冒险']",[''],[],[' 汉语普通话']
[' 中国大陆'],['陈设'],['78'],['08'],"['王雪沁', '吴凡', '周宗禹', '强光宗', '张艺文', '唐泽宗', '濮心宇']",['旅行吧！井底之蛙'],"['动画', '奇幻', '冒险']",[''],[],[' 汉语普通话']
[' 中国大陆'],['何永涛'],['90'],['04'],"['赵诚宇 Chengyu Zhao', '叶斯琦 Siqi Ye', '张莉莎', '郭振迦', '林京来', '鞠小云']",['勇闯女人岛'],"['喜剧', '冒险']",[''],[],[' 汉语普通话']
[' 美国'],['Xandy Smith'],[],['01'],"['约翰·鲁比', 'Kerry Knuppe', 'Antonio Jaramillo']",['解谜者 Solver'],['冒险'],[''],[],[]
[' 澳大利亚 / 加拿大 / 美国'],['詹妮弗·肯特'],['136'],['09'],"['山姆·克拉弗林', '艾斯琳·弗兰乔茜', '达蒙·海瑞曼', '伊文·莱斯利', '查理·肖特韦尔', '纳撒尼尔·迪安', '哈利·格林伍德', '马修·桑德兰', '贝卡利·加纳巴尔', 'Sam Smith', 'Michael Sheasby']",['夜莺 The Nightingale'],"['剧情', '惊悚', '冒险']",[''],[],[' 英语']
[' 荷兰'],['罗伊·雷内'],['160'],['06'],"['乔纳森·班克斯', '索伦·莫灵', '芮妮·索滕代克', '休伯·史塔普', '德雷克·德·林特', '露丝·哈弗科特', '丽莎·斯密特', '埃格伯特·让·魏伯', '吉斯·纳贝', '布里特·拉格尔', '卡米拉·戈特利布', '杰克·沃特斯', 'Flor Decleir', 'Aus Greidanus', 'Peter Faber']",['雷德白 Redbad'],['冒险'],[''],[],[' 荷兰语 / 英语']
[' 德国 / 卢森堡 / 丹麦'],"['克里斯托弗·劳恩斯坦', '沃尔夫冈·劳恩斯坦', '肖恩·麦克科马克']",['86'],['04'],"['Franciska Friede', 'Joey Guila']",['路易斯与外星人 Luis &amp; the Aliens'],"['喜剧', '科幻', '动画', '家庭', '冒险']",[''],[],[' 德语']
[' 中国大陆'],[],[],[],[],['京剧猫'],"['动画', '儿童', '奇幻', '冒险']",[''],[],[' 汉语普通话']
[' 中国大陆'],['陈设'],['77'],['06'],[],['魔镜奇缘2'],"['动画', '家庭', '冒险']",[''],[],[' 汉语普通话']
[' 中国大陆'],['胡里奥·索托·古尔皮德'],['92'],['08'],"['张璐', '陈红', '张云龙', '杨希', '郭政建', '张遥函', '胡静', '刘琮', '敖磊', '贾小军', '涂小鸦']",['深海历险记'],"['喜剧', '动画', '冒险']",[''],[],[' 汉语普通话']
[' 中国大陆'],['龙新远'],[],['09'],"['鲍晓', '潘若瑶']",['造梦游戏'],"['喜剧', '爱情', '科幻', '奇幻', '冒险']",[''],[],[' 汉语普通话']
[' 中国大陆'],['李宝坤'],['75'],['12'],[],['超时空大冒险'],"['动画', '家庭', '冒险']",[''],[],[' 汉语普通话']
[' 中国大陆'],['赵勇'],['78'],['09'],"['苗大壮', '程琢', '范子绮']",['丛林敢死队'],"['喜剧', '动作', '爱情', '科幻', '冒险']",[''],[],[' 汉语普通话']
[' 中国大陆'],['晋永杰'],['75'],['01'],"['陈馨儿', '王欢', '郑中玉', '刘彪', '赵梓含', '黎真安']",['盗梦医师'],"['动作', '悬疑', '犯罪', '冒险']",[''],[],[' 汉语普通话']
[' 美国'],['Anna Elizabeth James'],[],['08'],"['丹妮丝·理查兹', '玛德琳·卡罗尔', '约瑟夫·劳伦斯 Joseph Lawrence', '卡西·汤普森 Cassi Thomson', '尼克·西塞 Nick Searcy', 'Amber Frank', 'Grace Johnston', 'Manolo Gonzalez Vergara', '奥莉维亚·乔丹', 'Joshua Marble']",['骏马开心果 Pistachio'],"['家庭', '冒险']",[''],[],[' 英语']
[' 中国大陆'],['周暮寒'],[],['02'],"['侯卫星', '宋琦', '陈熙文', '闫正君']",['盗青春1997'],"['奇幻', '冒险']",[''],[],[' 汉语普通话']
[' 中国大陆'],['金育'],['105'],['01'],"['叶佳鑫', '邵琦']",['刺龟纪'],"['奇幻', '冒险']",[''],[],[' 汉语普通话']
[' 中国大陆'],['吴晓东'],['89'],['02'],"['康钰潇', '杨家麟', 'Aber Mae', '廖佳军', 'Samuel Goldstein', 'Alex', '钟远林', '孔斐', '马小华']",['熊猫石的奇幻旅行'],"['儿童', '奇幻', '冒险']",[''],[],[' 汉语普通话']
[' 中国大陆'],['吴琼'],['60'],['04'],"['于婷婷', '马琰', '潘春春', '沈梦瑶', '刘耀阳', '王千一', '林雪', '李菁', '骆达华', '王伟华']",['梦春记'],"['喜剧', '爱情', '悬疑', '情色', '犯罪', '冒险']",[''],[],[' 汉语普通话']
[' 中国大陆'],['张大卫'],['60'],['07'],"['陈志春', '刘钰', '张大卫']",['漫有目的'],['冒险'],[''],[],[' 慈溪话 / 汉语普通话']
[' 中国大陆'],['回鹿'],['88'],['03'],"['李威', '田家达', '赵琳苑']",['魔盗同盟'],"['动作', '冒险']",[''],[],[' 汉语普通话']
[' 中国大陆'],['苗金光'],['77'],[],"['曹雷', '卢森堡', '尹艺佳', '孔星晴', '张含笑', '张磊']",['大漠之战'],"['恐怖', '冒险']",[''],[],[' 汉语普通话']
[' 中国大陆'],['袁明涛'],['82'],['03'],"['王翔弘', '钱漪', '刘添月', '楼学贤', '黄彦', '许诺']",['神探云笔记1'],"['剧情', '动作', '悬疑', '犯罪', '冒险']",[''],[],[' 汉语普通话']
[' 中国大陆'],['杨峻'],['90'],['10'],"['黄煊旂', '周芷雅', '林立浩', '马子晴', '杨青山', '任颖衡']",['一惊到底2：反斗空城'],"['喜剧', '科幻', '冒险']",[''],[],[' 汉语普通话']
[' 南非 / 德国'],['贾梅尔·奎比卡'],['118'],['09'],"['坎迪斯·麦克卢尔', '彼得·库尔特', '戴维·詹姆斯', '邦基尔·曼赛', 'Dave Walpole', 'Antoinette Louw', 'Bok van Blerk', 'Zolisa Xaluva', 'Brenda Ngxoli', 'Ezra Mabengeza']",['缝冬吾肤 Sew the Winter to my Skin'],"['动作', '冒险']",[''],[],[' 南非语 / 科萨语 / 英语']
[' 中国大陆'],['张轩南'],['81'],['01'],"['赵思', '岳小优', '朱杰']",['热血古惑女'],"['剧情', '动作', '爱情', '冒险']",[''],[],[' 汉语普通话']
[' 中国大陆'],['安佳星'],['60'],['03'],['梁家仁'],['误入神秘岛'],"['悬疑', '儿童', '冒险']",[''],[],[' 汉语普通话']
[' 中国大陆'],['李承达'],['83'],['01'],"['古亚鹏', '郑伇奇', '邰靖懿', '王硕']",['飘逸法师之冥界女妖'],"['剧情', '喜剧', '爱情', '奇幻', '冒险', '武侠', '古装']",[''],[],[' 汉语普通话']
[' 中国大陆'],['张华'],['92'],['07'],"['詹牧', '叶梓棠', '向佐', '王美心', '贾瑞']",['笑澳江湖2'],"['喜剧', '爱情', '悬疑', '冒险']",[''],[],[' 汉语普通话']
[' 中国大陆'],['张宴尘'],['90'],['04'],"['何为', '黄诗佳', '赵思玫', '王鑫尧', '胡天成', '王海洋', '张元洲', '哈松']",['飞鸿笑传之黑蝙蝠'],"['喜剧', '动作', '爱情', '历史', '冒险', '武侠', '古装']",[''],[],[' 汉语普通话']
[' 美国'],['Richard Rich'],['79'],['03'],"['Grant Durazzo', 'Kellen Goff', 'Nina Herzog', 'Jayden Isabel', '大卫·洛奇']",['天鹅公主：皇室之谜 The Swan Princess: A Royal Myztery'],"['喜剧', '动画', '冒险']",[''],[],[' 英语']
[' 中国大陆'],"['梁志成', '陈乐春']",['65'],['02'],"['溱浩', '刘洋子', '海生', '许建', '猛子', 'Simone']",['佣兵特战队'],"['动作', '科幻', '冒险']",[''],[],[' 汉语普通话']
[' 美国'],[],[],[],[],['百兽王 Voltron'],"['动作', '动画', '奇幻', '冒险']",[''],[],[]
[],[],[],[],[],['海底人 Sub-Mariner'],"['剧情', '动作', '冒险']",[''],[],[]
[' 中国大陆'],['达拉斯·金'],['81'],['09'],"['Tamra Dae', 'Elisha Kriis']",['消失的世界'],['冒险'],[''],[],[]
[' 中国大陆'],['左丰衔'],['78'],['02'],"['宋恺', '李镇男', '白云峰', '何乙轩', '尹扬明', '袁祥仁', '胜钢', '葛凌芮']",['探案录骨笛魔音'],"['动作', '悬疑', '冒险']",[''],[],[' 汉语普通话']
[' 中国大陆'],['张耘海'],['90'],['11'],"['赵东昊', '张子俊', '杜安琪', '贾晓龙', '孙婧容', '李雅静', '何若鹤']",['守墓人之龙棺海昏侯'],"['动作', '悬疑', '奇幻', '冒险']",[''],[],[' 汉语普通话']
[' 美国'],['Philip Chidel'],['85'],['09'],"['劳伦 麦克奈特', '克里斯蒂安·奥列佛', '杰弗里·文森特·帕里塞', 'Tory Taranova', '吉米·让-刘易斯', '扎齐·罗伊瑞格', 'Dean Stapleton', 'Kari Windingstad', 'Alaina Garland']",['野生世界 The Outer Wild'],"['科幻', '惊悚', '恐怖', '奇幻', '冒险']",[''],[],[' 英语']
[' 美国'],['扎克·高登'],['97'],['04'],"['朗·普尔曼', '马丁·斯塔尔', '杰克·麦克道曼']",['614号逃犯 The Escape of Prisoner 614'],"['剧情', '喜剧', '犯罪', '冒险']",[''],[],[' 英语']
[' 中国大陆'],['亚伯拉罕·林'],['103'],['12'],"['周乾畅', '赵振宇', '向川', '王晓凤', '王皓', '许馨予']",['一路癫狂'],"['剧情', '喜剧', '爱情', '冒险']",[''],[],[' 汉语普通话 / 英语 / 韩语']
[' 澳大利亚'],['Adrian Castro'],['109'],['04'],['Tamara Guo'],['暗域 Hidden Peaks'],"['剧情', '动作', '冒险']",[''],[],[' 英语']
[' 中国大陆'],['陈晓曦'],['86'],['01'],"['刚毅', '赵梓童']",['顺疯车'],"['喜剧', '悬疑', '冒险']",[''],[],[' 汉语普通话']
[' 德国 / 澳大利亚'],"['Noel Cleary', 'Sergio Delfino', '亚力克斯·施塔德曼']",['85'],"['03', '04']","['可可·杰克·吉利斯', 'Benson Jack Anthony', '理查德·劳斯伯格', '贾丝婷·克拉克', 'Marney McQueen', 'Linda Ngo', 'Cam Ralph', 'Jordan Hare', '山姆·哈夫特', 'Peter McAllum', 'Tess Meyer', 'Jane Ubrien', 'Stavroula Adameitis', 'David Collins', 'Shane Dundas', 'Jimmy James Eaton']",['玛雅蜜蜂历险记2：蜜糖游戏 Maya the Bee: The Honey Games'],"['喜剧', '动画', '儿童', '冒险']",[''],[],[' 英语']
[' 中国大陆'],['张迪财'],[],['10'],"['王心嫚', '王洪千']",['变异狂蟒'],"['动作', '惊悚', '冒险']",[''],[],[]
[' 中国大陆'],"['晏天际', '窦微']",['86'],['10'],"['洪紫琳', '李鹤楠', '于洛熙', '葛天', '王炳乔', '刘惠', '陈招', '阿肯', '周剑飞', '管贞喧', '美伊', '安龙', 'Milano', '毛秀婷', '毛秀玲', '齐冰', '马驰', '王启蘅', '金韬', '赵寅辰', '宋曌晗', '侯雪艳', '殷晓维', '何然', '祁建国', '张天宇', '肖磊', '萌宝宝', '侯耀华', '腾奎兴', '郭忆然', '赵英龙', '钟小丹', '杜邱', '马满', '王虹', '黄静', '卢晓倩', '李雪', '王子彤', '刘芯嘉', '蔡姿利', '张汐', '陈志颖', '陈婉仪', '灵药', '殷若曦', '雪千琪', '魏鹏', '杨铮', '慕岩', '史蒂文·达兹', '侯晶皓', '牛中华', '常峰辉', '王朋朋', '潘靖康', '柏树森', '潘臣', '汪齐', '葛亮', '张雪峰']",['探魔导师2之王者联盟'],"['喜剧', '动作', '冒险']",[''],[],[' 汉语普通话']
[' 中国大陆'],['张迪财'],[],['10'],"['王心嫚', '王洪千']",['变异狂蟒'],"['动作', '惊悚', '冒险']",[''],[],[]
[' 中国大陆'],"['晏天际', '窦微']",['86'],['10'],"['洪紫琳', '李鹤楠', '于洛熙', '葛天', '王炳乔', '刘惠', '陈招', '阿肯', '周剑飞', '管贞喧', '美伊', '安龙', 'Milano', '毛秀婷', '毛秀玲', '齐冰', '马驰', '王启蘅', '金韬', '赵寅辰', '宋曌晗', '侯雪艳', '殷晓维', '何然', '祁建国', '张天宇', '肖磊', '萌宝宝', '侯耀华', '腾奎兴', '郭忆然', '赵英龙', '钟小丹', '杜邱', '马满', '王虹', '黄静', '卢晓倩', '李雪', '王子彤', '刘芯嘉', '蔡姿利', '张汐', '陈志颖', '陈婉仪', '灵药', '殷若曦', '雪千琪', '魏鹏', '杨铮', '慕岩', '史蒂文·达兹', '侯晶皓', '牛中华', '常峰辉', '王朋朋', '潘靖康', '柏树森', '潘臣', '汪齐', '葛亮', '张雪峰']",['探魔导师2之王者联盟'],"['喜剧', '动作', '冒险']",[''],[],[' 汉语普通话']
[' 中国大陆'],['冯铁城'],['88'],['06'],"['于果儿', '王可', '大卫·毕加索', '杨梓艺', '王海峰', '恩纳', '马丽']",['致命夺宝'],"['动作', '爱情', '冒险']",[''],[],[' 汉语普通话']
[' 俄罗斯'],['丹尼斯·切尔诺夫'],['85'],['04'],[],['开心球：似曾相识 Смешарики. Дежавю'],"['喜剧', '动画', '冒险']",[''],[],[' 俄语']
[' 中国大陆'],['苗大伟'],['78'],['09'],"['樊少皇', '王德顺', '王欣如']",['深海巨妖2'],"['奇幻', '冒险']",[''],[],[' 汉语普通话']
[' 韩国'],"['吴成允', '李春白']",['100'],['07'],"['都暻秀', '朴素丹', '朴哲民']",['萌犬流浪记 언더독'],"['动画', '冒险']",[''],[],[' 韩语']
[' 中国大陆'],['张昭宏'],['70'],['04'],"['陈观泰', '小杉健', '田惺', '李根']",['天监师之末法时代'],"['动作', '奇幻', '冒险']",[''],[],[' 汉语普通话']
[' 中国大陆'],['周望'],[],['02'],"['陈信喆', '朱庭辰', '程思寒', '陈诺']",['伏藏师'],"['喜剧', '动作', '爱情', '奇幻', '冒险', '武侠']",[''],[],[' 汉语普通话']
[' 印度'],['Sankalp Reddy'],['131'],['12'],"['Varun Tej', '阿娣提·拉奥·希达里', 'Lavanya Tripathi']",['深太空时速9000公里 Antariksham 9000 kmph'],"['科幻', '冒险']",[''],[],[' 泰卢固语']
[' 中国大陆'],['何明'],[],[],"['何李宁', '袁中方']",['纵横江湖'],"['剧情', '动作', '冒险', '武侠', '古装']",[''],[],[' 汉语普通话']
[' 中国大陆'],['孙丽'],['78'],['08'],"['韩青芸', '李雨壕', '梁家仁', '黄科源', '黄婧楠']",['避尘珠'],"['动作', '爱情', '奇幻', '冒险']",[''],[],[' 汉语普通话']
[' 美国'],['Tom Konkle'],['112'],['04'],"['劳伦·白考尔', '布里特妮·波威尔']",['麻烦是我的事 Trouble Is My Business'],"['犯罪', '冒险']",[''],[],[' 英语']
[' 中国大陆'],['桑坤'],[],['10'],"['张喜来', '郑惜月', '丁贺', '胡小宝']",['半部天书'],"['悬疑', '奇幻', '冒险', '古装']",[''],[],[' 汉语普通话']
[' 美国'],['乔治·塞拉菲尼'],[],[],[],['Search and Rescue'],"['剧情', '动作', '家庭', '冒险']",[''],[],[' 英语']
