地区,导演,时长,月份,演员,电影名,类型,评分,评论数,语言
[' 日本'],['安藤正臣'],['24'],['06'],"['松田利冴', '下地紫野', '松风雅也', '新谷真弓', '津田健次郎', '内山夕实', '市道真央', '後藤啓介']",['哈库梅伊与蜜珂析OVA：螺丝与床 / 地炉与博弈 ハクメイとミコチOVA「ネジとベッド と 囲炉裏と博打」'],"['动画', '奇幻']",['9.2'],['221'],[' 日语']
[' 美国'],[],['11'],['07'],"['杰里米·沙达', '约翰·迪·玛吉欧', '汤姆·肯尼', '奥利维亚·奥尔森', '贾斯汀·罗兰', '海登·瓦尔希', '彭德尔顿·沃德']",['探险活宝之钻石与柠檬 Adventure Time: Diamonds and Lemons'],"['喜剧', '动画']",['9.1'],['73'],[' 英语']
[' 日本'],[],['14'],['12'],"['金田朋子', '高桥李依', '米泽圆', '坂本真绫', '能登麻美子', '大久保瑠美', '斋藤千和', '种田梨沙', '丹下樱', '野中蓝', '小见川千明']",['从漫画了解！Fate/Grand Order マンガで分かる！Fate/Grand Order'],"['喜剧', '动画']",['9.1'],['179'],[' 日语']
[' 日本'],['石立太一'],['34'],['07'],"['石川由依', '子安武人', '日笠阳子', '远藤绫', '内山昂辉', '茅原实里', '户松遥']",['紫罗兰永恒花园 Extra Episode ヴァイオレット・エヴァーガーデン Extra Episode'],"['剧情', '动画']",['8.9'],['2209'],[' 日语']
[' 日本'],['肥冢正史'],[],[],"['岛村侑', '石冢运升', '中田让治', '石川界人', '水内清光', '石川由依']",['进击的巨人 LOST GIRLS 進撃の巨人 LOST GIRLS'],"['动作', '动画', '冒险']",['8.8'],['2405'],[' 日语']
[' 日本'],['安彦良和'],['84'],['05'],"['池田秀一', '潘惠美', '银河万丈', '渡边明乃', '三宅健太', '古谷彻', '柿原彻也', '古川登志夫', '福圆美里', '大塚明夫']",['机动战士高达THE ORIGIN VI 赤色彗星诞生 機動戦士ガンダム THE ORIGIN 誕生 赤い彗星'],"['科幻', '动画']",['8.8'],['2171'],[' 日语']
[' 美国'],"['鲍勃·佩尔西凯蒂', '彼得·拉姆齐', '罗德尼·罗斯曼']",['116'],"['12', '12']","['沙梅克·摩尔', '杰克·约翰逊', '海莉·斯坦菲尔德', '马赫沙拉·阿里', '布莱恩·泰里·亨利', '莉莉·汤姆林', '劳伦·维勒斯', '佐伊·克罗维兹', '约翰·木兰尼', '金可·格伦', '尼古拉斯·凯奇', '凯瑟琳·哈恩', '列维·施瑞博尔', '克里斯·派恩', '娜塔丽·莫瑞丝', '奥斯卡·伊萨克', '格里塔·李', '斯坦·李', '乔玛·塔科内', '华金·科西奥', '蕾克·贝尔', '梅勒妮·海恩斯', '尼克·杰恩', '穆尼卜·拉赫曼', '卡洛斯·萨拉戈萨', '黛西·罗斯·布莱内斯', '里夫·霍顿', '哈里森·奈特', '莱克斯·朗', '凯特琳·麦肯纳-威尔金森', '斯科特·门维尔', '克里斯托弗·米勒', '德维卡·帕利赫', '柯特妮·佩尔顿', '克里斯蒂·法瑞斯', '杰奎琳·皮诺尔', '贾斯汀·沉卡罗', '梅利莎·斯特姆']",['蜘蛛侠：平行宇宙 Spider-Man: Into the Spider-Verse'],"['动作', '科幻', '动画', '冒险']",['8.7'],['346647'],[' 英语 / 西班牙语']
[' 日本'],['赤城博昭'],['24'],['07'],"['高桥李依', '梶裕贵', '小原好美', '市道真央', '小仓唯', '内田雄马', '小岩井小鸟', '落合福嗣', '冈本信彦']",['擅长捉弄人的高木同学OVA：水滑梯 からかい上手の高木さん OVA 「ウォーター・スライダー」'],"['喜剧', '爱情', '动画']",['8.7'],['322'],[' 日语']
[' 日本'],['立川让'],['60'],['03'],"['伊藤节生', '樱井孝宏', '大塚明夫', '入野自由']",['灵能百分百 REIGEN モブサイコ100 REIGEN ～知られざる奇跡の霊能力者～'],"['动画', '奇幻']",['8.7'],['3087'],[' 日语']
[' 日本'],['山田尚子'],['90'],['04'],"['种崎敦美', '东山奈央', '本田望结', '藤村鼓乃美', '山冈百合', '杉浦诗织', '黑泽朋世', '朝井彩加', '丰田萌绘', '安济知佳', '桑岛法子', '中村悠一', '樱井孝宏']",['利兹与青鸟 リズと青い鳥'],"['剧情', '动画', '音乐']",['8.6'],['12438'],[' 日语']
[' 日本'],['新房昭之'],['148'],['11'],"['神谷浩史', '斋藤千和', '加藤英美里', '泽城美雪', '花泽香菜', '堀江由衣', '喜多村英梨', '井口裕香', '早见沙织', '井上麻里奈', '坂本真绫', '水桥香织', '根谷美智子']",['续·终物语 続・終物語'],"['剧情', '动画', '奇幻']",['8.6'],['1151'],[' 日语']
[' 日本'],['川面真也'],['71'],['08'],"['小岩井小鸟', '村川梨衣', '佐仓绫音', '阿澄佳奈', '名塚佳织', '佐藤利奈', '福圆美里', '新谷良子', '下地紫野', '平松晶子', '筱原惠美', '绫濑有']",['悠哉日常大王剧场版：假期活动 劇場版 のんのんびより ばけーしょん'],"['喜剧', '动画']",['8.6'],['1549'],[' 日语']
[' 日本'],['石原立也'],['94'],['01'],"['福山润', '内田真礼', '赤崎千夏', '浅仓杏美', '上坂堇', '长妻树里', '仙台惠理', '大塚芳忠', '保志总一朗', '岩男润子', '福原香织', '天野由梨', '冲佳苗', '井上喜久子', '设乐麻美', '山冈百合']",['中二病也要谈恋爱！剧场版 -Take On Me- 映画 中二病でも恋がしたい！ -Take On Me-'],"['喜剧', '爱情', '动画']",['8.5'],['3140'],[' 日语 / 意大利语']
[' 匈牙利'],['米洛拉德·科斯蒂奇'],['94'],"['08', '11']","['伊万·卡马拉斯', '加布里瑞拉·哈默里', '佐兰·马克兰兹', '乔鲍·马顿', '保罗‧贝兰托尼', '马特·戴维尔', '卡塔琳‧东比', '亨利‧格兰特', '彼得·林卡', '马泰‧梅萨罗什', '加博尔·纳吉帕尔', '维吉尼亚‧普罗德']","['盗梦特攻队 Ruben Brandt, a gyüjtö']","['动画', '犯罪']",['8.4'],['17459'],[' 英语 / 匈牙利语']
[' 比利时 Belgium / 法国 / 荷兰 Netherlands / 卢森堡 Luxembourg'],"['Emma De Swaef', 'Marc James Roels']",['44'],['05'],[],['这绝妙的蛋糕！ Ce magnifique gâteau!'],"['喜剧', '动画', '历史']",['8.4'],['148'],[' 荷兰语 Dutch / 法语']
[' 日本'],['谷口悟朗'],['133'],['02'],"['福山润', '樱井孝宏', '野上尤加奈', '小清水亚美', '名塚佳织', '成田剑', '折笠富美子', '大原沙耶香', '杉山纪彰', '千叶纱子', '水岛大宙', '若本规夫', '河城英之介', '井上伦宏', '三户耕三', '内田聪明', '保志总一朗', '后藤邑子', '白鸟哲', '井上喜久子', '山野井仁', '皆川纯子', '南央美', '梁田清之', '幸野善之', '宝龟克寿', '中田让治', '渡边明乃', '真殿光昭', '桧山修之', '加濑康之', '新井里美', '仓田雅世', '高田裕司', '私市淳', '二又一成', '岛香裕', '金井美香', '须藤沙织', '绿川光']",['代号基亚斯：反叛的鲁路修2之叛道 コードギアス 反逆のルルーシュⅡ 叛道'],['动画'],['8.3'],['813'],[' 日语']
[' 日本'],['谷口悟朗'],['140'],['05'],"['福山润', '樱井孝宏', '野上尤加奈', '小清水亚美', '名塚佳织', '绿川光', '金井美香', '伊藤沙织', '高田裕司', '真殿光昭', '仓田雅世', '桧山修之', '私市淳', '加濑康之', '水岛大宙', '成田剑', '千叶纱子', '白鸟哲', '井上喜久子', '新井里美', '大原沙耶香', '折笠富美子', '杉山纪彰', '保志总一朗', '后藤邑子', '井上伦宏', '三户耕三', '内田聪明', '中田让治', '皆川纯子', '幸野善之', '渡边明乃', '山野井仁', '河城英之介', '百百麻子', '若本规夫']",['代号基亚斯：反叛的鲁路修3之皇道 コードギアス 反逆のルルーシュⅢ 皇道'],"['动作', '科幻', '动画']",['8.3'],['895'],[' 日语']
[' 日本'],['加藤敏幸'],[],['07'],"['櫻井孝宏', '种崎敦美', '間島淳司']",['岸边露伴一动不动 六壁坂 岸辺露伴は動かない 六壁坂'],"['剧情', '动画', '惊悚']",['8.3'],['356'],[' 日语']
[' 美国'],['Rareko'],['22'],['12'],"['Kaolip', 'Shingo Kato', 'Komegumi Koiwasaki', 'Maki Tsuruta', 'Sôta Arai', 'Mina Inoue', 'Yukie Takahashi', 'Rareko', 'Jamison Boaz', 'G.K. Bowes', '本·迪斯金', '托德·哈伯空', '塔拉·普拉特', '帕特里克·赛兹']",['职场小烈：重金属圣诞快乐 アグレッシブ烈子: We Wish You A Metal Christmas'],"['喜剧', '爱情', '动画', '音乐']",['8.3'],['83'],[' 日语']
[' 美国 / 德国'],['韦斯·安德森'],['97'],"['04', '02', '03']","['布莱恩·科兰斯顿', '爱德华·诺顿', '科宇·兰金', '列维·施瑞博尔', '比尔·默瑞', '杰夫·高布伦', '鲍勃·巴拉班', '野村训市', '格蕾塔·葛韦格', '斯嘉丽·约翰逊', '蒂尔达·斯文顿', '弗兰西斯·麦克多蒙德', '罗曼·科波拉', '卡拉·海沃德', '高山明', '伊藤晃', '哈威·凯特尔', 'F·默里·亚伯拉罕', '小野洋子', '渡边谦', '夏木真理', '费舍·史蒂芬斯', '村上虹郎', '考特尼·万斯', '安杰丽卡·休斯顿', '野田洋次郎', '山田孝之', '秋元梢', '松田翔太', '松田龙平', '池田依来沙', '杰克·莱恩', '育乃介', '儿玉太智', '卡琳·奥克索', '弗兰克·伍德', '爱德华·博奇']",['犬之岛 Isle of Dogs'],"['喜剧', '动画', '冒险']",['8.3'],['165812'],[' 英语 / 日语']
[' 日本'],['岸诚二'],[],['12'],"['木野日菜', '长江里加', '小原好美', '前川涼子', '置鲇龙太郎', '井上穗乃花', '金泽舞']",['来玩游戏吧 OAD あそびあそばせ OAD'],"['喜剧', '动画']",['8.3'],['132'],[' 日语']
[' 台湾'],['許哲瑜 Hsu Che-yu'],['40'],[],[],['穿颅透写'],"['剧情', '动画']",['8.3'],['82'],[' 汉语普通话 / 台语']
[' 日本'],['阿部记之'],['29'],['10'],"['天野由梨', '千叶繁', '桧山修之', '室井深雪', '绪方惠美', '佐佐木望']",['幽游白书外传 幽遊白書 「TWO SHOTS」「のるか そるか」'],['动画'],['8.2'],['124'],[' 日语']
[' 日本'],['千明孝一'],['83'],['01'],"['关智一', '雪野五月', '野上尤加奈', '三木真一郎', '根谷美智子', '大塚明夫', '田中正彦', '浪川大辅']",['全金属狂潮 One Night Stand フルメタル・パニック! ワン・ナイト・スタンド'],['动画'],['8.2'],['82'],[' 日语']
[' 日本'],['京极义昭'],['5'],['07'],"['花守由美里', '东山奈央', '原纱友里', '丰崎爱生']",['摇曳露营SP サバキャン△ ゆるキャン△ SP サバキャン△'],['动画'],['8.2'],['90'],[' 日语']
[' 日本'],['森田侑希'],['24'],['12'],"['花泽香菜', '前野智昭', '小野大辅', '井上喜久子', '长绳麻理亚', '樱井孝宏', '早见沙织', '杉田智和', '乃村健次', '江越彬纪', '佐藤健辅', '柳田淳一', '熊谷健太郎', '小林千晃', '山本祥太', '铃木峻汰', '贯井柚佳', '木村珠莉', '小林裕介', '古川慎', '能登麻美子']",['工作细胞特别篇：感冒 はたらく細胞 特別編 風邪症候群'],['动画'],['8.2'],['975'],[' 日语']
[' 美国'],"['亚伦·霍瓦斯', '皮得·里达·米切尔']",['84'],['07'],"['尼古拉斯·凯奇', '克里斯汀·贝尔', '威尔·阿奈特', '塔拉·斯特朗', '詹姆斯·柯登', '卡里·佩顿', '格雷格·西佩斯', '斯坦·李', '哈尔希', '吉米·坎摩尔', '斯科特·门维尔', '海登·瓦尔希', '达纳·斯耐德', 'Lil Yachty']",['少年泰坦出击电影版 Teen Titans Go! To the Movies'],"['喜剧', '动作', '动画']",['8.1'],['3575'],[' 英语']
[' 美国'],"['菲尔·约翰斯顿', '瑞奇·摩尔']",['112'],"['11', '11']","['约翰·C·赖利', '萨拉·西尔弗曼', '盖尔·加朵', '塔拉吉·P·汉森', '杰克·麦克布瑞尔', '简·林奇', '艾伦·图代克', '阿尔弗雷德·莫里纳', '艾德·奥尼尔', '肖恩·吉布朗尼', '弗卢拉·博格', '蒂莫西·西蒙斯', '黄阿丽', '韩秘书·布雷克', '葛洛泽尔·格林', '瑞贝卡·薇索基', '山姆·理查森', '雅布其·杨-怀特', '莫里斯·拉马奇', '梅丽莎·维拉斯诺', '凯蒂·洛斯', '贾米·埃曼', '霍拉提奥·桑斯', '亚历克斯·莫法特', '琼·斯奎布', '德拉·萨巴', '菲尔·约翰斯顿', '约翰·迪·玛吉欧', '瑞奇·摩尔', '科琳·巴林杰', '达尼·费尔南德斯', '蒂芙妮·赫雷拉', '阿娜·奥缇兹', '迪安娜·阿格隆', '杰森·曼兹沃克斯', '雷蒙德·S·佩尔西', '伏霞', '罗杰·克莱格·史密斯', '蒂姆·艾伦', '布拉德·加内特', '安东尼·丹尼尔斯', '科里·伯顿', '范·迪塞尔', '维韦卡·波林', '迈克·吉亚奇诺', '凯文·迪特斯', '尼可·斯彻金格', '丹·雷诺斯', '艾琳·贝达', '克里斯汀·贝尔', '裘蒂·班森', '奥丽伊·卡瓦洛', '詹妮弗·黑尔', '凯特·希金斯', '琳达·拉金', '凯莉·麦克唐纳', '伊迪娜·门泽尔', '曼迪·摩尔', '佩吉·奥哈拉', '帕米拉·里本', '阿尼卡·诺尼·罗斯', '温明娜', '珍妮卡·贝尔格雷', '比尔·哈德尔']",['无敌破坏王2：大闹互联网 Ralph Breaks the Internet'],"['喜剧', '动画', '奇幻', '冒险']",['8.1'],['232283'],[' 英语']
[' 智利 / 德国'],"['乔奎因·科西纳', '克里斯托弗·列昂']",['75'],['02'],"['阿玛莉亚·卡西尼', '雷纳·克劳斯']",['狼屋 La casa lobo'],"['剧情', '动画', '恐怖']",['8.0'],['2453'],[' 西班牙语 / 德语']
[' 美国'],['马克·福斯特'],['104'],['08'],"['伊万·麦克格雷格', '海莉·阿特维尔', '勃朗特·卡迈克尔', '马克·加蒂斯', '奥利弗·福德·戴维斯', '阿德里安·斯卡伯勒', '罗杰·阿什顿-格里菲斯', '阿曼达·劳伦斯', '凯蒂·卡迈克尔', '特里斯坦·斯特罗克', '保罗·查希迪', '迈克尔·吉恩', '舒雅德·法瑞斯', '马特·贝里', '西蒙·法纳比', '麦肯锡·克鲁克', '吉姆·库宁斯', '布拉德·加内特', '尼克·穆罕默德', '彼得·卡帕尔迪', '苏菲·奥康内多', '托比·琼斯', '李·阿斯奎斯-柯', '罗伊·贝克', '金塔雷·贝尼奥拉维特', '贝恩·科拉科', '托马斯·派登', '库姆德·潘特', '理查德·谢尔曼', '彼得·辛格', '卡罗尔·斯蒂尔', '艾薇·维']",['克里斯托弗·罗宾 Christopher Robin'],"['喜剧', '动画', '冒险']",['8.0'],['21729'],[' 英语']
[' 日本'],[],[],['09'],"['飞田展男', '上田耀司', '高木涉', '橘U子']",['黄金神威 OAD ゴールデンカムイ OAD'],['动画'],['8.0'],['131'],[' 日语']
[' 日本'],"['大森贵弘', '伊藤秀树']",['104'],['09'],"['神谷浩史', '井上和彦', '高良健吾', '小林沙苗', '泽城美雪', '石田彰', '藤村步', '村濑步', '伊藤美纪', '伊藤荣次', '堀江一真', '佐藤利奈', '木村良平', '菅沼久义', '雪野五月', '川澄绫子', '樋口晓里', '冈村明美', '黑田崇矢', '长岛雄一', '松山鹰志', '下崎纮史', '知桐京子', '岛本须美']",['夏目友人帐 劇場版 夏目友人帳 ～うつせみに結ぶ～'],"['剧情', '动画', '奇幻']",['8.0'],['70676'],[' 日语']
[' 法国'],['米歇尔·欧斯洛'],['94'],"['06', '10']","['Prunelle Charles-Ambron', 'Enzo Ratsito', '纳塔莉·德赛']",['迪哩哩在巴黎 Dilili à Paris'],['动画'],['8.0'],['171'],[' 法语']
[' 美国'],['布拉德·伯德'],['118'],"['06', '06']","['格雷格·T·尼尔森', '霍利·亨特', '莎拉·沃威尔', '赫克·米尔纳', '伊莱·富西尔', '凯瑟琳·基纳', '塞缪尔·杰克逊', '伊莎贝拉·罗西里尼', '鲍勃·奥登科克', '布拉德·伯德', '索菲亚·布什', '乔纳森·班克斯', '约翰·拉岑贝格', '金伯利·阿代尔·克拉克', '托亚·特纳']",['超人总动员2 Incredibles 2'],"['喜剧', '动作', '动画', '冒险']",['7.9'],['178090'],[' 英语']
[' 中国大陆'],['小野败仔'],['13'],['04'],"['于越', '森中人', '冷泉夜月']",['切尔诺贝利之春 Un printemps à Tchernobyl'],"['剧情', '动画', '历史', '灾难']",['7.9'],['2090'],[' 汉语普通话']
[' 日本'],['宇田钢之助'],['105'],['08'],"['田中真弓', '中井和哉', '冈村明美', '山口胜平', '平田广明', '大谷育江', '山口由里子']",['海贼王特别篇：空岛之章'],['动画'],['7.9'],['74'],[' 日语']
[' 波兰 / 西班牙 / 德国 / 比利时 / 匈牙利'],"['Raúl de la Fuente', '达米安·纽诺']",['80'],"['05', '11']","['小田部阿基', 'Wilson Benedito', 'Ryszard Kapuscinski']",['人生的另一天 Un día más con vida'],"['动画', '传记']",['7.9'],['195'],[' 英语 / 葡萄牙语 / 波兰语 / 西班牙语']
[' 中国大陆'],['金承仁'],['37'],['05'],"['陈张太康', '佟心竹', '李兰陵', '沈念如', '阎么么', '刘明月', '瞳音', '黎筱濛', '常荣珊', '闫夜桥', '叶知秋', '小连杀']",['我是江小白 剧场版'],"['爱情', '动画']",['7.9'],['1023'],[' 汉语普通话']
[' 日本'],['石田祐康'],['117'],['08'],"['北香那', '苍井优', '钉宫理惠', '潘惠美', '福井美树', '能登麻美子', '久野美咲', '西岛秀俊', '竹中直人']",['企鹅公路 ペンギン・ハイウェイ'],"['动画', '奇幻', '冒险']",['7.9'],['12401'],[' 日语']
[' 西班牙 / 法国'],['Salvador Simó'],['80'],['10'],[],['布努埃尔之神龟迷宫 Buñuel en el laberinto de las tortugas'],"['动画', '冒险']",['7.8'],['183'],[' 西班牙语 / 法语']
[' 中国大陆'],['孙海鹏'],['98'],['08'],"['杨光普照', '孟宇', '张喆', '郭政建']",['美食大冒险之英雄烩'],"['动作', '动画', '冒险']",['7.7'],['1889'],[' 汉语普通话']
[' 日本'],['高坂希太郎'],['95'],"['06', '09']","['小林星兰', '水树奈奈', '松田飒水', '远藤璃菜', '小樱悦子', '麻上洋子', '花泽香菜', '一龙斋贞友', '寺杣昌纪', '折笠富美子', '小林由美子', '小松未可子', '田中诚人', '高桥里枝', '坂本恭平', '伊东美弥子', '野村麻衣子', '清水春香', '社本悠', '龟谷理子', '金鱼若菜', '村上裕哉', '北田理道', '内藤有海', '小松昌平', '拜真之介', '长谷川暖', '伊吹优里安', '设乐优', '霍兰千秋', '铃木杏树', '药丸裕英', '山寺宏一']",['剧场版 年轻的老板娘是小学生！ 若おかみは小学生！'],['动画'],['7.7'],['140'],[' 日语']
[' 日本'],"['荒木哲郎', '肥冢正史', '田中洋之']",['120'],['01'],"['梶裕贵', '石川由依', '井上麻里奈', '下野纮', '小林优', '三上枝织', '藤田咲', '细谷佳正', '桥诘知久', '谷山纪章', '岛村侑', '津田健次郎', '朴璐美', '小野大辅', '神谷浩史', '子安武人']",['进击的巨人剧场版：觉醒的咆哮 劇場版 進撃の巨人 Season 2 〜覚醒の咆哮〜'],"['动画', '灾难']",['7.7'],['3779'],[' 日语']
[' 日本'],['京田知己'],['94'],['11'],[],['交响诗篇 超进化2 ANEMONE 交響詩篇エウレカセブン ハイエボリューション'],['动画'],['7.6'],['63'],[' 日语']
[' 日本'],['五十岚卓哉'],['90'],['03'],"['上村祐翔', '宫野真守', '小野贤章', '谷山纪章', '诸星堇', '细谷佳正', '神谷浩史', '丰永利行', '花仓洸幸', '岛村侑', '小见川千明', '小山力也', '宫本充', '雨宫天', '诹访部顺一', '福山润', '石田彰', '中井和哉', '高桥李依', '手冢弘道', '中村千绘', '中博史', '坂本真绫']",['文豪野犬 Dead Apple 文豪ストレイドッグス Dead Apple'],"['动作', '动画']",['7.6'],['2254'],[' 日语']
[' 中国大陆'],['周圣崴'],['95'],['06'],"['吕伏阳', '周圣崴', '赵凯欣', '韩睿达', '岳嘉宝', '陈雯', '柳赛', '斯琴', '罗雪', '赵威', '孙承龙', '韩昊辰', '于良', '尹明辉', '甄鹏程', '栾冬']",['女他'],['动画'],['7.6'],['1339'],[' 无对白']
[' 法国 / 卢森堡 / 美国'],['亚历山大·埃斯皮加雷斯'],['85'],"['01', '03']","['拉斐尔·佩尔索纳', '维尔日妮·埃菲拉', '多米尼克·皮侬', '弗朗兹·康菲艾克', '克莱尔·巴拉达特', 'Laurent Natrella', '尼克·奥弗曼', '拉什达·琼斯', '保罗·吉亚玛提', '史蒂芬·克雷默·格利克曼', '艾迪·斯皮尔斯', '弗卢拉·博格', '大卫·博特', '汤姆·莫顿']",['白牙 Croc-Blanc'],"['动画', '冒险']",['7.6'],['2007'],[' 法语 / 英语']
[' 日本'],['佐藤卓哉'],['58'],['06'],"['高桥未奈美', '佐仓绫音', '木户衣吹']",['牵牛花与加濑同学 あさがおと加瀬さん。'],['动画'],['7.6'],['2059'],[' 日语']
[' 俄罗斯'],['斯坦尼斯拉夫·索科洛夫'],['73'],['06'],"['Natalya Fisson', 'Vladimir Koshevoy', 'Slawa Polunin']",['霍夫曼奇遇记 Гофманиада'],"['动画', '传记']",['7.5'],['99'],[' 俄语']
[' 美国'],['道格·墨菲'],['90'],['10'],"['马特·瑞安', '达米恩·奥哈尔', '劳拉·贝莉', '艾米丽·奥布莱恩', '罗宾·阿特金·唐斯', '雷切尔·金西', '吉姆·麦司奇门', '凯文·迈克尔·理查德森']",['康斯坦丁：恶魔之城 电影版 Constantine City of Demons: The Movie'],"['动画', '恐怖', '奇幻']",['7.5'],['5819'],[' 英语']
[' 美国'],['伊桑·斯波尔丁'],['78'],['02'],"['詹姆斯·阿诺德·泰勒', '德怀特·舒尔茨', '特罗伊·贝克', '诺兰·诺斯', '格蕾·德丽斯勒', '卡里·佩顿', '艾瑞克·鲍扎', '汤姆·肯尼', '菲尔·拉马', '凯文·迈克尔·理查德森', '凯特·米库奇', '瓦内萨·马歇尔', '迪·布拉雷·贝克尔', '杰森·斯皮萨克', '奥德丽·瓦西莱夫斯基']",['乐高DC超级英雄：闪电侠 Lego DC Comics Super Heroes: The Flash'],"['动作', '科幻', '动画']",['7.5'],['2689'],[' 英语']
[' 日本'],['渡边政治'],['60'],['10'],"['小林裕介', '高桥李依', '内山夕实', '水濑祈', '村川梨衣', '新井里美', '子安武人']",['Re：从零开始的异世界生活 Memory Snow Re:ゼロから始める異世界生活 Memory Snow'],"['动画', '奇幻']",['7.5'],['354'],[' 日语']
[' 美国'],['刘山姆'],['86'],['04'],"['克里斯蒂安·史莱特', '凡妮莎·威廉斯', '比利·布朗', '克里斯汀·鲍尔', '吉迪恩·埃默里', '连姆·麦肯泰尔', '塔拉·斯特朗', '大卫·博特', '特雷弗·德瓦', '戴夫·芬诺伊', '格雷戈·格伦伯格', 'C·托马斯·豪威尔', '茜丝·琼斯', '娜塔莉·兰德', '马修·默瑟', '朱莉·内桑森', '吉姆·皮里', '丹妮亚·拉米雷兹', '詹姆斯·乌尔班尼亚克']",['自杀小队：严厉惩罚 Suicide Squad: Hell to Pay'],"['动作', '动画']",['7.4'],['9854'],[' 英语']
[' 美国'],"['凯瑞·柯克帕特里克', '杰森·雷西格']",['96'],"['10', '09']","['查宁·塔图姆', '詹姆斯·柯登', '赞达亚', '勒布朗·詹姆斯', '科曼', '吉娜·罗德里格兹', '丹尼·德维托', '吉米·塔特罗', '雅拉·沙希迪', '伊利·亨利']",['雪怪大冒险 Smallfoot'],"['喜剧', '动画', '歌舞', '冒险']",['7.4'],['17239'],[' 英语']
[' 美国'],"['杰克·卡斯托雷纳', '刘山姆']",['81'],['07'],"['杰瑞·奥康奈尔', '丽贝卡·罗梅恩', '雷恩·威尔森', '罗莎里奥·道森', '内森·菲利安', '克里斯托弗·戈勒姆', '马特·兰特尔', '谢默·摩尔', '耐姆比·耐姆比', '杰森·奥玛拉', '乔纳森·亚当斯', '洛奇·卡罗尔', '特雷弗·德瓦', '保罗·伊丁', '帕特里克·法比安', '詹妮弗·黑尔', '马克斯·迈特尔曼', '托克斯·奥拉贡多耶']",['超人之死 The Death of Superman'],"['动作', '科幻', '动画']",['7.4'],['8549'],[' 英语']
[' 日本'],['米谷良知'],[],['05'],"['松冈祯丞', '金元寿子', '高桥未奈美']",['食戟之灵 餐之皿 OVA 极星寮的绘里奈 食戟のソーマ 餐ノ皿 極星寮のえりな'],"['动画', '儿童']",['7.4'],['171'],[' 日语']
[' 日本'],['长峰达也'],['100'],['12'],"['野泽雅子', '堀川亮', '中尾隆圣', '岛田敏', '古川登志夫', '久川绫', '山寺宏一', '森田成一', '水树奈奈', '杉田智和', '宝龟克寿']",['龙珠超：布罗利 ドラゴンボール超 ブロリー'],"['动作', '动画', '奇幻', '冒险']",['7.4'],['24581'],[' 日语']
[' 日本'],"['米林宏昌', '百濑义行', '山下明彦']",['53'],['08'],"['小田切让', '尾野真千子', '田中泯', '坂口健太郎', '木村文乃', '铃木梨央', '筱原凑大']",['谦虚的英雄 普乐卡短片剧场系列第一辑 ちいさな英雄―カニとタマゴと透明人間―'],['动画'],['7.3'],['234'],[' 日语']
[' 法国'],"['亚历山德拉·阿斯提耶尔', 'Louis Clichy']",['85'],['12'],[],['阿斯泰里克斯：魔法药水的秘密 Astérix: Le secret de la potion magique'],['动画'],['7.2'],['67'],[' 法语 / 拉丁语 Latin']
[' 日本'],['长崎健司'],['96'],['08'],"['山下大辉', '三宅健太', '志田未来', '生濑胜久', '冈本信彦', '佐仓绫音', '石川界人', '梶裕贵', '增田俊树', '广桥凉', '畠中祐', '井上麻里奈', '真堂圭', '古岛清孝', '奈良彻', '西田雅一', '细谷佳正', '喜多村英梨', '悠木碧', '名塚佳织', '小山力也', '小形满', '木村良平', '大悟', '饭田利信', '佐藤健辅', '富樫美铃', '福西胜也', '小林爱']",['我的英雄学院：两位英雄 僕のヒーローアカデミア THE MOVIE ～2人の英雄～'],"['动作', '动画']",['7.2'],['22775'],[' 日语']
[' 日本'],"['本广克行', '上村泰', '鈴木清崇']",['135'],['09'],"['林原惠美', '泽城美雪', '水濑祈', '福山润', '村中知', '中泽匡智', '黑泽朋世', '井上喜久子', '大仓孝二', '菅生隆之', '浦山迅', '铃木黎子']",['特别的她 Progressive 劇場版 フリクリ\u3000プログレ'],"['剧情', '科幻', '动画']",['7.2'],['233'],[' 日语']
[' 美国 / 爱尔兰 / 法国 / 加拿大'],['Richard Lanni'],['84'],['04'],"['海伦娜·伯翰·卡特', '罗根·勒曼', '热拉尔·德帕迪约']",['斯塔比中士：一个美国英雄 Sgt. Stubby: An American Hero'],"['动画', '历史', '战争', '冒险']",['7.2'],['212'],[' 英语']
[' 英国'],['大卫·斯特登'],['85'],['07'],"['约瑟夫·梅', '泰莉莎·加拉赫', '凯瑞·莎勒', '大卫·麦金', '金宝·张', '约翰·哈斯勒', '彼得·安德烈', '蒂娜·德赛', '露西·蒙格马利']",['托马斯大电影之世界探险记 Thomas &amp; Friends: Big World! Big Adventures! The Movie'],"['动画', '儿童']",['7.1'],['1192'],[' 英语']
[' 中国大陆 / 美国'],"['赵锐', '克里斯托弗·詹金斯']",['90'],"['03', '08']","['赵路', '武皓栋', '殷筱瑜', '金蝉妃', '童自荣', '吴磊', '赵乾景', '李传缨', '姜玉玲', '曹真', '王肖兵']",['妈妈咪鸭'],"['喜剧', '动画', '家庭', '冒险']",['7.1'],['16885'],[' 汉语普通话 / 英语']
[' 美国 / 英国 / 澳大利亚'],['威尔·古勒'],['95'],"['03', '02']","['詹姆斯·柯登', '多姆纳尔·格里森', '萝丝·拜恩', '伊丽莎白·德比茨基', '玛格特·罗比', '黛西·雷德利', '科林·穆迪', '山姆·尼尔', '希雅', '伊文·莱斯利', '费萨尔·巴齐', '克里斯蒂安·加扎尔', '玛丽安娜·琼-巴普蒂斯特', '加雷斯·戴维斯', '山姆·哈夫特', '萨莎·霍勒', '娜塔丽·朱', '特伦尼娅·爱德华兹', '费利克斯·威廉森', '许明珠', '布莱恩·布朗', '蕾切尔·沃德', '大卫·文翰', '威尔·赖歇尔特']",['比得兔 Peter Rabbit'],"['喜剧', '动画', '冒险']",['7.1'],['68757'],[' 英语']
[' 日本 / 美国'],"['本广克行', '鈴木清崇', '上村泰']",['135'],['09'],"['新谷真弓', '美山加恋', '吉田有里', '饭田里穗', '田村睦心', '小西克幸', '永冢拓马', '铃木崚汰', '伊藤美纪', '真坂真帆', '森功至', '松谷彼哉', '青山穰']",['特别的她 Alternative 劇場版 フリクリ オルタナ'],"['剧情', '科幻', '动画']",['7.0'],['262'],[' 日语']
[' 日本 / 美国'],['水崎淳平'],['85'],"['04', '06']","['山寺宏一', '高木涉', '加隈亚衣', '钉宫理惠', '田中敦子', '小野大辅', '大塚芳忠', '子安武人', '诹访部顺一', '梶裕贵', '石田彰', '河西健吾', '长岛雄一', '森川智之', '三宅健太', '长妻树里', '罗杰·克莱格·史密斯', '托尼·海尔', '格蕾·德丽斯勒', '塔拉·斯特朗', '亚当·克罗斯代尔', '弗雷德·塔特西奥', '尤里·洛文塔尔', '威尔·弗里德尔', '汤姆·肯尼', '艾瑞克·鲍扎', '马修·杨·金']",['忍者蝙蝠侠 Batman Ninja'],"['动作', '动画']",['7.0'],['12632'],[' 日语 / 英语']
[' 日本'],"['冈田麿里', '筱原俊哉']",['115'],['02'],"['石见舞菜香', '入野自由', '樱井优辉', '茅野爱衣', '梶裕贵', '细谷佳正', '佐藤利奈', '日笠阳子', '泽城美雪', '杉田智和', '久野美咲', '平田广明', '徐斌', '栗本有规', '宍户准之介', '岩川泰千', '岩崎博', '河本启佑', '咲野俊介', '伊东美弥子', '浅野真由美', '莲岳大', '内田夕夜', '前田爱', '松川央树', '岩崎谅太', '本桥大辅', '水中雅章', '柳田淳一', '川上晃太', '佐佐健太', '岛袋美由利', '矢野奖吾', '笠间淳', '藤间隼', '绵贯龙之介']",['朝花夕誓 さよならの朝に約束の花をかざろう'],"['动画', '奇幻']",['6.9'],['31755'],[' 日语']
[' 日本'],['牛岛新一郎'],['108'],['09'],"['高杉真宙', 'Lynn', '藤井雪代', '内田雄马', '福岛润', '田中敦子', '三木真一郎']",['我想吃掉你的胰脏 君の膵臓をたべたい'],"['爱情', '动画']",['6.9'],['35837'],[' 日语']
[' 日本'],['村田和也'],['60'],['08'],"['齐藤壮马', '山本希望', '嶺内ともみ', '山下大辉', '福原绫香', '千本木彩花']",['相约七夜祭 約束の七夜祭'],"['剧情', '动画']",['6.9'],['72'],[' 日语']
[' 日本'],['矢岛哲生'],['97'],['07'],"['松本梨香', '大谷育江', '林原惠美', '三木真一郎', '犬山犬子', '石冢运升', '川荣李奈', '芦田爱菜', '滨田岳', '大仓孝二', '中川翔子', '野泽雅子', '山寺宏一']",['精灵宝可梦：大家的故事 劇場版 ポケットモンスター みんなの物語'],"['动画', '奇幻', '冒险']",['6.9'],['2231'],[' 日语']
[' 中国大陆'],['刘阔'],['105'],['08'],"['路知行', '阎萌萌', '褚珺', '边江', '山新', '郭政建', '张震', '苗壮', '王冠南', '张博恒', '惠龙', '王凯', '苏俣', '白雪岑', '赵述仁', '刘梓乾', '王思琦', '刘美奂']",['风语咒'],"['动画', '奇幻']",['6.9'],['95038'],[' 汉语普通话']
[' 捷克 / 斯洛伐克'],['杨·史云梅耶'],['98'],"['01', '02']","['扬·布达尔', '伊里·拉布斯', '加罗米尔·杜拉瓦', 'Norbert Lichý', 'Kamila Magálová', 'Ivana Uhlírová']",['昆虫物语 Hmyz'],"['剧情', '喜剧', '动画']",['6.9'],['1239'],[' 捷克语']
[' 英国 / 美国'],['约翰·斯蒂文森'],['86'],"['07', '03', '05']","['詹姆斯·麦卡沃伊', '艾米莉·布朗特', '约翰尼·德普', '切瓦特·埃加福特', '玛丽·布莱姬', '迈克尔·凯恩', '玛吉·史密斯', '凯利·阿斯博瑞', '德克斯特·弗莱彻', '马特·卢卡斯', '斯戴芬·莫昌特', '奥兹·奥斯朋', '罗莎莉·克雷格', '詹米·德米特鲁', '史蒂夫·汉密尔顿·肖', '吴汉章', '阿什利·詹森', '斯蒂芬·怀特', '朱丽·沃特斯', '理查德·威尔逊']",['淘气大侦探 Sherlock Gnomes'],"['喜剧', '动画', '冒险']",['6.9'],['2527'],[' 英语']
[' 瑞士'],['安雅·科菲尔'],['90'],"['01', '05']",[],['瑞士人克里斯 Chris the Swiss'],['动画'],['6.9'],['237'],[]
[' 日本'],['石浜真史 Masashi Ishihama'],[],['12'],"['福山润', '宫野真守', '水树奈奈', '大谷育江', '杉田智和', '佐藤利奈', '悠木碧', '户松遥', '保志总一朗']",['女神异闻录5 动画版 Dark Sun… PERSONA5 the Animation Dark Sun…'],"['动画', '奇幻']",['6.8'],['219'],[' 日语']
[' 美国'],['刘山姆'],['78'],"['01', '02']","['布鲁斯·格林伍德', '詹妮弗·卡朋特', '克里斯·考克斯', '约翰·迪·玛吉欧', '大卫·福塞思', '格蕾·德丽斯勒', '安东尼·海德', '鲍勃·乔尔斯', '尤里·洛文塔尔', '林肯·梅尔彻', '斯科特·帕特森', '威廉·赛莱耶', '塔拉·斯特朗', '布鲁斯·提姆', '卡瑞·伍尔']",['蝙蝠侠：煤气灯下的哥谭 Batman: Gotham by Gaslight'],"['动作', '科幻', '动画', '悬疑', '犯罪']",['6.8'],['3851'],[' 英语']
[' 日本'],['凑未来'],[],['07'],"['花江夏树', '大桥彩香', '水濑祈', '三森铃子', '田所梓', '早见沙织']",['政宗君的复仇 OAD 政宗くんのリベンジ OAD'],"['剧情', '爱情', '动画']",['6.7'],['92'],[' 日语']
[' 美国'],['Jake Castorena'],['75'],['01'],"['凯特·米库奇', '塔拉·斯特朗', '马修·里沃德', '格蕾·德丽斯勒', '戴德里克·巴德', '约翰·迈克尔·辛吉斯', '杰弗瑞·考姆斯', '汤姆·肯尼', '弗兰克·维尔克', '约翰·迪·玛吉欧']",['史酷比与蝙蝠侠：英勇无畏 Scooby-Doo &amp; Batman: the Brave and the Bold'],['动画'],['6.7'],['92'],[' 英语']
[' 美国'],['格恩迪·塔塔科夫斯基'],['98'],"['08', '07']","['亚当·桑德勒', '凯瑟琳·哈恩', '史蒂夫·布西密', '赛琳娜·戈麦斯', '阿什·布林克夫', '梅尔·布鲁克斯', '科甘-迈克尔·凯', '安迪·萨姆伯格', '法兰·德瑞雪', '大卫·斯佩德', '凯文·詹姆斯', '莫莉·香侬', '格恩迪·塔塔科夫斯基', '乔·怀特', '克莉丝汀·泰根', '乔·乔纳斯', '吉姆·加菲根']",['精灵旅社3：疯狂假期 Hotel Transylvania 3: Summer Vacation'],"['喜剧', '动画', '奇幻']",['6.7'],['79482'],[' 英语']
[' 中国大陆'],"['丁亮', '林汇达']",['89'],['02'],"['张伟', '张秉君', '谭笑']",['熊出没·变形记'],"['喜剧', '动画', '冒险']",['6.7'],['11108'],[' 汉语普通话']
[' 泰国'],"['彭萨·康斯里', '甘·方苏旺', '纳·约斯瓦塔纳蒙']",['104'],"['06', '01']","['卡诺查·曼雅德昂', '萨维提·苏提查农', 'Sirichai Charoenkijtanakul', '拉齐布·亚姆森', '沃拉里·范伽罗马', 'Nimit Luksameepong', 'Dhamakara Jakraworawut', 'Konthorn Taecholarn', 'Sansern Pokesombat', 'Suwandee Jakravoravudh', 'Suporn Decharin', 'Sa-Ard Piempongsan', 'Sapunsin Sirichai', 'Watthanachai Treedecha', 'Picrate Dolrasee']",['暹罗决：九神战甲 The Legend of Muay Thai: 9 Satra'],"['动作', '动画', '奇幻']",['6.7'],['2502'],[' 泰语 / 英语 / 汉语普通话']
[' 巴西'],"['Gustavo Steinberg', 'Gabriel Bitar', 'André Catoto']",['73'],['06'],"['马修斯·纳克加勒', '丹妮斯·弗拉加', '马德伍斯·索兰诺', 'Otávio Augusto']",['提托与鸟儿们 Tito e os Pássaros'],"['剧情', '动作', '动画']",['6.7'],['67'],[' 葡萄牙语']
[' 日本'],['细田守'],['98'],"['05', '07']","['上白石萌歌', '黑木华', '星野源', '麻生久美子', '吉原光夫', '宫崎美子', '神田松之丞', '本渡枫', '畠中祐', '真田麻美', '役所广司', '中村正', '山像香', '玉川纱己子', '井上肇', '加藤虎之介', '真凛', '福山雅治']",['未来的未来 未来のミライ'],"['动画', '奇幻']",['6.7'],['6733'],[' 日语']
[' 日本'],"['静野孔文', '濑下宽之']",['101'],['05'],"['宫野真守', '樱井孝宏', '花泽香菜', '杉田智和', '梶裕贵', '诹访部顺一', '三宅健太', '堀内贤雄', '中井和哉', '山路和弘', '山本兼平', '上田丽奈', '小泽亚李', '柳田淳一', '石谷春贵', '藤井隼', '佐佐健太', '辻井健吾', '小松奈生子', '洲崎绫', '谷口淳志', '山本满太', '山村勇人', '须崎成幸', '滨田洋平', '高桥伸也', '田岛章宽']",['哥斯拉：决战之都 GODZILLA 決戦機動増殖都市'],"['动作', '科幻', '动画']",['6.6'],['4359'],[' 日语']
[' 法国 / 卢森堡 / 加拿大'],['Juan Antin'],['72'],['12'],"['Andrea Santamaria', 'India Coenen', 'Saïd Amadis', '玛丽-克莉丝汀·达哈', 'Vincent Ropion']",['大地母亲 Pachamama'],"['动画', '奇幻', '冒险']",['6.6'],['73'],[' 法语 / 英语']
[' 日本'],['今井一晓'],['109'],"['06', '03']","['水田山葵', '大原惠美', '嘉数由美', '木村昴', '关智一', '三石琴乃', '松本保典', '荻野志保子', '金元寿子', '山下大辉', '折笠富美子', '悠木碧', '大友龙三郎', '早见沙织', '胜杏里', '乃村健次', '鸟海胜美', '陶山章央', '龟井芳子', '一条和矢', '渡边宜嗣', '高桥茂雄', '长泽雅美', '大泉洋']",['哆啦A梦：大雄的金银岛 ドラえもん のび太の宝島'],"['动画', '奇幻', '冒险']",['6.5'],['29147'],[' 日语']
[' 美国'],"['Cecilia Aranovich', 'Ian Hamilton']",['75'],['10'],"['Teala Dunn', 'Anais Fairweather', 'Nika Futterman', 'Grey Griffin', '汤姆·肯尼']",['DC超级英雄美少女：亚特兰蒂斯传奇 DC Super Hero Girls: Legends of Atlantis'],['动画'],['6.5'],['102'],[' 英语']
[' 美国'],['Anthony Chun'],['65'],['12'],"['理查德·艾欧阿德', '朱利安·巴拉特', '罗温·布兰查德', '艾里珊·钟', '杰米·福克斯', '拉什达·琼斯', 'Angélique Kidjo', '裘德·洛', 'The Kid Mero', 'Desus Nice', '苏珊·萨兰登', '詹森·舒瓦兹曼', '贾登·史密斯', '雷·怀斯']",['凯斯：粉色圣诞节 Neo Yokio: Pink Christmas'],['动画'],['6.5'],['92'],[' 英语']
[' 日本'],"['河森正治', '安田贤司']",['120'],['02'],"['内田雄马', '铃木实里', '濑户麻沙美', '小清水亚美', '安野希世乃', '东山奈央', '西田望见', '森川智之', '内山昂辉', '川田绅司', '石冢运升', '石川界人', '大桥贤一郎', '峰岸佳', '远藤大智']",['剧场版 超时空要塞DELTA：激情的女武神 劇場版マクロスΔ 激情のワルキューレ'],"['动画', '音乐']",['6.4'],['125'],[' 日语']
[' 爱沙尼亚 / 比利时 / 爱尔兰 / 英国'],"['卡斯帕·简西斯', 'Riho Unt']",['75'],['06'],"['塞伦·希德', '迈克尔·麦克埃尔哈顿', '布莱丹·格里森']",['莫滕船长与蜘蛛女王 Captain Morten and the Spider Queen'],"['动画', '家庭']",['6.4'],['197'],[' 英语']
[' 日本'],['志水淳儿'],['94'],['01'],"['森久保祥太郎', '茅野爱衣', '上坂堇', '花江夏树', '关俊彦', '小清水亚美', '森田顺平', '石冢运升', '藤原启治', '宫迫博之', '朴璐美', '高木涉', '菊池正美', '岛田敏', '盐屋浩三', '田所梓', '山口胜平', '伊藤美来', '藤原贵弘', '川原庆久', '新井良平', '荒井聪太', '服卷浩司', '半田裕典', '利根健太朗', '村田太志', '平井启二', '藤本隆弘', '织田优成', '武田幸史', '三浦祥朗', '植田佳奈', '本渡枫', '田中亮一', '田上真里奈', '长江里加', '木村遥', '森下由树子', '东城日沙子', '松岛美野里', '石丸博也']",['魔神Z 劇場版 マジンガーZ / INFINITY'],"['科幻', '动画', '灾难']",['6.4'],['1416'],[' 日语']
[' 法国 / 中国大陆 / 日本 / 美国'],"['亚罗·切尼', '斯科特·摩西尔']",['86'],"['12', '11']","['本尼迪克特·康伯巴奇', '卡梅伦·丝蕾', '拉什达·琼斯', '法瑞尔·威廉姆斯', '特里斯坦·奥哈尔', '基南·汤普森', '山姆·拉瓦尼诺', '雷蒙·汉密尔顿', '安吉拉·兰斯伯瑞', '斯嘉丽·艾斯特维兹', '迈克尔·贝亚蒂', '罗里·艾伦', '卡特·海斯汀斯', '卡洛斯·阿拉斯拉奇', '约翰·卡西尔', '凯茜·卡瓦蒂妮', '丹尼·曼恩', '杰里米·马克斯韦尔', '汤森·科尔曼', '斯科特·摩西尔', '梅里·康德伦', '拉瑞恩·纽曼', '布莱恩·T·德莱尼', '约翰·德米塔', '比尔·法玛尔', '乔尔·斯维唐', '亚伦·福尔斯', '明迪·斯特林', '塔拉·斯特朗', '杰斯·哈梅尔', '雷吉纳·托芬', '吉姆·瓦德']",['绿毛怪格林奇 The Grinch'],"['喜剧', '动画', '奇幻']",['6.3'],['8119'],[' 英语']
[' 美国'],['马特·皮特斯'],['77'],['07'],"['迪·布拉雷·贝克尔', '特罗伊·贝克', '格蕾·德丽斯勒', '诺兰·诺斯', '卡里·佩顿', '艾莉森·斯通勒', '特雷弗·德瓦', '斯科特·门维尔', '乔纳森·亚当斯', '弗雷德·塔特西奥', '艾瑞克·鲍扎', '苏珊·爱森伯格']",['乐高DC超级英雄：亚特兰蒂斯之怒 Lego DC Comics Super Heroes: Aquaman - Rage of Atlantis'],"['动画', '冒险']",['6.3'],['1398'],[' 英语']
[' 英国 / 法国 / 美国'],['尼克·帕克'],['89'],"['10', '01', '01']","['汤姆·希德勒斯顿', '埃迪·雷德梅恩', '麦茜·威廉姆斯', '蒂莫西·斯波', '理查德·艾欧阿德', '马克·威廉姆斯', '尼克·帕克', '米瑞安·玛格莱斯', '罗伯·布莱顿', '约翰尼·维加斯', '凯万·诺瓦克', '瑟莉娜·格里菲斯', '西蒙·格林诺', '吉娜·亚谢尔', '卢克·沃尔顿', '凯文·马塔迪恩', '理查德·韦伯']",['无敌原始人 Early Man'],"['喜剧', '动画', '冒险']",['6.2'],['5039'],[' 英语']
[' 日本'],"['阿部记之', '西片康人']",['99'],['08'],"['梶裕贵', '雨宫天', '久野美咲', '悠木碧', '铃木达央', '福山润', '高木裕平', '坂本真绫', '杉田智和']",['七大罪：天空的囚人 劇場版 七つの大罪 天空の囚われ人'],"['动画', '奇幻', '冒险']",['6.2'],['1330'],[' 日语']
[' 中国大陆'],['王微'],['105'],['04'],"['李宇峰', '杨砚铎', '周华健', '张喆', '陈霖生']",['猫与桃花源'],"['动画', '家庭', '冒险']",['6.2'],['5051'],[' 汉语普通话']
[' 中国大陆'],['奚超'],['82'],['10'],"['苏尚卿', '王一博', '段艺璇', '马斑马', '林强']",['昨日青空'],"['爱情', '动画']",['6.1'],['44877'],[' 汉语普通话']
[' 日本'],['吉沢俊一'],['90'],['11'],"['榎木淳弥', '村中知', '松浦爱弓', '梅原裕一郎', '村濑步', '古川慎', '盐田朋子', '寺杣昌纪', '中井和哉', '山路和弘', '星野贵纪', '佐藤せつじ', '驹田航', '荒井勇树', '岛田岳洋', '玉野井直樹', '中村文徳', '横沟菜帆']",['机动战士高达NT 機動戦士ガンダム NT（ナラティブ）'],"['科幻', '动画', '战争']",['6.0'],['752'],[' 日语']
[' 日本'],['吉沢俊一'],['90'],['11'],"['榎木淳弥', '村中知', '松浦爱弓', '梅原裕一郎', '村濑步', '古川慎', '盐田朋子', '寺杣昌纪', '中井和哉', '山路和弘', '星野贵纪', '佐藤せつじ', '驹田航', '荒井勇树', '岛田岳洋', '玉野井直樹', '中村文徳', '横沟菜帆']",['机动战士高达NT 機動戦士ガンダム NT（ナラティブ）'],"['科幻', '动画', '战争']",['6.0'],['750'],[' 日语']
[' 加拿大 / 美国'],['Ross Venokur'],['90'],['04'],"['塔拉·斯特朗', '维尔摩·瓦尔德拉玛', '阿什丽·提斯代尔', '黛米·洛瓦托', '吉姆·库宁斯', '吉莉恩·贝尔', '约翰·克立斯', '艾薇儿·拉维尼', '基莎·可儿', '邓紫棋', '希雅', '史蒂夫·青木']",['白马王子 Charming'],"['喜剧', '动画']",['6.0'],['251'],[' 英语']
[' 中国大陆 / 加拿大'],"['安恪温', '龙子乔']",['90'],['09'],"['韩莹棣', '郑海音', '冯远征', '石班瑜', '涂松岩', '杨婷', '查琳·易', '约翰·卡拉辛斯基', '杰森·苏戴奇斯', '大卫·克罗斯', '迈克尔·佩纳', '吴恬敏', '杰特·尤尔根斯米尔', '安娜·阿卡娜']",['未来机器城'],"['科幻', '动画', '冒险']",['6.0'],['3808'],[' 英语 / 汉语普通话']
[' 日本'],['立川让'],['110'],"['11', '04']","['高山南', '山崎和佳奈', '小山力也', '山口胜平', '林原惠美', '绪方贤一', '岩居由希子', '高木涉', '大谷育江', '松井菜樱子', '榎本充希子', '高岛雅罗', '百百麻子', '岸野幸正', '飞田展男', '茶风林', '井上和彦', '汤屋敦子', '千叶一伸', '富永美伊奈', '川岛得爱', '浦山迅', '中友子', '私市淳', '志村知幸', '鸟海胜美', '冈村明美', '西前忠久', '利根健太朗', '庄司宇芽香', '川原庆久', '安村直树', '诸国沙代子', '博多大吉', '上户彩', '古谷彻']",['名侦探柯南：零的执行人 名探偵コナン ゼロの執行人'],"['动画', '悬疑']",['5.8'],['77236'],[' 日语']
[' 中国大陆'],['陈廖宇'],['89'],['06'],"['张鹤来', '张栩儿', '刘思童', '吴旭', '孙博', '陈子平', '崔志刚', '廖伟', '郭笑', '孙照博', '将小北', '胖妞']",['吃货宇宙'],"['喜剧', '科幻', '动画']",['5.8'],['2435'],[' 汉语普通话']
[' 中国大陆'],['施雅雅'],['95'],['11'],"['吕佩玉', '王衡', '孙晔', '穆雪婷', '徐思琦', '吕梦瑶', '李郝瑞', '王博', '李正翔', '苏鑫', '许棕哲', '拜跃']",['恐龙王'],"['喜剧', '动画', '冒险']",['5.8'],['962'],[' 汉语普通话']
[' 日本'],['坂本浩一'],['90'],['03'],"['滨田龙臣', '山本千寻', '长谷川真优', '小泽雄太', '本仮屋唯佳', '青柳尊哉', '石黑英雄', '小西克幸', '三森铃子', '潘惠美', '浅沼晋太郎', '宫野真守', '绿川光', '神谷浩史', '关智一', '入野自由', '田中秀幸', '池田昌子', '西冈德马']",['捷德奥特曼 剧场版：连接吧！心愿！！ 劇場版ウルトラマンジード：つなぐゼ！願い！！'],"['动作', '科幻', '动画']",['5.8'],['1161'],[' 日语']
[' 日本'],"['静野孔文', '濑下宽之']",['90'],"['11', '11']","['宫野真守', '樱井孝宏', '花泽香菜', '杉田智和', '梶裕贵', '小野大辅', '堀内贤雄', '中井和哉', '山路和弘', '上田丽奈', '小泽亚李', '铃村健一', '早见沙织', '诹访部顺一', '三宅健太', '山本兼平', '堀越富三郎', '柳田淳一', '石谷春贵', '小松奈生子', '洲崎绫', '池田海咲', '滨崎奈奈', '滨田洋平', '佐佐健太', '岩泽俊树']",['哥斯拉：噬星者 GODZILLA 星を喰う者'],"['动作', '科幻', '动画']",['5.8'],['3852'],[' 日语']
[' 日本'],['城所圣明'],[],['10'],"['早见沙织', '宫野真守']",['窈窕淑女后篇：花之东京大浪漫 劇場版 はいからさんが通る 後編 ～花の東京大ロマン～'],['动画'],['5.8'],['141'],[' 日语']
[' 中国大陆'],['陈熹'],['79'],['07'],[],['步行指南'],['动画'],['5.7'],['169'],[' 汉语普通话']
[' 日本 / 中国大陆'],"['李豪凌', '易小星', '竹内良贵']",['74'],['08'],"['坂泰斗', '寿美菜子', '白石晴香', '安元洋贵', '大冢刚央', '长谷川育美', '白客', '彭师欣', '唐雅菁', '陈颖晖', '梁达伟', '林美玉']",['肆式青春 詩季織々'],['动画'],['5.6'],['17193'],[' 汉语普通话 / 日语 / 粤语 / 上海话']
[' 中国大陆'],"['关奇聪', '张甲君']",[],['05'],['边江'],['空气侠'],"['科幻', '动画']",['5.6'],['281'],[' 汉语普通话']
[' 乌克兰'],['奥列格·马拉姆兹'],['91'],['03'],"['娜迪亚·多洛菲娃', '阿勒克西·扎夫戈罗德尼', '耶文·马鲁卡', '谢尔盖·普里特拉', '尤里·霍尔布诺夫', '奥列格·米哈伊鲁塔', '米科拉·博克兰', '玛丽亚·弗罗西尼纳', '奥列格·沃洛申科', '罗曼·卢茨基', '杰森·格里菲斯', '萨马拉·娜耶姆', '艾莉森·雷·罗森菲尔德', '比伊·鲍勃·汤普森', '戴维·威尔斯']",['森林奇缘 Викрадена принцеса: Руслан i Людмила'],"['喜剧', '动画', '奇幻']",['5.6'],['801'],[' 乌克兰语']
[' 日本'],['坂本サク'],['75'],['08'],"['花泽香菜', '白本彩奈', '伊藤陽佑', '片山福十郎', '巴多利胜悟', '福井裕佳梨 ']",['阿拉克涅的虫笼 アラーニェの虫籠'],"['剧情', '动画', '惊悚', '恐怖']",['5.5'],['126'],[' 日语']
[' 美国'],"['Alfred Gimeno', 'Eric Radomski']",['80'],['09'],"['汪可盈', 'Dee Bradley Baker', 'Kathreen Khavari', 'Andrew Kishino', 'Meera Rohit Kumbhani', 'Kamil McFadden', 'Tyler Posey', 'Cierra Ramirez', 'Kim Raver', 'Roger Craig Smith', 'Booboo Stewart', 'Catherine Taber', 'Milana Vayntrub', 'Ming-Na Wen']",['漫威崛起：秘密勇士 Marvel Rising: Secret Warriors'],['动画'],['5.3'],['308'],[' 英语']
[' 中国大陆'],"['王云飞', '张林旭', '李佳怡']",['85'],['08'],"['阎么么', '赵一博', '张磊', '图特哈蒙', '郭政建', '林强', '白雪岑', '杨凝', '魏超']",['神秘世界历险记4'],['动画'],['5.3'],['1123'],[' 汉语普通话']
[' 日本'],['元永庆太郎'],['98'],['05'],"['花江夏树', '三森铃子', '细谷佳正', '田村睦心', '吉田仁美', '榎木淳弥', '池田纯矢', '市道真央', '荒川美穗', '坂本千夏', '重松花鸟', '山口真弓', '樱井孝宏', '山田蘑菇', '松本美和', '竹内顺子', '德光由禾', '森下由树子', '浪川大辅', '青山穰', '武内骏辅', '松泽千晶', '千叶进步', '小松郁', '岩濑周平', '小林直人', '井上宝', '滨田洋平', '平田广明']",['数码宝贝大冒险tri. 第6章：我们的未来 デジモンアドベンチャー tri. 第6章 ぼくらの未来'],"['科幻', '动画', '冒险']",['5.2'],['2522'],[' 日语']
[' 中国大陆'],['马系海'],['92'],['09'],"['孙晔', '沈达威', '陶典', '刘北辰']",['大闹西游'],"['喜剧', '动画', '冒险']",['5.1'],['1390'],[' 汉语普通话']
[' 中国大陆'],['丁实'],['77'],['02'],"['刘纯燕', '张磊', '杨晨', '王逸宸', '王宁', '田波', '刘波', '张遥函', '林强', '郭政建', '闻天']",['金龟子'],"['动画', '家庭', '冒险']",['5.0'],['511'],[' 汉语普通话']
[' 中国大陆 / 香港'],"['叶伟青 ', '王以立 ']",['85'],['07'],[],['小悟空'],"['喜剧', '动画', '冒险']",['4.9'],['774'],[' 汉语普通话']
[' 中国大陆'],['刘炜'],['85'],['10'],"['胡谦', '李晔', '蒋可', '李扬', '游军', '王衡', '王燕华', '周南飞', '瞿巍', '严丽祯', '黄晨']",['阿凡提之奇缘历险'],"['喜剧', '动画']",['4.8'],['1860'],[' 汉语普通话']
[' 中国大陆'],['何澄'],['80'],['07'],"['刘纯燕', '董浩', '鞠萍', '陈苏', '耿晨晨', '周志强', '黄炜']",['新大头儿子和小头爸爸3：俄罗斯奇遇记'],"['动画', '家庭', '儿童', '冒险']",['4.8'],['3190'],[' 汉语普通话']
[' 日本'],['岩見英明'],['80'],['07'],"['早见沙织', '小仓唯', '白石凉子', '杉田智和', '泽城美雪', '市道真央', '久保由利香', '铃木达央', '三輪隆博', '麦人']",['某僵尸少女的灾难 あるゾンビ少女の災難'],['动画'],['4.7'],['104'],[' 日语']
[' 美国 / 中国大陆'],['林恩·萨瑟兰'],['87'],"['10', '08']","['Kirsten Day', 'Stephanie Sanditz']",['新灰姑娘 Cinderella 3D'],"['动画', '奇幻', '冒险']",['4.4'],['1629'],[' 英语']
[' 中国大陆'],['申宇'],['75'],['06'],"['范楚绒', '洪海天', '李晔', '谭满堂']",['潜艇总动员：海底两万里'],"['动画', '奇幻', '冒险']",['3.8'],['1007'],[' 汉语普通话']
[' 中国大陆'],['罗洋'],['78'],['05'],[],['小公主艾薇拉与神秘王国'],"['动画', '家庭', '冒险']",['3.1'],['557'],[' 汉语普通话']
[' 捷克 / 中国大陆'],"['马雷克·贝奈斯', ' 刘志广 ']",['60'],['11'],[],['呆瓜兄弟之快乐冬天 Pat a Mat: Zimní radovánky'],"['喜剧', '动画']",[''],[],[' 无对白']
[' 美国'],['Nick Simotas'],['30'],['11'],"['布莱恩·科兰斯顿', '克里斯·派恩', '科甘-迈克尔·凯', '吉莉恩·贝尔', '海蒂·加德纳', '塔克·吉莫尔', '扎布·威尔斯', '萨姆·厄普顿']",['超级豪宅：感恩节特辑 SuperMansion Thanksgiving Special: A Prayer For Mister T'],"['喜剧', '动画']",[''],[],[' 英语']
[' 拉脱维亚 / 波兰'],['Edmunds Jansons'],['70'],['10'],"['Līga Gaisa', 'Luīze Pastore']","['雅各布，米米和会说话的狗 Jēkabs, Mimmi un runājošie suņi']","['动画', '家庭', '冒险']",[''],[],[' 拉脱维亚语']
[' 中国大陆'],['董曉博'],['7'],['10'],[],['和姚帥一起放鞭炮'],['动画'],[''],[],[' 汉语普通话']
[' 台湾'],['楊雅棋'],['5'],['10'],[],['所有我能記得的事'],['动画'],[''],[],[' 汉语普通话']
[' 澳大利亞australla'],['Dennis TUPICOFF'],['14'],['10'],[],['那一個晚上 His Mother&#39;s Voice'],['动画'],[''],[],[' 英语']
[' 英国'],['Richard Squires'],['70'],['10'],[],['Doozy'],"['喜剧', '动画']",[''],[],[' 英语']
[' 日本'],[],['120'],['10'],"['乔什·基顿', '凯瑞·华格伦', '尤里·洛文塔尔', '海登·瓦尔希']",['宇宙的法则：黎明篇'],['动画'],[''],[],[' 英语']
[' 美国'],['Evan Tramel'],[],[],"['艾普利·罗斯', 'Kj Schrock']",['Fishtales 3'],['动画'],[''],[],[' 英语']
[' 美国'],[],['98'],['12'],[],['The 20th Annual Animation Show of Shows'],['动画'],[''],[],[' 英语']
[' 台湾'],"['纪敦智', '黄瀛洲']",['110'],['10'],[],['重甲机神 重甲機神'],"['科幻', '动画']",[''],[],[' 汉语普通话']
[' 日本'],['加户誉夫'],[],['08'],"['藤原夏海', '国立幸', '真堂圭', '三泽纱千香', '笹川友里']",['映画ドライブヘッド トミカハイパーレスキュー 機動救急警察'],['动画'],[''],[],[' 日语']
[' 美国'],['妮娜·佩利'],['78'],['06'],[],['Seder-Masochism'],['动画'],[''],[],[' 英语 / 法语 / 保加利亚语 / 希伯来语 / 阿拉姆语']
[' 日本'],['水岛精二'],[],['03'],"['梶裕贵', '杉田智和', '铃木达央', '绪方惠美', '下野纮', '市川太一', '矢野奖吾', '藤原启治']",['平假名男子 劇場版 ひらがな男子 ～序～'],['动画'],[''],[],[' 日语']
[' 美国'],['Alex Sebastian'],['70'],['01'],"['Bobby Moyna', 'Graham Sanderson', 'Kj Schrock']",['迷你龙 Wee Dragons'],['动画'],[''],[],[' 英语']
[' 德国'],['everfresh'],['1'],[],[],['catsophrenia'],['动画'],[''],[],[]
[' 中国大陆'],['张国超'],['90'],[],"['段艺璇', '许凯', '赵震', '赵成晨', '刘芊含', '胡良伟', '刘晓倩', '林强']",['风来风去'],"['喜剧', '动画', '家庭', '冒险']",[''],[],[' 汉语普通话 / 英语']
[' 美国'],"[""Sean Patrick O'Reilly""]",[],[],[],['熊猫和外星人 Panda VS Aliens'],['动画'],[''],[],[' 英语']
[' 英国'],['戴伦·沃尔什'],[],[],[],['响尾蛇丹尼 Danny Diamondback'],['动画'],[''],[],[]
[' 美国'],['Nick Simotas'],['30'],['11'],"['布莱恩·科兰斯顿', '克里斯·派恩', '科甘-迈克尔·凯', '吉莉恩·贝尔', '海蒂·加德纳', '塔克·吉莫尔', '扎布·威尔斯', '萨姆·厄普顿']",['超级豪宅：感恩节特辑 SuperMansion Thanksgiving Special: A Prayer For Mister T'],"['喜剧', '动画']",[''],[],[' 英语']
[' 美国'],[],[],[],[],['摩登原始人 The Flintstones'],['动画'],[''],[],[' 英语']
[' 中国大陆 / 韩国 / 美国'],['巴里·库克'],[],[],[],['悟空'],"['科幻', '动画', '奇幻', '冒险']",[''],[],[]
[' 日本'],[],[],[],[],['御庵物語：那個夏天我所得知的事情 おあむ物語'],['动画'],[''],[],[]
[' 日本'],['今掛勇'],[],['10'],"['逢坂良太', '濑户麻沙美', '柿原彻也', '金元寿子', '羽多野涉']",['宇宙之法 黎明篇 宇宙の法 黎明編'],['动画'],[''],[],[' 日语']
[' 美国'],"['迟少艾', 'Daniel Chuba']",['81'],['05'],"['乔伊·金', 'J·K·西蒙斯', '马丁·辛', '特丽莎·贝特曼']",['棚车少年：奇异岛 The Boxcar Children: Surprise Island'],['动画'],[''],[],[' 英语']
[' 美国 / 奥地利 Austria'],['Johannes Grenzfurthner'],['99'],['03'],"['Johannes Grenzfurthner', 'Charlie Poulon', 'Daniel Hasibar', 'Stuart Freeman', 'Conny Lee', 'Niko Alm']",['碎梦汇编 Glossary of Broken Dreams'],"['剧情', '喜剧', '动画']",[''],[],[' 英语 / 德语']
[' 日本'],['八瀬祐樹'],[],['03'],"['甲斐田裕子', '保志总一朗', '立花慎之介', '花泽香菜', '秋山奈奈', '阿澄佳奈', '寺岛拓笃', '富㭴美铃', '宫野真守', '中原麻衣', '小岩井小鸟', '藤原启治', '冈村明美', '新井里美', '子安武人', '兵藤まこ']",['目隐都市的演绎者 -in a day&#39;s- メカクシティアクターズ -in a day&#39;s-'],['动画'],[''],[],[' 日语']
[' 中国大陆'],[],[],['02'],[],['2018年AcFun春节联欢晚会'],"['喜剧', '动画', '音乐', '歌舞']",[''],[],[' 汉语普通话']
[' 中国大陆'],['不思凡'],[],[],[],['妙先生之愤怒的鸭子'],"['剧情', '动画', '悬疑', '惊悚', '奇幻']",[''],[],[' 汉语普通话']
[' 日本'],"['森田修平', '林祐一郎 Yuichiro Hayashi', '須貝真也 Shinya Sugai', '森江康太 Kohta Morie', 'Veerapatra Jinanavin', '鈴木麻紀子 Makiko Suzuki']",[],[],[],['Force of Will the Movie'],['动画'],[''],[],[' 日语']
[' 日本'],['西村聡'],[],['10'],"['中山麻圣', '朴璐美', '矢岛晶子', '田中敦子', '东启介', '堀内贤雄', '浪川大辅', '野村胜人', '鵜殿麻由', '中田让治', '关智一']",['薄墨樱 牙狼 薄墨桜 -GARO-'],['动画'],[''],[],[' 日语']
[' 日本'],['IMAGICAイメージワークス+ロボット'],[],['05'],"['松岡 禎丞', '小松 未可子', '荒川 美穂']",['TIME DRIVER 僕らが描いた未来'],['动画'],[''],[],[' 日语']
[' 日本'],['荒井和人'],[],[],"['岛崎信长', '高桥李依', '铃村健一', '坂本真绫', '宫野真守', '川澄绫子', '子安武人', '田中美海', '置鲇龙太郎', '水岛大宙', '内山昂辉', '泽城美雪', '鹤冈聪', '千本木彩花', '小松未可子']",['命运/冠位指定 神圣圆桌领域卡美洛 后篇 劇場版 Fate/Grand Order -神聖円卓領域キャメロット- 後編：Paladin; Agateram'],"['剧情', '动画', '奇幻']",[''],[],[' 日语']
[' 美国'],['阿里·福尔曼'],[],[],[],['安妮日记 Where Is Anne Frank'],['动画'],[''],[],[]
[' 美国'],"['Vasiko Bedoshvili', 'Andrey Kolpin']",[],[],"['Larisa Brokhman', 'Felix Golovnin', 'Pyotr Ivashchenko |']",['神秘的小矮人 The Fixies: Top Secret'],['动画'],[''],[],[' 英语']
[' 中国大陆'],[],[],[],[],['阿凡提新传：种金记'],['动画'],[''],[],[' 汉语普通话']
[' 美国'],['Simón Wilches'],['27'],['11'],"['阿伦·阿尔达', '杰夫·丹尼尔斯', '约翰·厄尔利', '蒂姆·海德克', 'Matt Hobby', '艾丽森·皮尔', '加伯里艾尔·圣迪']",['皇帝的新装 The Emperor&#39;s Newest Clothes'],"['喜剧', '动画', '歌舞', '家庭', '奇幻']",[''],[],[' 英语']
[' 美国'],[],['73'],['08'],[],['自由战士：射线 电影版 Freedom Fighters - The Ray'],['动画'],[''],[],[' 英语']
[' 美国'],['道格·墨菲'],['77'],['08'],"['吉娅达·德·劳伦蒂斯', 'Bobby Flay', 'Grey Griffin', '马修·里沃德', '凯特·米库奇']",['史酷比与美食幽灵 Scooby-Doo! and the Gourmet Ghost'],"['动画', '犯罪', '冒险']",[''],[],[' 英语']
[' 加拿大'],"[""Sean Patrick O'Reilly""]",['79'],['06'],"['马修·凯文·安德森', '阿什莉·鲍尔', 'Elijah Dhavvan', '杰夫·古斯塔夫森', '朱莉安·浩夫']",['奥兹的蒸汽机 The Steam Engines of Oz'],['动画'],[''],[],[' 英语']
[' 美国'],[],['15'],['03'],"['大卫·阿克德', '约翰·博耶加', '艾什莉·埃克斯坦', '戴夫·菲洛尼', '马克·哈米尔', '汤姆·凯恩', '马特·兰特尔', '瓦内萨·马歇尔', '露皮塔·尼永奥', '黛西·雷德利', 'Helen Sadler', '蒂娅·希尔卡', 'Catherine Taber', '凯莉·玛丽·陈', '谢尔碧·杨']",['星球大战：命运的力量 第三辑 Star Wars Forces of Destiny: Volume 3'],"['科幻', '动画', '家庭', '冒险']",[''],[],[' 英语']
[' 日本'],['佐藤光敏'],['14'],['01'],"['小林元子', '野水伊织']",['樱花的誓言 サクラノチカイ ～東の飛鳥 下野市をえーる！～'],['动画'],[''],[],[' 日语']
[' 加拿大'],['Félix Dufour-Laperrière'],['76'],[],[],['新城 Ville Neuve'],['动画'],[''],[],[' 法语']
[' 丹麦'],"['安德斯·麦特森', '索布约恩·克里斯托弗森']",[],['12'],[],['Ternet Ninja'],['动画'],[''],[],[' 丹麦语']
[' 中国大陆'],['徐展'],['94'],['08'],"['谢文婷', '颜煜忱', '杨心如']",['葫芦七星'],"['科幻', '动画']",[''],[],[' 汉语普通话']
[' 美国'],['Pippa Seymour'],[],['09'],"['Alfred Hill', 'James Kane', 'Stephanie Magee']",['Haunted Transylvania 2'],['动画'],[''],[],[' 英语']
[' 美国'],['Alex BUDOVSKY'],['4'],['10'],[],['摇摆布鲁克林 Brooklyn Breeze'],['动画'],[''],[],[' 英语']
[' 中国大陆'],"['李克', 'Dermot Walshe']",['86'],"['08(中国大陆)"">2018']",[],['一千零一夜之拯救黄金城'],"['动作', '动画', '冒险']",[''],[],[' 汉语普通话']
[' 韩国'],['BAEK Jong-seok'],['98'],"['07(富川电影节)"">2018']",[],['坏社长 나쁜 상사'],['动画'],[''],[],[' 韩语']
[' 日本'],['塚原重義'],[],['07'],"['细谷佳正', '梶裕贵', '坂本頼光']",['贴花和旅人 押絵ト旅スル男'],['动画'],[''],[],[' 日语']
[' 日本'],['磯山敦'],[],['06'],"['瀬戸麻沙美', '大久保瑠美', '内山昂輝']",['アンダー・ザ・ドッグ／ジャンブル'],['动画'],[''],[],[' 日语']
[' 日本'],"['八角哲夫', '平井峰太郎']",['51'],['05'],"['茅野爱衣', '梶裕贵', '岛崎信长', '杉田智和', '本間智恵', '嘉数由美', '关智一', '織田信成', '荒川静香']",['ゴーちゃん。～モコと氷の上の約束～'],['动画'],[''],[],[' 日语']
[' 澳大利亚'],"[""Richard 'Dr.' Baily"", '贝尼亚·K·托马斯']",[],['03'],"['Ryan Bartley', 'Allegra Clark', '乔希·戴维斯', 'See full cast & crew']",['Shopkins Wild'],['动画'],[''],[],[' 英语']
[' 丹麦'],['Jannik Hastrup'],[],['03'],"['Magdalena Nonsgjogv Trantou', 'Tommy Kenter', 'Anne Marie Helger']","['Cirkeline, Coco og det vilde næsehorn']","['动画', '家庭']",[''],[],[' 丹麦语']
[' 日本'],['今千秋'],['56'],['02'],"['岸尾大辅', '浪川大辅', '柿原彻也', '日野聪', '鸟海浩辅', '江口拓也']",['剧场版 心跳餐厅 MIRACLE6 劇場版 ときめきレストラン☆☆☆ MIRACLE6'],['动画'],[''],[],[' 日语']
[' 美国'],[],[],[],[],['Spy vs. Spy'],"['喜剧', '动画']",[''],[],[' 英语']
[' 法国'],['Oscar Mallet'],['7'],[],[],['Hors Piste'],"['喜剧', '动画']",[''],[],[]
[' 韩国'],['AHN Jae-huun'],['85'],[],[],['萨满女巫 The Shaman Sorceress'],['动画'],[''],[],[' 韩语']
[' 西班牙'],['Rafael Ruiz Ávila'],['83'],[],[],['橙花 Azahar'],['动画'],[''],[],[' 西班牙语']
[' 美国'],['BC Furtney'],[],[],['Kj Schrock'],['海怪2 Sea Monsters 2'],['动画'],[''],[],[' 英语']
[' 美国'],['小J.B.古曼'],['46'],[],"['Hillary Tuck', '科尔顿·福特', '小J.B.古曼']",['The Art of Being'],"['动画', '歌舞', '奇幻', '冒险']",[''],[],[' 英语']
[' 意大利'],['Sergio Manfio'],['85'],['01'],"['约翰尼·扬·博施', '谢拉米·李', 'Bryce Papenbrook', 'Faith Graham', 'Landen Beattie']",['蒙娜丽莎任务 Leo Da Vinci: Mission Mona Lisa'],"['动画', '家庭', '冒险']",[''],[],[' 英语']
[' 俄罗斯'],['Tatiana Kiseleva'],['14'],[],[],['小顽童 Perfectly Naughty Kids'],"['剧情', '喜剧', '动画']",[''],[],[]
[' 法国 / 德国 / 意大利'],[],[],[],[],['钢琴大师 Max &amp; Maestro'],['动画'],[''],[],[]
[' 英国'],['Will Anderson'],['2'],[],[],"['Where&#39;s the Butter, Betty?']",['动画'],[''],[],[' 英语']
[' 爱沙尼亚'],['马蒂亚斯·马克'],['14'],[],[],['草莓食客 Maasikaõgijad'],['动画'],[''],[],[]
[' 美国'],['Evan Tramel'],['73'],['09'],"['Kj Schrock', 'Sarah Taylor']",['飞机童子军 Planes with Brains'],['动画'],[''],[],[' 英语']
[' 巴基斯坦'],['Aziz Jindani'],[],['10'],"['Sahiba Afzal', 'Shafaat Ali', 'Vasay Chaudhry']",['驴王 The Donkey King'],"['喜剧', '动画']",[''],[],[' 印地语']
[' 美国 / 印度'],['Richard Finn'],[],['08'],"['Andrew Toth', 'Maya Kay', 'Alan Marriott', 'Maureen Jones', 'Lee Tockar', 'Jonathan Holmes']",['北极熊诺姆：王国之匙 Norm of the North: Keys to the Kingdom'],"['喜剧', '动画', '家庭']",[''],[],[' 英语']
[' 日本'],['まんきゅう'],['10'],['11'],"['中村绘里子', '今井麻美', '浅仓杏美', '仁后真耶子', '若林直美', '高桥智秋', '钉宫理惠', '平田宏美', '下田麻美', '长谷川明子', '沼仓爱美', '原由实', '泷田树里', '间岛淳司', '大川透']",['迷你偶像 第二季 OAD3 ぷちます!!‐プチプチ・アイドルマスター‐ SP@CE TR@VEL!!'],['动画'],[''],[],[' 日语']
[' 加拿大 Canada'],"[""Sean Patrick O'Reilly""]",[],[],"[""Kiefer O'Reilly"", '马克·哈米尔', '克里斯托弗·普卢默']",['霍华德与疯狂王国 Howard Lovecraft and the Kingdom of Madness'],"['动画', '奇幻', '冒险']",[''],[],[]
[' 美国'],['Brad Rau'],[],['05'],"['迪·布拉雷·贝克尔', '约翰·博耶加', '吉姆·库宁斯', '戴夫·菲洛尼', '艾什莉·埃克斯坦', '泰勒·格雷', '奥莉维亚·海克', '马克·哈米尔', '瓦内萨·马歇尔', '露皮塔·尼永奥', '黛西·雷德利', '蒂娅·希尔卡', 'Catherine Taber', '马修·伍德', '谢尔碧·杨']",['星球大战：命运的力量 第四辑 Star Wars Forces of Destiny: Volume 4'],"['科幻', '动画', '家庭', '冒险']",[''],[],[' 英语']
[' 日本'],['沼田 心之介'],[],['05'],"['楠大典', '多田野 曜平', '内藤 有海']",['ミルキーパニック twelve'],['动画'],[''],[],[' 日语']
[' 日本'],['佐藤 広大'],[],['05'],"['朝井彩加', 'T A R A K O', '山盛由果']",['えんぎもん'],['动画'],[''],[],[' 日语']
[' 日本'],['まんきゅう'],['11'],['03'],"['中村绘里子', '今井麻美', '浅仓杏美', '仁后真耶子', '若林直美', '高桥智秋', '钉宫理惠', '平田宏美', '下田麻美', '长谷川明子', '沼仓爱美', '原由实', '泷田树里', '间岛淳司', '大川透']",['迷你偶像 第二季 OAD2 ぷちます!!‐プチプチ・アイドルマスター‐ I·H@RD'],['动画'],[''],[],[' 日语']
[' 匈牙利 Hungary'],[],[],[],[],['Willy and the Guardians of the Lake'],"['动画', '儿童']",[''],[],[]
[' 爱沙尼亚'],"['Morten Tšinakov', 'Lucija Mrzljak']",['15'],[],[],['四幕精彩表演 Briljantsuse demonstratsioon neljas vaatuses'],['动画'],[''],[],[]
[' Croatia'],[],[],[],[],['How Steel Was Tempered'],['动画'],[''],[],[]
[' 日本'],[],[],[],[],['プリパラ＆キラッとプリ☆チャン ～きらきらメモリアルライブ～'],['动画'],[''],[],[' 日语']
[' 西班牙'],['Fermín Muguruza'],['87'],[],"['玛丽亚·德·梅黛洛', '伊萨赫·德·班克尔', '塞尔希·洛佩斯']",['间谍行动 Black is Beltza'],['动画'],[''],[],[' 西班牙语']
[' 西班牙 / 英国'],['Abraham López Guerrero'],[],[],[],['The Impossible Journey'],"['喜剧', '动画', '冒险']",[''],[],[]
[' 日本'],"['荒井知恵', '池田爆発郎', '若見ありさ']",[],[],[],['Birth-つむぐいのち-おどるいのち(選)'],['动画'],[''],[],[]
[' 中国大陆'],['朱英俊'],[],[],[],['萌菌总动员'],"['喜剧', '动画']",[''],[],[' 汉语普通话']
[' 美国'],['Eric Darnell'],[],[],['Ethan Hawke'],['入侵！ Invasion!'],['动画'],[''],[],[]
[' 中国大陆'],[],[],[],[],['足球队长'],['动画'],[''],[],[' 汉语普通话']
[' 美国'],['凯文·史密斯'],[],[],[],['Helena Handbag'],"['喜剧', '动画']",[''],[],[' 英语']
[' 美国'],[],[],[],[],['女猎鹰人 The Eagle Huntress'],['动画'],[''],[],[]
[' 美国'],['亨利·塞利克 Henry Selick'],[],[],"['Jaden Betts', '帕梅拉·奥德隆', '布莱丹·格里森']",['影子之王 The Shadow King'],['动画'],[''],[],[' 英语']
[' 美国'],['约翰·斯蒂文森'],[],[],"['迈尔斯·特勒', '奥布瑞·普拉扎', '珍妮·斯蕾特', '克雷格·罗宾森', '罗伯·里格尔', '斯戴芬·莫昌特']",['方舟与土豚 The Ark and the Aardvark'],['动画'],[''],[],[' 英语']
[' 英国 / 墨西哥'],['Andrés Couturier'],['97'],"['11(英国)"">2018']","['莉莉·柯林斯', '伊恩·麦柯肖恩', '托比·凯贝尔']",['来了一只发火的龙 Here Comes the Grump'],"['喜剧', '动画', '家庭', '奇幻', '冒险']",[''],[],[]
[' 日本'],['松本淳'],['91'],['02'],"['关智一', '樱井孝宏', '铃村健一', '齐藤壮马', '茅野爱衣', '远藤绫', '铃木一真', '船越英一郎']",['Infini-T Force剧场版 劇場版 Infini-T Force ガッチャマン\u3000さらば友よ'],"['科幻', '动画']",[''],[],[' 日语']
[' 台湾'],['楊子霆'],[],['06'],[],['我们的月亮 我們的月亮'],['动画'],[''],[],[' 汉语普通话']
[' 挪威 Norway'],['Lise I. Osvoll'],['66'],['10'],"['Charlotte Frogner', '弗里迪夫·梭哈姆', 'Marit Andreassen', 'Henriette Faye-Schjøll']",['库托潘 KuToppen'],['动画'],[''],[],[' 挪威语 Norwegian']
[' 美国'],['Michael D. Black'],['22'],['06'],"['James Mathis III', '科斯顿·约翰', '伊薇特·尼科尔·布朗', 'Daisy Lightfoot', '小伊萨克·C.辛格尔顿', '特雷弗·德瓦', '连姆·奥布赖恩', '米克·温格特', '弗雷德·塔特西奥', '劳拉·贝莉', '罗杰·克莱格·史密斯', '特拉维斯·威林厄姆']",['乐高漫威超级英雄 黑豹：瓦坎达危机 LEGO Marvel Super Heroes: Black Panther - Trouble in Wakanda'],"['剧情', '动画', '儿童']",[''],[],[' 英语']
[' 加拿大'],"['Benoît Godbout', '让-弗朗索瓦·波略特', '弗兰克·布里森']",['89'],"['12', '12']","['索哈·鲍尔', '露辛达·戴维斯', 'Tod Fennell', '诺尔·费舍', '道恩·福特']",['冰雪大作战2 Racetime'],"['喜剧', '动画', '冒险']",[''],[],[' 英语']
[' 日本'],['山本靖贵'],['57'],['11'],"['新田日和', '八木侑纪', '高桥未奈美', '石原夏织', '小仓唯', '饭田里穗', '铃木爱奈', '德井青空', '加藤英美里', '五十岚裕美', '潘惠美', '诹访彩花', '三森铃子', '松田利冴', '沼仓爱美']",['怪兽娘~奥特怪兽拟人化计划~第三季 怪獣娘（黒）～ウルトラ怪獣擬人化計画～'],['动画'],[''],[],[' 日语']
[' 日本'],"['羽原信义', '小林诚']",[],['05'],"['小野大辅', '桑岛法子', '铃村健一', '大塚芳忠', '赤羽根健治', '国分和人', '千叶优辉', '麦人', '长岛雄一', '千叶繁', '森谷里美', '细谷佳正', '田中理惠', '东地宏树', '雨谷和砂', '石冢运升', '甲斐田裕子', '手冢秀彰', '神谷浩史', '山寺宏一', '内山昂辉', '神田沙也加', '井上和彦', '草尾毅', '池田昌子']",['宇宙战舰大和号2202 爱的战士们 第五章 宇宙戦艦ヤマト2202 愛の戦士たち 第五章'],"['科幻', '动画', '战争']",[''],[],[' 日语']
[' 美国'],['Elsa Garagarza'],['77'],['05'],"['伊薇特·尼科尔·布朗', '格雷格·西佩斯', 'Romi Dames', '格蕾·德丽斯勒', '约翰·迪·玛吉欧', 'Teala Dunn', 'Anais Fairweather', '乔什·基顿', 'Ashlyn Madden']",['乐高DC超级英雄美少女：超级罪犯中学 Lego DC Super Hero Girls: Super-Villain High'],['动画'],[''],[],[' 英语']
[' 德国 / 比利时'],"['克里斯托弗·劳恩斯坦', '沃尔夫冈·劳恩斯坦']",['84'],['10'],"['亚历桑德娜·内尔德尔', '阿克西尔·普拉尔']",['萌宠特工队 Marnies Welt'],"['动画', '家庭', '冒险']",[''],[],[' 德语 / 英语']
[' 日本'],['池田洋子'],[],['03'],"['引坂理绘', '本泉莉奈', '小仓唯', '美山加恋', '福原遥', '村中知', '藤田咲', '森奈奈子', '水濑祈']",['光之美少女 超级之星 映画 プリキュアスーパースターズ！'],"['动画', '儿童']",[''],[],[' 日语']
[' 英国'],['马克思·朗'],['25'],['12'],"['基特·哈灵顿', '休·斯金纳', '崔茜·尤玛', '帕齐·费伦', '兰尼·亨利']",['佐格 Zog'],['动画'],[''],[],[' 英语']
[' 日本'],"['原田孝宏', '黑木美幸']",['24'],['06'],"['寺岛拓笃', '神原大地', '松冈祯丞', '仲村宗悟', '内田雄马', '八代拓', '梅原裕一郎', '堀江瞬', '高冢智人', '伊东健人', '榎木淳弥', '中岛良树', '千叶翔也', '永冢拓马', '渡边紘', '白井悠介', '野上翔', '菊池永成', '山谷祥生', '立木文彦', '河西健吾', '石川界人']",['偶像大师SideM 特典 Made In Passion！ アイドルマスター SideM 315 Made In Passion！'],['动画'],[''],[],[' 日语']
[' 中国大陆'],['张紫'],[],[],[],['飞天小魔女'],['动画'],[''],[],[' 汉语普通话']
[' 日本'],['宇治茶 Ujicha'],['83'],['07'],"['悠木碧', '藤田咲', '高桥茂雄', '田中直树']",['暴力旅者 バイオレンス・ボイジャー'],"['喜剧', '动画', '恐怖', '奇幻', '冒险']",[''],[],[' 日语']
[' 中国大陆'],['蒋叶峰'],['82'],['12'],[],['阿里巴巴三根金发'],"['喜剧', '动画', '冒险']",[''],[],[' 汉语普通话']
[' 中国大陆 / 韩国'],['曹博'],['87'],['11'],[],['八仙'],['动画'],[''],[],[' 汉语普通话']
[' 中国大陆'],['邓志基'],['90'],['12'],"['云鹤追', '杨慧紫', '楚衔', '刘琮', '苏尚卿', '林琳', '张博恒', '李昊甲', '季骜杰', '张琰', '邵彤']",['警车联盟'],"['动画', '冒险']",[''],[],[' 汉语普通话']
[' 中国大陆'],['抖动文化'],['50'],"['08(中国大陆)"">2018']","['陶典', '徐刚', '王明扬']",['溺亡大厦'],"['动画', '悬疑']",[''],[],[' 汉语普通话']
[' 中国大陆'],['代长浩'],['83'],['12'],[],['龟兔大作战'],"['喜剧', '动画', '冒险']",[''],[],[' 汉语普通话']
[' 中国大陆'],['罗红胜'],['80'],['12'],[],['两只小猪之勇闯神秘岛'],"['动画', '儿童', '冒险']",[''],[],[' 汉语普通话']
[' 中国大陆'],['李宝坤'],['75'],['12'],[],['超时空大冒险'],"['动画', '家庭', '冒险']",[''],[],[' 汉语普通话']
[' 日本'],['千明孝一'],['116'],['01'],"['关智一', '雪野五月', '野上尤加奈', '三木真一郎', '根谷美智子', '大塚明夫', '田中正彦', '浪川大辅']",['全金属狂潮 Into the Blue フルメタル・パニック! イントゥ・ザ・ブルー'],['动画'],[''],[],[' 日语']
[' 日本'],['若野哲也'],['60'],['06'],"['樱井孝宏', '游佐浩二', '津田健次郎', '井上喜久子', '能登麻美子', '中村悠一', '梶裕贵', '代永翼', '鸟海浩辅', '大原沙耶香']",['笑傲昙天外传：宿命，双头风魔 曇天に笑う＜外伝＞～宿命、双頭の風魔～'],['动画'],[''],[],[' 日语']
[' 日本'],['きみやしげる'],[],['11'],"['梶裕贵', '小林由美子', '中田让治', '斋贺光希', '樱井孝宏', '上田祐司', '山口胜平', '乃村健次', '松山鹰志', '岩崎征实', '土师孝也', '高桥美佳子', '立花慎之介', '永岛由子']",['PEACE MAKER 铁 友命 PEACE MAKER 鐵 後篇～友命～'],['动画'],[''],[],[' 日语']
[' 中国大陆'],"['米粒', '王铮']",[],"['08', '12']",[],['烈山氏'],['动画'],[''],[],[' 无对白']
[' 日本'],[],[],['01'],"['小野大辅', '桑岛法子', '铃村健一', '神谷浩史']",['宇宙战舰大和号 爱的战士们 第四章 天命篇 宇宙戦艦ヤマト2202 愛の戦士たち 第四章 天命篇'],"['科幻', '动画', '战争']",[''],[],[' 日语']
[' 中国大陆'],['李金保'],['80'],['09'],"['王雪沁', '吴凡', '周宗禹', '张艺文', '唐泽宗']",['禹神传之寻找神力'],"['动画', '奇幻', '冒险']",[''],[],[' 汉语普通话']
[' 荷兰'],['Piet Kroon'],['80'],"['10(荷兰)"">2018']",[],['荷兰猫海因斯 Heinz'],['动画'],[''],[],[' 荷兰语']
[' 墨西哥'],['Miguel Ángel Uriegas'],['90'],"['05(墨西哥)"">2018']",[],['时钟里的天使 El ángel en el reloj'],['动画'],[''],[],[' 西班牙语']
[' 挪威'],['拉斯姆斯·A·西韦特森'],['82'],['09'],"['卡莉·安·佩妮谢', 'Trond Høvik', 'Per Skjølsvik']",['路易斯和卢卡-登月行动 Månelyst i Flåklypa'],"['喜剧', '动画', '儿童']",[''],[],[' 挪威语']
[' 俄罗斯'],"['罗伯特·伦塞', '阿列克谢·特斯蒂斯林', '刘凌峰']",['86'],['12'],[],['冰雪女王4：魔镜世界 The Snow Queen: Mirrorlands'],"['动画', '家庭', '奇幻', '冒险']",[''],[],[' 俄语']
[' 中国大陆'],"['孔佑阳', '殷千雅']",[],['12'],[],['解救克洛格'],['动画'],[''],[],[]
[' 中国大陆'],[],[],['02'],[],['哔哩哔哩2018拜年祭'],"['动画', '同性', '音乐', '歌舞', '真人秀']",[''],[],[' 汉语普通话 / 日语']
[' 中国大陆'],['杨汉钊'],['80'],"['03', '08']",['李仰'],['勇者闯魔城'],"['喜剧', '动画', '奇幻']",[''],[],[' 汉语普通话']
[' 日本'],['川口敬一郎'],[],['08'],[],['新网球王子BEST GAMES!! 手塚vs跡部 テニスの王子様 BEST GAMES!! 手塚 vs 跡部'],['动画'],[''],[],[' 日语']
[' 中国大陆'],['陈设'],['78'],['08'],"['王雪沁', '吴凡', '周宗禹', '强光宗', '张艺文', '唐泽宗', '濮心宇']",['旅行吧！井底之蛙'],"['动画', '奇幻', '冒险']",[''],[],[' 汉语普通话']
[' 中国大陆'],['刘骏'],['90'],['08'],"['禹祥', '绿绮', '瀚墨', '囧森瑟夫', 'KIKI', '莫谦']",['足球王者'],"['动画', '运动']",[''],[],[' 汉语普通话']
[' 日本'],['宫本浩史'],[],['10'],"['引坂理絵', '本泉莉奈', '小倉唯', '田村奈央', '田村ゆかり']",['拥抱！光之美少女剧场版：两个人是光之美少女·群星之回忆 映画HUGっと！プリキュア・ふたりはプリキュア オールスターズメモリーズ'],['动画'],[''],[],[' 日语']
[' 日本'],['中野英明'],['58'],['04'],"['寺岛拓笃', '梶裕贵', '下野纮', '堀江一真', '柿原彻也', '津田健次郎']",['吸血鬼仆人 -Alice in the Garden- 劇場版 SERVAMP -サーヴァンプ- Alice in the Garden'],['动画'],[''],[],[' 日语']
[' 日本'],['山本靖貴'],['21'],['07'],"['立花慎之介', '朋永真季', '猪口有佳', '永井真衣', '成濑未亚', '小仓结衣', '岡嶋妙', '立石めぐみ']",['巧克力与香子兰 OVA 小猫之日的约定 ネコぱら OVA 仔ネコの日の約束'],['动画'],[''],[],[' 日语']
[' 德国 / 卢森堡 / 丹麦'],"['克里斯托弗·劳恩斯坦', '沃尔夫冈·劳恩斯坦', '肖恩·麦克科马克']",['86'],['04'],"['Franciska Friede', 'Joey Guila']",['路易斯与外星人 Luis &amp; the Aliens'],"['喜剧', '科幻', '动画', '家庭', '冒险']",[''],[],[' 德语']
[' 中国大陆'],[],[],[],[],['京剧猫'],"['动画', '儿童', '奇幻', '冒险']",[''],[],[' 汉语普通话']
[' 中国大陆'],['薛玉峥'],['86'],['11'],[],['两个俏公主'],"['动画', '儿童', '奇幻']",[''],[],[' 汉语普通话']
[' 中国大陆'],['陈设'],['77'],['06'],[],['魔镜奇缘2'],"['动画', '家庭', '冒险']",[''],[],[' 汉语普通话']
[' 中国大陆'],['胡里奥·索托·古尔皮德'],['92'],['08'],"['张璐', '陈红', '张云龙', '杨希', '郭政建', '张遥函', '胡静', '刘琮', '敖磊', '贾小军', '涂小鸦']",['深海历险记'],"['喜剧', '动画', '冒险']",[''],[],[' 汉语普通话']
[' 法国 / 中国大陆'],"['海琳·吉罗', '托马斯·绍博']",['91'],['06'],"['布鲁诺·萨拉曼', '蒂埃里·弗雷蒙', 'Stéphane Coulon', 'Jean Nanga', 'Sarah Cohen-Hadria', 'Jean-Paul Guyon', 'Bô Gaultier de Kermoal', 'Franck Benezech', 'Luc Morvan', 'Huifang Liu', 'Ruwan Aerts', 'Jacqueline Beretti', 'André Caron', 'Juanita Cassiet', 'Laurens Ehrmann']",['昆虫总动员2：来自远方的后援军 Minuscule 2: Les mandibules du bout du monde'],['动画'],[''],[],[' 汉语普通话']
[' 日本'],['长山延好'],['23'],['05'],"['悠木碧', '市来光弘']",['我的女友是个过度认真的处女碧池 OAD 僕の彼女がマジメ過ぎる処女ビッチな件 OAD'],['动画'],[''],[],[' 日语']
[' 中国大陆'],['邓伯超'],['86'],['09'],"['黄玉坤', '吴思怡']",['圣蛋传奇之猪公的骰子'],"['喜剧', '动画', '奇幻']",[''],[],[' 汉语普通话']
[' 德国 / 澳大利亚'],"['Noel Cleary', 'Sergio Delfino', '亚力克斯·施塔德曼']",['85'],"['03', '04']","['可可·杰克·吉利斯', 'Benson Jack Anthony', '理查德·劳斯伯格', '贾丝婷·克拉克', 'Marney McQueen', 'Linda Ngo', 'Cam Ralph', 'Jordan Hare', '山姆·哈夫特', 'Peter McAllum', 'Tess Meyer', 'Jane Ubrien', 'Stavroula Adameitis', 'David Collins', 'Shane Dundas', 'Jimmy James Eaton']",['玛雅蜜蜂历险记2：蜜糖游戏 Maya the Bee: The Honey Games'],"['喜剧', '动画', '儿童', '冒险']",[''],[],[' 英语']
[' 日本'],['小林智樹'],['14'],['04'],"['种田梨沙', '柚木凉香', '泽城美雪', '钉宫理惠', '桐井大介', '渡边明乃']",['传颂之物 图斯库尔皇女的华丽日常 うたわれるもの トゥスクル皇女の華麗なる日々'],['动画'],[''],[],[' 日语']
[' 台湾'],['张毅'],['80'],['11'],[],['狗狗伤心志 狗狗傷心誌'],['动画'],[''],[],[' 汉语普通话']
[' 日本'],['后信治'],[],['12'],[],['妖怪手表：永远的朋友 映画 妖怪ウォッチ FOREVER FRIENDS'],['动画'],[''],[],[' 日语']
[' 日本'],"['羽原信义', '小林诚']",[],['11'],"['小野大辅', '桑岛法子', '铃村健一', '细谷佳正', '田中理惠', '石冢运升', '高垣彩阳', '神谷浩史']",['宇宙战舰大和号2202 爱的战士们 第六章 宇宙戦艦ヤマト2202 愛の戦士たち 第六章'],"['科幻', '动画', '战争']",[''],[],[' 日语']
[' 美国 / 加拿大 Canada'],"['Ishi Rudell', 'Katrina Hadley']",['44'],['07'],"['阿什莉·鲍尔', '安德莉亚·利布曼', 'Rebecca Shoichet', '塔比莎·杰曼', '塔拉·斯特朗', '泰根·摩斯', '詹姆斯·柯克', '山姆·文森特', '史葛·麦克尼尔', 'Richard Newman', 'Kazumi Evans']",['小马国女孩 一波三折的友谊 My Little Pony Equestria Girls: Rollercoaster of Friendship'],"['剧情', '动画', '歌舞', '家庭', '奇幻']",[''],[],[' 英语']
[' 法国 / 比利时 / 瑞士'],['Ismaël Joffroy Chandoutis'],['22'],['04'],"['苏莱曼·达兹', 'Valérie Giménez', 'Paul Zadkine']",['黑波 Ondes Noires'],"['动画', '纪录片', '短片']",[''],[],[' 法语']
[' 加拿大'],[],[],[],"['本尼迪克特·康伯巴奇', '马修·古迪', '多米尼克·斯万', '汤姆·莱利', '萨曼莎·莫顿', '吉姆·布劳德本特', '恩佐·科伦蒂', '吉米·卡尔']",['魔法世界 Magik'],"['动画', '奇幻']",[''],[],[' 英语']
[' 日本'],['多田俊介'],[],['10'],"['花江夏树', '小野贤章', 'ランズベリー・アーサー', '细谷佳正', '前野智昭', '冈本信彦', '内田雄马', '兴津和幸', 'KENN', '松冈祯丞', '岛崎信长', '高梨谦吾', '梅原裕一郎', '武内骏辅', '置鲇龙太郎', '保志总一朗']",['高校星歌剧 OVA3 スタミュ in ハロウィン'],['动画'],[''],[],[' 日语']
[' 台湾'],['陈彦勋'],['4'],['06'],[],['猎人猎人 獵人獵人'],['动画'],[''],[],[' 无对白']
[' 中国大陆 / 日本 / 韩国'],"['林珍钊', '静野孔文']",['91'],"['10(釜山电影节)"">2018']","['蔡伟军', '郑乐成', '三木真一郎', '石原夏织', '悠木碧']",['你好霸王龙'],['动画'],[''],[],[' 汉语普通话 / 日语']
[' 日本'],['遊佐かずしげ'],[],['05'],"['上坂 すみれ', '増田 俊樹', '松田健一郎']",['Midnight Crazy Trail'],['动画'],[''],[],[' 日语']
[' 加拿大'],['Adam Wood'],[],['12'],"['简·科拉克斯基', '罗莎里奥·道森', '内森·菲利安', '詹姆斯·麦斯登', '罗伯·里格尔', '托马斯·米德蒂奇', '阿尔弗雷德·莫里纳', '博卡·格德斯维特', '克雷格·罗宾森', '威尔·萨索']",['追随者 Henchmen'],['动画'],[''],[],[]
[' 日本'],['安藤真裕'],[],['06'],"['濑户麻沙美', '大久保瑠美', '内山昂辉', '高桥春香', '大空直美']",['UNDER THE DOG Jumbled'],"['科幻', '动画']",[''],[],[' 日语']
[' 美国'],['沈安琪'],['4'],['04'],[],['小羊贝礼 Barry'],['动画'],[''],[],[' 英语 / 法语']
[' 美国'],['Richard Rich'],['79'],['03'],"['Grant Durazzo', 'Kellen Goff', 'Nina Herzog', 'Jayden Isabel', '大卫·洛奇']",['天鹅公主：皇室之谜 The Swan Princess: A Royal Myztery'],"['喜剧', '动画', '冒险']",[''],[],[' 英语']
[' 美国'],[],[],[],[],['百兽王 Voltron'],"['动作', '动画', '奇幻', '冒险']",[''],[],[]
[' 法国 / 瑞典 / 挪威'],['Mats Grorud'],['74'],['11'],[],['白塔 The Tower'],['动画'],[''],[],[' 阿拉伯语 / 英语 / 法语']
[' 加拿大'],['Jennifer Westcott'],['60'],['11'],"['莫蕾娜·巴卡琳', '乔什·哈切森', '约翰·克立斯', '马丁·肖特', '杰夫·唐纳姆', '克里斯托弗·贾科特', '萨曼莎·比', '罗伯特·丁克勒', 'George Buza', 'Jean Yoon', '朱莉·勒米厄', 'Scott Farley', 'Carlos Bustamante', 'Steph Lynn Robinson', 'Carly Heffernan']",['小小驯鹿艾略特 Elliot the Littlest Reindeer'],"['动画', '家庭']",[''],[],[' 英语']
[' 加拿大'],"['Dimos Vrysellas', 'Aaron Woodley']",[],['01'],"['詹姆斯·弗兰科', '亚历克·鲍德温', '安杰丽卡·休斯顿', '杰瑞米·雷纳', '奥玛·希', '约翰·克立斯', '海迪·克卢姆', '迈克尔·马德森']",['北极正义：雷霆战队 Arctic Justice: Thunder Squad'],['动画'],[''],[],[' 英语']
[' 日本'],['宫本浩史'],[],['10'],"['引坂理絵', '本泉莉奈', '小倉唯', '田村奈央', '田村ゆかり']",['拥抱！光之美少女剧场版：两个人是光之美少女·群星之回忆 映画HUGっと！プリキュア・ふたりはプリキュア オールスターズメモリーズ'],['动画'],[''],[],[' 日语']
[' 中国大陆'],['龚震华'],['36'],"['06(中国大陆)"">2018']","['风霁月', '留歌', '夏行美', '乐颜', '白小葭', '皇贞季', '季冠霖', '阿杰', '小连杀']",['安菟！安菟！ OVA'],"['剧情', '动画']",[''],[],[' 汉语普通话']
[' 美国'],['Alessandro Carloni'],[],[],"['Annelies van de Velde', '乔什·加德']",['我和我的影子 Me and My Shadow'],"['动画', '音乐', '歌舞']",[''],[],[' 英语']
[' 日本'],['若野哲也'],['58'],['09'],"['中村悠一', '梶裕貴']",['笑傲昙天外传：樱华，天望架桥 曇天に笑う＜外伝＞ ～桜華、天望の架橋～'],['动画'],[''],[],[' 日语']
[' 俄罗斯'],['丹尼斯·切尔诺夫'],['85'],['04'],[],['开心球：似曾相识 Смешарики. Дежавю'],"['喜剧', '动画', '冒险']",[''],[],[' 俄语']
[' 日本'],['竹内浩志'],[],['06'],"['梶裕贵', '小林由美子', '中田让治', '斋贺光希', '樱井孝宏', '上田祐司', '山口胜平', '鸟海浩辅', '乃村健次', '松山鹰志', '岩崎征实', '土师孝也', '高桥美佳子', '立花慎之介']",['PEACE MAKER 铁 想道 PEACE MAKER 鐵 前篇～想道～'],['动画'],[''],[],[' 日语']
[' 日本'],"['加藤一彦', '川越淳']",[],['07'],"['栗田贯一', '小林清志', '泽城美雪', '山寺宏一', '浪川大辅']",['鲁邦现在还在燃烧吗？ ルパンは今も燃えているか？'],"['喜剧', '动作', '动画']",[''],[],[' 日语']
[' 中国大陆'],['沈文帅'],['70'],['01'],"['刘颖伦', '林雪', '孙婉婷', '李晗', '陈奕恩']",['末栈之怪笔新娘'],"['剧情', '动作', '动画', '悬疑', '奇幻']",[''],[],[' 汉语普通话']
[' 日本'],['大杉宜弘'],['60'],['09'],"['水田山葵', '大原惠美', '嘉数由美', '木村昴', '关智一', '三石琴乃', '松本保典', '朴璐美', '茅野爱衣', '三田友子', '桧山修之', '鹿糠光明', '上村典子', '志村贵博', '梯笃司', '泽木郁也', '林勇', '设乐麻美', '岩端卓也']",['哆啦A梦生日SP：鲸与梦幻水管岛 ドラえもん誕生日スペシャル「クジラとまぼろしのパイプ島」'],['动画'],[''],[],[' 日语']
[' 台湾'],['张徐展'],['5'],['06'],[],['Si So Mi'],['动画'],[''],[],[' 无对白']
[' 韩国'],"['吴成允', '李春白']",['100'],['07'],"['都暻秀', '朴素丹', '朴哲民']",['萌犬流浪记 언더독'],"['动画', '冒险']",[''],[],[' 韩语']
[' 日本'],['斎藤久'],['60'],"['01', '02']","['中村悠一', '朝井彩加', '福原香织', '布里德卡特·塞拉·惠美', '藤原启治', '浅川悠', '杉田智和', '野水伊织', '吉田聖子']",['新妹魔王的契约者 DEPARTURES 新妹魔王の契約者 DEPARTURES'],"['动画', '情色', '奇幻']",[''],[],[' 日语']
[' 中国大陆'],['杨广福'],['89'],['12'],[],['大唐风云2'],"['动画', '儿童']",[''],[],[' 汉语普通话']
[' 丹麦'],['Karsten Killerich'],['81'],['02'],[],['飞毯奇缘 Up and Away'],"['动画', '家庭']",[''],[],[' 丹麦语']
[' 中国大陆'],['俞君文'],['3'],['06'],[],['Tryst'],['动画'],[''],[],[' 无对白']
[' 中国大陆'],['李明尚'],['10'],[],"['爱迪生', '大蟀蝈']",['鼓刀屠者'],"['动画', '恐怖']",[''],[],[' 汉语普通话']
[' 法国'],['Nara NORMANDE'],['14'],['10'],[],['来自海滩的女孩 Guaxuma'],['动画'],[''],[],[' 无对白']
[' 中国大陆'],['张玄同'],['3'],[],[],['虚无太空地狱'],"['科幻', '动画', '恐怖']",[''],[],[]
[' 美国'],"['Denny Lu', 'Mike Myhre', 'Jim Miller']",['44'],['10'],"['塔拉·斯特朗', '安德莉亚·利布曼', '阿什莉·鲍尔', '塔比莎·杰曼', '凯西·薇瑟乐克', '约翰·德·兰西', '山姆·文森特', '加里·切克', 'Meaghan Hommy', '史葛·麦克尼尔', 'Ingrid Nilson', 'Sean Thomas', '安德鲁·弗朗西斯', '布瑞特·麦考利普', 'Alison Wandzura', 'Asia Mattu', 'Rebecca Shoichet', 'Kazumi Evans', '珊农·陈-肯特']",['我的小马驹：2018圣诞特辑 My Little Pony: Best Gift Ever'],"['喜剧', '动画', '歌舞', '家庭']",[''],[],[' 英语']
[' 中国大陆'],['周剑龙'],[],['01'],"['吴钰霞', '舒宇婷', '熊鑫']",['拂晓传奇'],"['剧情', '动画', '奇幻']",[''],[],[' 汉语普通话']
[' 美国'],"['Ishi Rudell', 'Katrina Hadley']",['46'],['02'],"['阿什莉·鲍尔', '安德莉亚·利布曼', '丽贝卡·伊索卡', '塔比莎·杰曼', '塔拉·斯特朗', 'Nicole Oliver', '凯西·薇瑟乐克', '凯瑟琳·巴尔', '珊农·陈-肯特', '詹姆斯·柯克', 'Ingrid Nilson', 'Kazumi Evans']",['小马国女孩 被遗忘的友谊 My Little Pony Equestria Girls: Forgotten Friendship'],"['剧情', '动画', '儿童', '奇幻']",[''],[],[' 英语']
[' 冰岛 / 比利时'],"['Árni Ásgeirsson', 'Gunnar Karlsson']",['83'],['02'],"['Jamie Oram', 'Harriet Perring', 'Iain Stuart Robertson', 'Richard Cotton', 'Thorunn Erna Clausen', 'Thomas Arnold']",['天堂谷大冒险 PLOEY - You Never Fly Alone'],['动画'],[''],[],[' 英语 / 冰岛语']
[' 中国大陆'],[],[],[],[],['封神道：哪吒闹海'],"['动画', '奇幻']",[''],[],[' 汉语普通话']
[' 日本'],['初见浩一'],[],['04'],"['游佐浩二', '神谷浩史', '福山润', '冈本信彦 Nobuhiko Okamoto']",['间谍游戏 青之驱魔师 京都不净王篇 OAD 02'],"['剧情', '动作', '动画', '奇幻']",[''],[],[' 日语']
[' 中国大陆'],[],[],[],[],['皮皮鲁安全特工队'],['动画'],[''],[],[' 汉语普通话']
