地区,导演,时长,月份,演员,电影名,类型,评分,评论数,语言
[' 英国'],['Richard Boden'],['39'],['12'],"['大卫·米切尔', '肯尼思·布拉纳', '海伦·蒙克斯', '保拉·威尔科克斯', '哈里·恩菲尔德', 'Rosanna Beacock', '丽莎·塔巴克', '马克·希普', '卡尔·特奥巴德', '杰玛·韦兰', '蒂姆·唐尼', 'Rob Rouse', '多米尼克·科尔曼', 'Spencer Jones', '史蒂夫·斯皮尔斯', '乔斯林·杰·艾森', '莉莉·科尔', 'Hannah Jane Fox', 'Luka Petrovic']",['新贵2018圣诞特辑 Upstart Crow: A Crow Christmas Carol'],"['喜剧', '历史']",['8.6'],['85'],[' 英语']
[' 英国'],['尼古拉斯·希特纳'],['135'],['03'],"['本·卫肖', '米歇尔·费尔利', '大卫·莫瑞瑟', '大卫·卡尔德', '阿卓艾·安多']",['裘力斯·恺撒 National Theatre Live: Julius Caesar'],"['传记', '历史']",['8.5'],['1119'],[' 英语']
[' 德国'],['拉斯·克劳梅'],['111'],['03'],"['乔纳斯·达斯勒', '汤姆·格兰门兹', '米夏埃尔·圭斯德克', '罗夫·凯尼斯', '布尔格哈特·克劳斯纳', '莱娜·克棱克', '弗洛里安·卢卡斯', '伦纳德·施彻', '戈茨·舒伯特', '耶迪斯·特里贝尔', '卡莉娜·N.维斯', '罗纳尔德·策尔费尔德']",['沉默的教室 Das schweigende Klassenzimmer'],"['剧情', '历史']",['8.4'],['11057'],[' 德语']
[' 德国'],['米夏埃尔·赫尔比希'],['125'],['09'],"['弗莱德里奇·穆克', '卡罗利妮·舒赫', '大卫·克劳斯', '艾丽西娅·冯·里特贝格', '托马斯·克莱舒曼', '乔纳斯·霍登里德尔', '蒂尔曼·多布勒', '克里斯蒂安·内特', '罗纳德·库克利斯', '塞巴斯蒂安·胡克', '乌尔里奇·布兰德霍夫', '柏恩德·麦克·莱德', '凯·伊沃·保利兹', '贝恩德·斯特格曼', '安婕·特拉乌']",['气球 Ballon'],"['剧情', '惊悚', '历史']",['8.4'],['14445'],[' 德语 / 英语']
[' 比利时 Belgium / 法国 / 荷兰 Netherlands / 卢森堡 Luxembourg'],"['Emma De Swaef', 'Marc James Roels']",['44'],['05'],[],['这绝妙的蛋糕！ Ce magnifique gâteau!'],"['喜剧', '动画', '历史']",['8.4'],['148'],[' 荷兰语 Dutch / 法语']
[' 澳大利亚 / 美国 / 印度'],['安东尼·马拉斯'],['123'],"['09', '10']","['艾米·汉莫', '纳赞宁·波妮阿蒂', '戴夫·帕特尔', '詹森·艾萨克', '阿努潘·凯尔', '刘承羽', '安格斯·麦克拉伦', '萨钦·乔伯', '蒂尔达·格哈姆-哈维', '维品·沙尔马', '阿布罗伊·辛格', '迪维亚·阿妮', '桑迪普·博雅卡', '齐尼亚·斯塔尔']",['孟买酒店 Hotel Mumbai'],"['剧情', '惊悚', '历史']",['8.4'],['25342'],[' 英语 / 印地语 / 旁遮普语 / 希腊语 / 俄语 / 阿拉伯语 / 乌尔都语 / 波斯语']
[' 中国大陆'],"['潘礼平', '奉万里', '胡昀皓', '陈功']",[],['05'],"['祁晟原', '刘戴恩', '释小松', '陈荣达', '余亚颖', '杨知周', '葛奕德', '刘紫璇', '周冉', '开新傲', '李俊豪', '程子阳', '万子晴', '陈禹衡', '姜巧慧', '罗熙怡', '蔡嘉诚', '魏雨祺', '高一杰', '戴豪键', '汤子豪', '喻峰', '张伊凡', '徐雨旋', '李冰城', '杨梦瑶', '周依萱', '吴爽', '叶思文', '徐佳蕊', '林立涵', '卢亦豪', '黄涵雨', '张允钊', '高锡华', '齐森昊', '欧家杜', '郑树森', '黄敬棋', '姜米珈', '赵紫彤', '林宜婧']",['小戏骨：包青天之秦香莲与陈世美'],"['剧情', '悬疑', '儿童', '历史', '古装']",['8.2'],['607'],[' 汉语普通话']
[' 中国大陆'],['小野败仔'],['13'],['04'],"['于越', '森中人', '冷泉夜月']",['切尔诺贝利之春 Un printemps à Tchernobyl'],"['剧情', '动画', '历史', '灾难']",['7.9'],['2090'],[' 汉语普通话']
[' 匈牙利'],['Tamas Yvan Topolanszky'],['99'],[],"['丽丽·博尔丹', '卡罗琳·博尔顿', 'Nikolett Barabas', 'Björn Freiberg', 'Declan Hannigan', '扬·费尔德曼', '斯科特·亚历山大·杨', 'Kata Sarbó', 'Rafael Feldman', '罗德里克·希尔', '埃斯特·纳吉-卡洛齐', '杰瑞米·惠勒', 'József Gyabronka', 'Ferenc Lengyel', 'Christopher Krieg', 'Daniel Gabori', 'Sándor Köleséry']",['柯蒂斯 Curtiz'],"['剧情', '传记', '历史']",['7.8'],['104'],[' 英语 / 匈牙利语']
[' 美国 / 日本'],['达米恩·查泽雷'],['141'],"['08', '10']","['瑞恩·高斯林', '克莱尔·芙伊', '杰森·克拉克', '凯尔·钱德勒', '寇瑞·斯托尔', '派屈克·福吉特', '克里斯托弗·阿波特', '塞伦·希德', '奥莉维亚·汉密尔顿', '巴勃罗·施瑞博尔', '谢伊·惠格姆', '卢卡斯·哈斯', '伊桑·恩布里', '布莱恩·达西·詹姆斯', '科里·迈克尔·史密斯', '克里斯·斯万博格']",['登月第一人 First Man'],"['剧情', '传记', '历史']",['7.7'],['30842'],[' 英语']
[' 乌拉圭 / 西班牙 / 阿根廷 / 法国 / 德国'],['阿尔瓦罗·布雷克纳'],['122'],"['09', '11']","['安东尼奥·德·拉·托雷', '奇诺·达林', '阿方索·托特', '凯撒·特龙科索', '索蕾达·维拉米尔', '西尔维娅·佩雷斯·克鲁兹', '米涅娜·帕斯夸尔', '尼迪亚·泰勒斯', '凯撒·博尔东']",['地牢回忆 La noche de 12 años'],"['剧情', '历史', '犯罪']",['7.7'],['1659'],[' 西班牙语']
[' 俄罗斯'],['阿列克赛·西多洛夫'],['139'],['12'],"['亚历山大·佩特罗夫', '文森兹·凯弗', '维克多·多勃朗拉沃夫', '伊琳娜·斯达申鲍姆', '谢苗·特列斯库诺夫', '尤利斯·鲍里索夫', '阿尔焦姆·贝斯特罗夫', '约书亚·格罗斯', '伊格·克里普诺夫', '彼得·斯科沃尔佐夫']",['T-34坦克 T-34'],"['动作', '历史', '战争']",['7.6'],['8895'],[' 俄语']
[' 挪威 / 冰岛 / 美国'],['保罗·格林格拉斯'],['143'],"['09', '10']","['安德斯·丹尼尔森·李', '乔纳斯·斯特兰德·格利', '乔恩·奥伊登', '玛丽亚·波克', '托尔比约恩·哈尔', '乌里克·汉森·多维根', '托恩·丹尼尔森', '安尼克·冯·德·利佩', '拉尔斯·阿兰兹-汉森', '爱因德·伊恩沃德']",['挪威7·22爆炸枪击案 22 July'],"['剧情', '历史', '犯罪']",['7.5'],['6825'],[' 英语']
[' 英国 / 美国'],['沃什·韦斯特摩兰'],['111'],"['01', '09']","['凯拉·奈特莉', '多米尼克·威斯特', '埃莉诺·汤姆林森', '费奥纳·肖', '丹妮斯·高夫', '艾莎·哈特', '丽贝卡·鲁特', '阿尔·韦弗', '卡罗琳·博尔顿', '雷·潘莎基', '珊农·塔伯特', '阿提拉·阿帕', '阿拉贝拉·韦尔', '羽田正义', '罗德里克·希尔', '贾尼娜·哈尼', '凯汀卡·埃格雷斯']",['柯莱特 Colette'],"['剧情', '传记', '历史']",['7.5'],['8436'],[' 英语']
[' 英国'],['大卫·马肯兹'],['121'],"['09', '11']","['克里斯·派恩', '斯蒂芬·迪兰', '亚伦·泰勒-约翰逊', '丽贝卡·罗宾', '比利·豪尔', '萨姆·斯普卢尔 ', '乔纳森·菲利普斯', '邓肯·拉克鲁瓦', '卡兰·马尔韦', '史蒂芬·克里', '托尼·库兰', '詹姆斯·卡沙莫', '阿拉斯塔尔·麦肯泽', '洛娜·麦克法迪', '弗洛伦斯·皮尤']",['法外之王 Outlaw King'],"['剧情', '动作', '传记', '历史']",['7.4'],['4811'],[' 英语']
[' 美国'],['安德鲁·海特'],['108'],['03'],"['吉姆·卡维泽', '詹姆斯·福克纳', '奥利维埃·马丁内斯', '琼妮·威利', '约翰·林奇', '桥格斯·卡拉米霍斯', '安东尼娅·坎贝尔-休斯', '亚历桑德罗·斯佩尔杜蒂', '曼努埃尔·考西', '诺亚·亨特雷', '杰·佩斯']","['使徒保罗 Paul, Apostle of Christ']","['剧情', '历史']",['7.3'],['830'],[' 英语']
[' 西班牙'],['玛·塔尔加纳'],['110'],['10'],"['马里奥·卡萨斯', '理查德·范·韦登', '阿兰·埃尔南德斯', '阿德里亚·萨拉查', '爱德华·布赫', '斯特凡·韦纳特', '弗兰克·费斯', '卢卡·佩洛斯', '玛卡蕾娜·戈麦斯', '丹尼斯·乌伊洛基', '玛丽安·科奇什']",['集中营里的摄影师 El fotógrafo de Mauthausen'],"['传记', '历史', '战争']",['7.2'],['659'],[' 西班牙语']
[' 英国'],['肯尼思·布拉纳'],['101'],['12'],"['肯尼思·布拉纳', '朱迪·丹奇', '伊恩·麦克莱恩', '洛丽塔·查卡巴蒂', '杰克·科尔格雷夫·赫斯特', '道格·科灵', '埃莉诺·德·罗汉', '菲尔·邓斯特']",['都是真的 All Is True'],"['剧情', '传记', '历史']",['7.2'],['204'],[' 英语']
[' 英国 / 美国'],['迈克·内威尔'],['124'],['04'],"['莉莉·詹姆斯', '米契尔·哈思曼', '格伦·鲍威尔', '马修·古迪', '杰西卡·布朗·芬德利', '汤姆·康特奈', '佩内洛普·威尔顿']",['根西岛文学与土豆皮馅饼俱乐部 The Guernsey Literary and Potato Peel Pie Society'],"['剧情', '爱情', '历史']",['7.2'],['4781'],[' 英语']
[' 美国 / 爱尔兰 / 法国 / 加拿大'],['Richard Lanni'],['84'],['04'],"['海伦娜·伯翰·卡特', '罗根·勒曼', '热拉尔·德帕迪约']",['斯塔比中士：一个美国英雄 Sgt. Stubby: An American Hero'],"['动画', '历史', '战争', '冒险']",['7.2'],['212'],[' 英语']
[' 韩国'],['张律'],['121'],"['10', '11']","['朴海日', '文素丽', '郑镇荣', '朴素丹']",['咏鹅 군산: 거위를 노래하다'],"['剧情', '爱情', '历史']",['7.1'],['2426'],[' 韩语 / 日语 / 汉语普通话']
[' 法国'],['洛朗·蒂拉尔'],['90'],['02'],"['让·杜雅尔丹', '梅拉尼·罗兰', '诺米·梅兰特', '费奥多尔·阿特金', '洛朗·巴图', '让-米歇尔·拉米', '埃弗琳·布尔']",['英雄归来 Le retour du héros'],"['喜剧', '历史']",['6.9'],['846'],[' 法语']
[' 中国大陆'],['胡玫'],['113'],['06'],"['马伊琍', '富大龙', '马敬涵', '王子文', '姚安濂', '焦晃', '刘宸', '周中和', '杨哲', '王春子', '董飞', '刘立伟', '刘佩琦']",['进京城'],"['剧情', '历史', '古装']",['6.9'],['2289'],[' 汉语普通话 / 英语']
[' 印度'],['桑杰·里拉·彭萨里'],['164'],['01'],"['迪皮卡·帕度柯妮', '阿努普瑞雅·戈恩卡', '兰维尔·辛格', '沙希德·卡普尔', '阿娣提·拉奥·希达里', '吉姆·萨伯', '拉萨·默拉德', '夏恩·辛格', '曼吉特·辛格', '帕德曼瓦蒂·拉奥']",['印度艳后 Padmaavat'],"['剧情', '爱情', '历史']",['6.8'],['1666'],[' 印地语']
[' 法国 / 比利时 / 卢森堡'],['托马斯·温特伯格'],['117'],"['09', '11']","['科林·费尔斯', '蕾雅·赛杜', '马提亚斯·修奈尔', '迈克尔·恩奎斯特', '马克斯·冯·叙多夫', '奥古斯特·迪赫', '史蒂芬·威丁顿', '潘妮拉·奥古斯特', '马提亚斯·施维赫夫', '扎特科·巴瑞克', '乔尔·巴斯曼', '马格努斯·米兰', '伊娃·范·德·古奇特', '古斯塔夫·汉马斯顿', '约翰·霍林沃思', '皮特·布科夫斯基', '布贾内·亨里克森', '彼得·西蒙尼舍克', '拉尔斯·博格曼', '蒂伊门·戈瓦尔茨', '米格伦·米切夫', '海伦娜·赖因科德·纳曼', '皮特·泼拉格伯格', '阿斯克·邦', '马丁·布拉巴赫', '克拉多·德·克拉伦', '菲迪迦·斯图肯']",['库尔斯克 Kursk'],"['剧情', '历史', '灾难']",['6.8'],['2923'],[' 英语']
[' 美国'],['亚当·麦凯'],['132'],['12'],"['克里斯蒂安·贝尔', '艾米·亚当斯', '史蒂夫·卡瑞尔', '山姆·洛克威尔', '娜奥米·沃茨', '艾丽森·皮尔', '埃迪·马森', '贾斯汀·柯克', '丽莎·盖伊·汉密尔顿', '杰西·普莱蒙', '比尔·坎普', '唐·麦克马纳斯', '莉莉·拉贝', '谢伊·惠格姆', '斯蒂芬·阿德利·葛尔盖', '泰勒·派瑞', '杰夫·博斯利', '吉利安·阿美娜特', '马修·雅各布斯']",['副总统 Vice'],"['剧情', '喜剧', '传记', '历史']",['6.8'],['11284'],[' 英语']
[' 英国'],['迈克·李'],['154'],"['09', '11']","['玛克辛·皮克', '罗里·金奈尔', '蒂姆·麦克纳尼', '戴维·鲍姆伯', '里奥·比尔', '尼克·迈瑞莱格伦', '菲利普·杰克森', '皮尔斯·奎格利', '阿拉斯塔尔·麦肯泽', '卡尔·约翰逊', '马克·瑞安', '克瑞恩·奥伯里恩', '李·博德曼']",['彼得卢 Peterloo'],"['剧情', '历史']",['6.8'],['572'],[' 英语']
[' 美国'],['尼科莱·弗格西格'],['130'],['01'],"['克里斯·海姆斯沃斯', '迈克尔·珊农', '迈克尔·佩纳', '纳维德·内加班', '崔凡特·罗兹', '吉欧夫·斯图兹', '萨德·拉金比尔', '奥斯汀·赫伯特', '奥斯汀·斯托维尔', '本·奥图尔', '肯尼斯·米勒', '肯尼·谢尔德', '杰克·凯西', '罗伯·里格尔', '威廉·菲德内尔', '阿希亚·曼达维', '埃尔莎·帕塔奇', '玛丽·瓦根曼', '劳伦·迈尔斯', '阿利森·金', '莱斯·纳克里', '法希姆·法兹利', '纽曼·阿卡', '塞斯·艾德金斯', '泰勒·谢里丹']",['12勇士 12 Strong'],"['剧情', '历史', '战争']",['6.7'],['13137'],[' 英语 / 俄语 / 西班牙语 / 乌兹别克语 / 达里语']
[' 立陶宛 / 美国'],['玛瑞斯·马克威修斯'],['98'],"['09', '10']","['蓓尔·波利', '彼得·弗兰森', '索菲·库克森', '乔纳·豪尔-金', '詹姆斯·卡沙莫', '马丁·沃斯特罗姆', '丽莎·洛文·孔斯利', '阿德里安·席勒', '蒂莫西·英纳斯', '山姆·哈兹尔丁', '汤姆·斯威特', '列娃·安德烈瓦伊达']",['雪中灰 Ashes in the Snow'],"['剧情', '历史']",['6.6'],['746'],[' 英语']
[' 日本'],['松田秀知'],['120'],['10'],['内野圣阳'],['琥珀之梦 琥珀の夢'],"['剧情', '传记', '历史']",['6.5'],['125'],[' 日语']
[' 印度 India'],['Abhishek Sharma'],['129'],['05'],"['John Abraham', 'Boman Irani', 'Diana Penty']",['核弹英雄 Parmanu: The Story of Pokhran'],"['剧情', '动作', '历史']",['6.4'],['338'],[' 印度语 Hindi']
[' 俄罗斯'],['康斯坦丁·哈宾斯基'],['110'],['04'],"['康斯坦丁·哈宾斯基', '克里斯多弗·兰伯特', '玛利亚·科热夫尼科娃', '米卡丽娜·欧赞思佳', '菲利普·莱因哈特', '沃尔夫冈·塞尔尼']",['索比堡 Собибор'],"['历史', '战争']",['6.3'],['382'],[' 俄语']
[' 美国'],['克里斯·韦兹'],['122'],['08'],"['奥斯卡·伊萨克', '本·金斯利', '梅拉尼·罗兰', '利奥·拉兹', '尼克·克罗尔', '迈克尔·阿伦诺夫', '欧哈德·诺勒', '托本·利布雷希特', '乔·阿尔文', '格列塔·斯卡奇', '彼得·斯特劳斯', '海莉·露·理查森', '佩佩·拉帕佐特', '西蒙·拉塞尔·比尔', '阿兰·柯德勒']",['最终行动 Operation Finale'],"['剧情', '传记', '历史']",['6.3'],['1227'],[' 英语 / 法语 / 德语 / 西班牙语']
[' 俄罗斯'],['基姆·德鲁日宁'],['95'],['04'],"['安德烈·梅尔兹利金', '阿格拉娅·塔拉索娃', 'Aleksandr Tyutin', 'Sergey Chetvertkov', 'Anton Filipenko', 'Aleksey Ovsyannikov', 'Sergey Stukalov', 'Nikolay Gorshkov']",['坦克 Танки'],"['喜剧', '动作', '历史']",['6.3'],['369'],[' 俄语']
[' 中国大陆'],['杨虎'],['104'],"['08', '06']","['黄少祺', '赵毅', '葛子铭', '李幼斌', '卢海华', '徐光宇', '王力可', '侯天来']",['信仰者'],"['剧情', '传记', '历史']",['6.3'],['629'],[' 汉语普通话']
[' 英国'],['乔西·洛克'],['124'],['12'],"['西尔莎·罗南', '玛格特·罗比', '杰克·劳登', '乔·阿尔文', '大卫·田纳特', '盖·皮尔斯', '嘉玛·陈', '布兰登·柯伊尔', '马丁·康普斯顿', '伊斯梅尔·克鲁斯·科尔多瓦', '爱琳·奥伊金斯', '玛丽亚·德拉格斯', '伊恩·哈拉德', '詹姆斯·麦卡德尔', '艾德里安·莱斯特']",['玛丽女王 Mary Queen of Scots'],"['剧情', '传记', '历史']",['6.1'],['3045'],[' 英语']
[' 俄罗斯'],['康斯坦京·马克西莫夫'],['90'],['10'],"['安德烈·切尔内绍夫', '弗拉基米尔·叶皮凡采夫', '奥列格·福明']",['坚不可摧 Несокрушимый'],"['剧情', '历史', '战争']",['6.1'],['368'],[' 俄语 / 德语']
[' 英国 / 美国'],['何塞·帕迪里亚'],['106'],"['02', '03']","['裴淳华', '丹尼尔·布鲁尔', '埃迪·马森', '侬索·阿诺斯', '德尼·梅诺谢', '本·施耐泽', '彼得·苏利文', '安吉尔·伯纳尼', '卡米尔·雷米泽斯基', '马克·伊瓦涅', '布隆蒂斯·佐杜洛夫斯基', '利奥尔·阿什肯纳齐', '娜塔莉·斯通', '弗林·艾伦', '安德莉·代克', '文森特·里奥特', '伊弗塔赫·克莱恩', '奥马尔·贝尔杜尼']",['火狐一号出击 Entebbe'],"['剧情', '惊悚', '历史']",['6.0'],['2152'],[' 英语 / 德语 / 法语 / 希伯来语']
[' 法国'],['皮埃尔·苏勒'],['121'],"['09', '09']","['加斯帕德·尤利尔', '路易·加瑞尔', '德尼·拉旺', '尼尔斯·施内德', '阿黛拉·哈内尔', '罗兰·拉斐特', '席琳·赛莱', '伊兹雅·海格林', '奥利维埃·古尔梅', '诺埃米·洛夫斯基', '约翰·利贝罗', '安杰列·查拉', '让-马克·鲁洛']",['人民与国王 Un Peuple Et Son Roi'],"['剧情', '历史']",['6.0'],['85'],[' 法语']
[' 英国 / 波兰'],['皮奥特·斯科皮亚克'],['97'],['05'],"['亚历克斯·帕蒂弗', '罗伯特·温茨凯维奇', '妲露拉·莱莉', '迈克尔·刚本', '查尔斯·德特', '霍莉·阿斯顿', '安妮塔·凯里', '皮奥塔·斯特拉莫夫斯基', '威尔·索普']",['最后证人 The Last Witness'],"['惊悚', '历史']",['6.0'],['320'],[' 英语']
[' 韩国'],['洪昌杓'],['110'],['02'],"['沈恩京', '李昇基', '金相庆', '延宇振', '姜敏赫', '崔宇植', '赵福来', '崔珉豪', '朴善英', '曹秀香', '朴忠善', '孙成灿', '宋英才', '李娜云', '宋光元', '朱多英', '崔俊昊', '姜伦制', '李善彬', '李龙女', '朴智一', '尹有善', '李润健', '崔玟秀', '柳正浩', '徐佑镇']",['宫合 궁합'],"['剧情', '喜剧', '爱情', '历史']",['5.7'],['1641'],[' 韩语']
[' 美国'],['克林特·伊斯特伍德'],['94'],"['02', '02']","['斯宾塞·斯通', '安东尼·萨德勒', '亚历克·斯卡拉托斯', '朱迪·格雷尔', '珍娜·费舍', '贾里尔·怀特', '托马斯·列农', '托尼·海尔', 'P·J·伯恩', '布莱斯·吉扎尔', '斯蒂芬·考特尔', '罗伯特·普拉尔戈', '加里·维克斯']",['15点17分，启程巴黎 The 15:17 to Paris'],"['剧情', '惊悚', '历史']",['5.7'],['2239'],[' 英语 / 法语 / 阿拉伯语 / 德语 / 荷兰语']
[' 中国大陆'],['张唯'],['112'],['12'],"['谢钢', '刘牧', '康磊', '涓子', '秦楚明', '马东延', '于卉怡', '上泽', '张优', '方子怡', '刘玉龙']",['照相师'],"['剧情', '历史']",['5.0'],['833'],[' 汉语普通话']
[' 中国大陆'],['刘一君'],['95'],['05'],"['成泰燊', '颜丙燕', '梁俊一', '霍青', '王晖', '田牧宸', '杨紫彤', '美浓轮泰史', '大村波彦', '大冢匡将', '柴尧', '黄俊彬', '翁长特', '姚未平', '陈晓雪']",['香港大营救'],"['剧情', '动作', '悬疑', '历史']",['4.6'],['950'],[' 汉语普通话 / 粤语 / 日语']
[' 中国大陆'],"['高峰', '张馨']",['100'],['08'],"['卢秋宏', '何达', '郑昊', '杨俊生', '张永达', '冯恩鹤', '祝希娟', '马晓伟']",['浴血广昌'],"['历史', '战争']",['4.2'],['947'],[' 汉语普通话']
[' 美国'],['Steven Luke'],['85'],"['02', '10']","['汤姆·贝伦杰', 'Steven Luke', 'Mikeal Burgin', 'Aaron Courteau']",['仙境 Wunderland'],"['历史', '战争']",['4.1'],['136'],[' 英语']
[' 香港'],['Craig McCourry'],['108'],"['08(香港电影资料馆)"">2018']","['Harry Oram', 'Lydia Lee Tang', 'Ashley Leung']",['1941的圣诞 Christmas at the Royal Hotel'],"['剧情', '历史', '战争']",[''],[],[' 英语']
[' 芬兰'],['Markku Pölönen'],['108'],['10'],"['Oona Airola', 'Sanna-Kaisa Palo', 'Hannu-Pekka Björkman', 'Marjaana Maijala', 'Antti Virmavirta', 'Marja Packalén', 'Konsta Laakso', 'Mika Nuojua', 'Arto Heikkilä']",['Oma maa'],"['剧情', '爱情', '历史']",[''],[],[' 芬兰语']
[' 印度'],[],[],[],"['施卢蒂·哈森', 'Arya', 'Jeyam Ravi']",['Sangamithra'],"['动作', '历史', '冒险']",[''],[],[]
[' 丹麦'],['Kasper Kalle'],['90'],['12'],"['Rosalinde Mynster', 'Gustav Dyekjær Giese', 'Baard Owe', 'Karen-Lise Mynster', 'Peter Plaugborg', 'Rudi Køhnke', 'Brigitte Christensen']",['克里斯蒂安四世 Christian IV'],"['剧情', '历史']",[''],[],[' 丹麦语']
[' 中国大陆'],['王沛璋'],[],['06'],"['李秋凉', '高嵩', '赵琦', '杨辉']",['借箭'],"['历史', '战争']",[''],[],[' 汉语普通话']
[' 加拿大 Canada'],['马克西姆·吉洛'],['95'],['09'],"['莎拉·加顿', '科迪·费恩', '卢泽·特沃斯基', '罗曼·杜里斯', '勒达·卡代布', '巴迪·杜瑞斯', '斯蒂芬妮·索科琳斯基', 'Martin Dubreuil', '利斯·罗伊', 'Eden Sela']",['黑暗之日 La Grande Noirceur'],"['剧情', '历史']",[''],[],[' 法语 / 英语']
[' 捷克'],['Robert Sedlácek'],['124'],['08'],"['Michael Balcar', 'Filip Biro', 'Zuzana Bydzovská']",['Jan Palach'],"['剧情', '传记', '历史']",[''],[],[' 捷克语']
[' 多米尼加'],"['卡洛斯·莫瑞诺', '乌戈·罗德里格兹']",['102'],['10'],"['马诺洛·卡多纳', '达米安·阿尔卡扎', 'Héctor Aníbal', '卡塔莉娜·凯斯']",['鲁维罗萨 2 Rubirosa 2'],"['剧情', '历史']",[''],[],[' 西班牙语']
[' 中国大陆'],['钟文豪'],['75'],['11'],"['黄浩鸣', '吴岳', '袁国扬', '郑小毛']",['越莞记'],"['剧情', '历史']",[''],[],[' 粤语 / 汉语普通话']
[' 多米尼加'],"['卡洛斯·莫瑞诺', '乌戈·罗德里格兹']",[],['11'],"['马诺洛·卡多纳', '达米安·阿尔卡扎', 'Francis Cruz']",['鲁维罗萨 3 Rubirosa 3'],"['剧情', '历史']",[''],[],[' 西班牙语']
[' 美国'],['Michael Oblowitz'],['110'],[],"['埃里克·罗伯茨', '哈利·戴恩·斯坦通', '卢卡斯·哈斯', '乔纳森·斯沃曼', '多米尼克·隆巴多兹', '泰瑞·摩尔', 'Rico Simonini', 'Emily Elicia Low', '尼尔·桑迪兰兹', 'Eliza Roberts', '罗伯特·米亚诺', '罗伯特·康斯坦佐', '埃德·欧罗斯', 'Jacqui Holland', '安东尼·约翰·邓尼森']",['Frank and Ava'],"['剧情', '传记', '历史']",[''],[],[' 英语']
[' 阿联酋 / 英国'],"['Pankaj Sehgal', 'Karim Traïdia']",['160'],"['01', '04']","['史蒂芬·朗', '卢克·帕斯夸尼洛', '欧姆·普瑞', '维尼·琼斯', 'Bobbie Phillips', 'Mark Mosses', 'Alessa Novelli', 'Alen Thompson', 'Jesus Sans', 'Joseph K. Bevilacqua', 'Colton Tapp']",['日食：黑暗深处 Solar Eclipse: Depth of Darkness'],"['剧情', '历史']",[''],[],[' 英语']
[' 丹麦'],['Kasper Kalle'],['90'],['12'],"['Rosalinde Mynster', 'Gustav Dyekjær Giese', 'Baard Owe', 'Karen-Lise Mynster', 'Peter Plaugborg', 'Rudi Køhnke', 'Brigitte Christensen']",['克里斯蒂安四世 Christian IV'],"['剧情', '历史']",[''],[],[' 丹麦语']
[' 俄罗斯'],['Dunya Smirnova'],[],[],[],['一个任务的故事 История одного назначения'],"['剧情', '历史']",[''],[],[' 俄语']
[' 塞尔维亚'],['彼得·里斯多夫斯基'],['127'],['12'],[],['彼得一世 Kralj Petar I'],"['剧情', '历史', '战争']",[''],[],[' 塞尔维亚语']
[' 美国 / 俄罗斯'],['Jessica Oreck'],['92'],[],[],['死了一百万次的男人 One Man Dies a Million Times'],"['剧情', '历史']",[''],[],[' 俄语']
[' 中国大陆'],['郎玉林'],[],[],[],['西沙风云'],"['剧情', '历史', '战争']",[''],[],[' 汉语普通话']
[' 匈牙利'],['Attila Szász'],['110'],['01'],"['Marina Gera', 'Sándor Csányi', 'Laura Döbrösi']",['永冬 Örök tél'],"['剧情', '爱情', '历史']",[''],[],[' 匈牙利语 Hungarian / 俄语 Russian']
[' 哈萨克斯坦 / 拉脱维亚 / 美国'],['Jeff Vespa'],['90'],['04'],"['本·奥德里基', '菲利普·布罗迪', '艾比·考尼什', 'Erkebulan Daiynov', 'Lelde Dreimane', 'Patrick J. Gorman', 'Telman Guzhevsky', 'Christian Hillborg', 'Candace Kita', 'Rihards Lepers', '桑扎尔·马季耶夫', 'Kaspars Znotins']",['阿姆雷 Paris Song'],"['剧情', '爱情', '歌舞', '传记', '历史']",[''],[],[' 英语']
[' 中国大陆'],['赵博'],['90'],[],"['于珂伊', '田渤']",['天下太平'],"['剧情', '喜剧', '历史']",[''],[],[' 汉语普通话']
[' 中国大陆'],['王明军'],[],[],"['姜斯瀚', '王子伊', '吕艳蓓', '郑中玉']",['猎影'],"['剧情', '历史', '战争']",[''],[],[' 汉语普通话']
[' 美国'],['安德泽·巴特科维卡'],[],[],"['斯科特·阿金斯', ' 英迪娅·埃斯利', '西德尼·帕克']",['圣坛岩石 Altar Rock'],"['剧情', '惊悚', '历史']",[''],[],[' 英语']
[' 美国'],[],[],[],[],['特洛伊：埃涅阿斯的复活 Troy: The Resurrection of Aeneas'],"['动作', '历史']",[''],[],[' 英语']
[' 俄罗斯'],['Viktor Tatarskiy'],[],[],[],['别人的生活 Чужая жизнь'],"['剧情', '历史', '战争']",[''],[],[' 俄语']
[' 菲律宾'],['Gutierrez Mangansakan II'],['85'],[],"['Quennie Lyne Demoral', 'Krigi Hager', 'Ameir Arsad Hassan']",['Masla A Papanok'],"['剧情', '历史']",[''],[],[' 菲律宾语']
[' 哈萨克斯坦'],['阿坎·萨塔耶夫'],[],[],['阿勒米拉'],['托米莉斯女王 Tomyris'],"['剧情', '历史']",[''],[],[' 俄语 / 哈萨克斯坦语']
[' 日本'],['加島幹也'],[],['12'],"['藤野凉子', '沟端淳平', '松井玲奈', '佐藤隆太', '新妻圣子', '石濱朗', '榎木孝明', '田畑智子', '塚本高史']",['轮违屋系里 輪違屋糸里 京女たちの幕末'],"['剧情', '历史', '古装']",[''],[],[' 日语']
[' 菲律宾'],['Gutierrez Mangansakan II'],['85'],[],"['Quennie Lyne Demoral', 'Glorypearl Dy', 'Krigi Hager', 'Ameir Arsad Hassan', 'Adnan Zaid Juanday', 'Mayka B. Lintongan', 'Alaska Ordoña', 'Haidie Sangkad', 'Cloyd Winstanley']",['Masla a Papanok'],"['剧情', '历史', '奇幻']",[''],[],[]
[' 美国'],['布莱恩·普莱斯列'],['87'],[],"['布莱恩·普莱斯列', '特里特·威廉斯', '布拉德·利兰', '亨利·托马斯', '布鲁斯·戴维森', 'Brea Bee', '詹姆斯·拉索', '诺兰·诺斯', 'Jeff Rosick', 'Emily Shenaut', 'Art Chudabala', 'Jacquelin Arroyo', '威尔·华莱士', 'Johnny Dowers', 'Adam Ambruso']",['The Great Race'],"['剧情', '动作', '历史', '冒险']",[''],[],[' 英语']
[' 斯洛伐克'],['Laco Halama'],[],['04'],"['Zdenek Bures', 'Alexander Dubcek', 'Vladimír Hrabal', 'Adrian Jastraban', 'Jakub Jánosík', 'Filip Kois', 'Stano Král', 'Volodymyr Necheperenko', 'Marcel Ochranek', 'Stanislav Pitonák', 'Tanya Radeva', 'Peter Trník', 'Jirí Zapletal']",['杜布切克 Dubcek'],"['传记', '历史']",[''],[],[' 斯洛伐克语']
[' 捷克'],['齐德内克·吉拉斯基'],['76'],['04'],"['卡雷尔·多布雷', 'Tereza Hofová', '奥德·马利', 'Eva Josefíková', 'Stepán Kozub', 'Sára Sandeva', 'Robert Miklus', 'Hynek Chmelar', 'Jirí Marysko', 'Adrian Jastraban']",['上帝与我们 Buh s námi - od defenestrace k Bílé hore'],"['剧情', '历史']",[''],[],[' 捷克语']
[' 西班牙'],['Jaume Najarro'],[],['04'],"['Jack Queralt', 'Yeray Ortega', 'Rafa Delacroix']",['Capa Negra'],['历史'],[''],[],[' Catalan']
[' 斯里兰卡'],['Sunil Ariyaratne'],['148'],['04'],"['Pallavi Subhash', 'Arpit Chaudhary', 'Dineth De Silva', 'Sangeetha Thadani', 'Ajith Weerasinghe', 'Udari Perera', 'Heshan Manula', 'Shammu Kasun Madusanka', 'Kamal Deshapriya', 'Thumindu Dodantenne']",['耶输陀罗 බිම්බා දේවී හෙවත් යශෝධරා'],"['爱情', '传记', '历史', '古装']",[''],[],[' 僧伽罗语']
[' 中国大陆'],['韩玥贞'],[],[],"['李哲晓', '赵姝婷', '康浩博', '李丽耀', '袁沐涵', '方舒琪', '舒雨婷', '葛诗雨']",['千古一后：武则天'],"['儿童', '历史', '古装']",[''],[],[' 汉语普通话']
[' 泰国'],"['M.Mass Team', '普安农 ']",['127'],['05'],"['派特察泰·王卡姆劳', 'kohtee aramboy', 'Tik Klinsee', 'Anusorn Maneeted']",['屁民报国 ตุ๊ดตู่กู้ชาติ'],"['喜剧', '历史', '战争']",[''],[],[' 泰语']
[' 德国'],"['Joachim Schroeder', 'Tobias Streck']",['110'],['09'],"['Karin Hanczewski', '卡罗·柳别克', 'Tommy Sowards', 'Eray Egilmez', '鲍里斯·米利沃耶维奇', 'Sigi Zimmerschied', '尼古拉·拉科切维奇', '大卫·齐梅尔席德', '博扬·迪米特里耶维奇', 'Joachim Steinhoefel']","['Kill Me Today, Tomorrow I&#39;m Sick!']","['剧情', '喜剧', '历史']",[''],[],[' 德语 / 英语 / 塞尔维亚语 / 阿尔巴尼亚语']
[' 多米尼加共和国'],"['卡洛斯·莫瑞诺', '胡安乔·卡多纳', 'Mauricio Lule']",[],['09'],"['马诺洛·卡多纳', '达米安·阿尔卡扎', '安娜·莎若狄拉']",['鲁维罗萨 Rubirosa'],"['剧情', '传记', '历史']",[''],[],[' 英语 / 西班牙语 / 法语']
[' 俄罗斯'],['Victor Chichaykin'],[],"['09(俄罗斯)"">2018']",[],['Азор'],"['剧情', '历史']",[''],[],[' 厄尔兹亚语']
[' 印度'],['罗珊·安德鲁斯'],['152'],['10'],[],['印度罗宾汉 Kayamkulam Kochunni'],"['剧情', '动作', '历史']",[''],[],[' 印度语']
[' 捷克'],['简·塞布什莱布斯基'],[],['11'],"['大卫·什韦赫利克', 'Lucie Zácková', 'Antonie Formanová', 'Sebastian Pöthe', '佩特拉·斯贝尔克瓦', '弗拉迪姆·贾沃斯克', 'Mikulás Zelenka', 'Alois Tichý', 'Helena Dvoráková', '加布蕾拉·马辛科娃', '伊里·德沃拉克', 'Petr Stach', 'Hana Baronová', 'Vilém Udatný', 'Sasa Rasilov', 'Jan Vondrácek ']",['飞行员的歌谣 Balada o pilotovi'],"['剧情', '历史']",[''],[],[' 捷克语']
[' 中国大陆'],['韩凤泉'],['96'],['10'],"['韩凤泉', '黄隽秋', '罗鸣']",['大刺客之夺命戈'],"['动作', '历史']",[''],[],[' 汉语普通话']
[' 法国'],['让-弗朗索瓦·雷切'],['110'],['12'],"['文森特·卡索', '弗雷娅·梅弗', '德尼·梅诺谢', '奥古斯特·迪赫', '詹姆斯·提瑞', '帕特里克·薛内斯']",['巴黎皇帝 L&#39;Empereur de Paris'],['历史'],[''],[],[' 法语']
[' 中国大陆'],"['陈立', '吴铭']",['42'],['11'],"['马率', '黄珍妮']",['汉口往事'],['历史'],[''],[],[' 汉语普通话']
[' 捷克 / 斯洛伐克'],['翁德雷·特罗扬'],['144'],['10'],[],['托曼 Toman'],"['剧情', '传记', '历史']",[''],[],[' 捷克语']
[' 中国大陆'],"['张洪', '任文国']",['90'],['08'],"['田理', '许妙嘉', '王子', '洛麒', '卢勇', '马岩']",['大宋断狱神手之陈情伞'],"['动作', '悬疑', '历史', '武侠', '古装']",[''],[],[' 汉语普通话']
[' 中国大陆'],['李连军'],['95'],['05'],"['卢冠东', '李涛亮', '李玉龙', '丁叮', '邵晓江', '埃米尔', '张小平', '杨香玉']",['鬼手传奇之听风瓶'],"['剧情', '动作', '历史']",[''],[],[' 汉语普通话']
[' 俄罗斯'],['Viktor Alferov'],[],[],['安德烈·梅尔兹利金'],['沙棘之夏 Облепиховое лето'],"['剧情', '历史']",[''],[],[]
[' 美国'],"['Adam VILLASENOR', 'Reza GHASSEMI']",[],[],"['Tyler Wood', 'Yusuke OGASAWARA', '渡边裕之']",['盛开 In Full Bloom'],"['剧情', '历史', '犯罪']",[''],[],[]
[' 中国大陆'],['韩志'],[],['09'],"['王佳宇', '王燕阳', '关思慧', '涂圣成']",['爱国岛'],"['剧情', '历史', '战争']",[''],[],[' 汉语普通话']
[' 土耳其 / 保加利亚'],['马赫穆德·法吉尔·寇斯坎'],['95'],['09'],"['Ali Seçkiner Alici', 'Tarhan Karagöz', 'Murat Kiliç', 'Sencan Güleryüz', 'Erdem Senocak']",['通告 Anons'],"['喜剧', '历史']",[''],[],[' 土耳其语']
[' 中国大陆'],['高力强'],['95'],['11'],"['滕飞', '高海诚', '华栖龙', '王勇']",['侠骨钢拳'],"['剧情', '动作', '爱情', '历史', '战争', '运动']",[''],[],[' 汉语普通话']
[' 乌克兰 / 俄罗斯 / 荷兰 / 德国 / 瑞典'],['Ilya Khrjanovsky'],['180'],['04'],"['Teodor Kurentzis', 'Radmila Schiogoleva']",['列夫·朗道 Дау'],"['剧情', '传记', '历史']",[''],[],[' 俄语']
[' 拉脱维亚 / 英国'],['埃加斯·格罗巴'],[],['01'],"['埃德温·安德烈', '詹姆斯·布鲁尔', 'Dainis Grube', 'Gints Andzans', 'Maya Arwen', '艾斯特·蒂奇', 'Christopher Dane']",['异教徒之王 Nameja gredzens'],"['剧情', '动作', '历史']",[''],[],[' 英语 / 拉脱维亚语']
[' 芬兰'],['Timo Koivusalo'],['119'],['10'],"['劳瑞·提卡宁', 'Jonna Järnefelt', '韦萨·维耶里科', 'Ilkka Villi', '玛拉·毛米瓦拉', 'Jemina Sillanpää', 'Martti Suosalo', 'Saga Sarkola']",['奥拉·维维塔 Olavi Virta'],"['剧情', '传记', '历史']",[''],[],[' 芬兰语']
[' 中国大陆'],[],['5'],['12'],['白宇'],['故宫回声'],"['剧情', '历史', '战争']",[''],[],[' 汉语普通话']
[' 中国大陆'],['栗心博'],[],['07'],"['冼色丽', '徐子力', '宋星翰', '飞尔多斯', '王伟安']",['方世玉之人在江湖'],"['喜剧', '动作', '历史', '犯罪', '武侠', '古装']",[''],[],[' 汉语普通话']
[' 印度'],['J·P·杜塔'],['150'],['09'],"['阿俊·拉姆鲍', '杰奇·史洛夫', '阿明·阿卜杜勒·奎德', '索努·苏德', '索娜尔·楚罕', '伊莎 季普拉', '哈什瓦汉·拉纳', 'Monica Gill', 'Gurmeet Choudhary', 'Rohit Roy', '卢万·辛']",['帕尔坦 Paltan'],"['剧情', '动作', '历史', '战争']",[''],[],[' 印地语']
[' 中国大陆'],['张磊'],['96'],[],"['杨竣羽', '彭静', '刘倬廷']",['玄武门之殇'],"['剧情', '爱情', '历史', '武侠', '古装']",[''],[],[' 汉语普通话']
[' 法国 / 乌克兰 / 立陶宛 / 匈牙利'],['克日什托夫·扎努西'],['118'],['09'],"['Jacek Poniedzialek', '若尔特·拉斯洛', '安杰列·查拉']",['魔鬼怪医 Eter'],"['剧情', '惊悚', '历史']",[''],[],[' 波兰语 / 乌克兰语 / 俄语']
[' 韩国'],['朴基福'],['105'],['05'],"['金花雨', '金富善', '全秀贤', '金彩熙', '李载求', '薛智允', '金秋月', '金利媛', '李瀚伟', '金爱景']",['为您的行进曲 임을 위한 행진곡'],"['剧情', '历史']",[''],[],[' 韩语']
[' 捷克 / 斯洛伐克'],['Jakub Červenka'],['80'],['10'],"['扬·布达尔', '马丁·胡巴']",['TGM谈话 Hovory s TGM'],"['剧情', '传记', '历史']",[''],[],[' 英语 / 捷克语']
[' 奥地利 Austria'],['Christian Frosch'],['110'],['03'],[],['摩尔的审判 Murer: Anatomie eines Prozesses'],"['剧情', '历史']",[''],[],[' 德语']
[' 中国大陆'],['孙爱国'],['92'],['03'],"['杨子骅', '孟晓涵', '杨千里', '张学仁', '杜秀军', '寇振海', '句号']",['河间圣手'],"['剧情', '传记', '历史', '古装']",[''],[],[' 汉语普通话']
[' 英国'],[],[],['11'],"['马克·加蒂斯', '阿德里安·斯卡伯勒']",['疯王：乔治三世 National Theatre Live: The Madness of George III'],['历史'],[''],[],[' 英语']
[' 中国大陆'],['苏剑颖'],['90'],['03'],"['卢易', '张子俊', '黄诗佳', '梅洋']",['海昏侯传奇之藏锋'],"['动作', '爱情', '历史']",[''],[],[' 汉语普通话']
[' 中国大陆'],[],[],['03'],[],['百家讲坛国史通鉴第五部：隋唐五代篇'],"['剧情', '历史']",[''],[],[' 汉语普通话']
[' 意大利'],['Riccardo Salvetti'],['91'],[],[],['卢旺达 Rwanda'],"['剧情', '历史']",[''],[],[' 意大利语']
[' 法国 / 葡萄牙'],['瓦莱丽亚·萨米恩托'],['113'],"['09', '10']","['璐·德·拉格', '斯坦尼斯拉斯·莫哈', '尼尔斯·施内德', '珍娜·蒂亚姆', '丹妮拉·曼希沃', '维多利亚·盖拉', 'Joana Ribeiro', '格雷戈瓦·勒普兰斯-林盖', '卡塔丽娜·瓦朗丝坦', 'Joaquim Leitão', '米格尔·蒙蒂罗']",['黑色笔记本 Le cahier noir'],"['剧情', '爱情', '历史']",[''],[],[' 法语 / 葡萄牙语 / 意大利语']
[' 加拿大'],"['格瓦伊·埃登肖', '海伦·黑格-布朗']",['100'],['09'],"['泰勒·约克', 'Curtis Brown', 'Diane Brown', '威利·罗斯', 'Greg Brown', 'Toddi Lauren Brown', 'Delores Churchill', 'Zachary Collison', 'Russel Davis', 'Sam Derrick-York', 'Sherri Dick']",['刀刃 SGaawaay K&#39;uuna'],"['剧情', '历史']",[''],[],[' 英语 / 海达语']
[' 中国大陆'],"['梅晚舟', '苏海荣', '樊鹏程']",['97'],['09'],"['郭勐', '雷蒙', '马思瑶', '李瑞']",['乱世后宫：红发美人'],"['剧情', '历史', '古装']",[''],[],[' 汉语普通话']
[' 中国大陆'],['张宴尘'],['90'],['04'],"['何为', '黄诗佳', '赵思玫', '王鑫尧', '胡天成', '王海洋', '张元洲', '哈松']",['飞鸿笑传之黑蝙蝠'],"['喜剧', '动作', '爱情', '历史', '冒险', '武侠', '古装']",[''],[],[' 汉语普通话']
[' 意大利 / 西班牙'],['Fabrizio Ferraro'],['111'],[],"['Vicenç Altaió', 'Bruno Duchêne', 'Euplemio Macri', 'Pau Riba', 'Marco Teti', 'Catarina Wallenstein']",['多余的欧洲 Gli Indesiderati d&#39;Europa'],"['剧情', '历史']",[''],[],[' 法语']
[' 中国大陆'],['王明军'],[],['12'],"['潘若瑶', '王卓', '王智', '牛军', '武小虎']",['跤王战寇记'],"['历史', '战争']",[''],[],[' 汉语普通话']
[' 芬兰 / 瑞典'],['Heikki Kujanpä'],['103'],['03'],"['托米·艾荣恩', '韦萨·维耶里科', 'Jussi Nikkilä', 'Martti Suosalo', '亚尼·沃拉宁', 'Leena Pöysti']",['芬兰最有趣的人 Suomen hauskin mies'],"['剧情', '历史', '战争']",[''],[],[' 芬兰语 / 德语']
[' 美国'],['Adam Cushman'],[],['12'],"['莎拉·克拉克', '山德·贝克利', '克里斯汀·古托斯基', '麦肯齐·阿斯丁', '鲍比·坎波', '威廉姆·拉斯']",['艺术大师 The Maestro'],"['剧情', '音乐', '传记', '历史']",[''],[],[' 英语']
[' 印度'],['Ashok G'],['138'],['01'],"['安努舒卡·谢蒂', 'Murli Sharma', 'Jayaram']",['玄虚解语 Bhaagamathie'],"['动作', '恐怖', '历史']",[''],[],[' 印地语']
[' 日本'],['柳川強'],['89'],['06'],"['井浦新', '户田菜穗', '尾美利德', '中岛步', '佐野史郎', '大杉涟', '石桥莲司']",['返还交渉人 －某天会取回冲绳－ 返還交渉人 －いつか、沖縄を取り戻す－'],"['剧情', '传记', '历史']",[''],[],[' 日语']
[' 意大利 / 法国'],['马里奥·马尔托内'],['122'],"['09', '12']","['玛丽安娜·芳塔娜', 'Reinout Scholten van Aschat', '安东尼奥·福莱托', '珍娜·蒂亚姆', 'Maximilian Dirr', 'Lola Klamroth', 'Eduardo Scarpetta', '里纳特·希什马塔林']",['卡普里革命 Capri - Batterie'],"['剧情', '历史']",[''],[],[' 意大利语 / 法语']
[' 中国大陆'],['持田健人'],['23'],['06'],['横井哲也'],['告别昨天的我们 A farewell to the old me'],"['剧情', '历史', '战争']",[''],[],[' 日语']
[' 中国大陆'],['陆琦华'],['85'],['01'],"['冯家妹', '周文韬', '曹琳婕', '王雅迪']",['那朵花的名字叫白兰'],"['剧情', '爱情', '传记', '历史']",[''],[],[' 汉语普通话']
[' 美国'],['Madeleine Olnek'],['84'],['03'],"['莫莉·香侬', '艾米·西米茨', '布伦特·吉尔曼']",['与艾米丽的疯狂夜晚 Wild Nights with Emily'],"['喜剧', '历史']",[''],[],[' 英语']
[' 英国'],['Syd Macartney'],['89'],['12'],"['Jenny Agutter', '琳达·巴塞特', '朱迪·帕瑞福特']",['呼叫助产士：2018圣诞特别篇 Call the Midwife Christmas Special 2018'],"['剧情', '历史']",[''],[],[]
[' 英国'],['Nicholas Winter'],['92'],['11'],"['布耐恩·布莱塞得', '马丁·福特', '克里斯蒂安·奈恩']",['反抗者罗宾汉 Robin Hood The Rebellion'],"['动作', '历史']",[''],[],[' 英语']
[' 挪威 / 西班牙 / 美国'],"['Gudmund Sand', 'Haakon Sand']",['50'],[],[],['My Guernica'],"['剧情', '历史', '战争']",[''],[],[' 挪威语']
