地区,导演,时长,月份,演员,电影名,类型,评分,评论数,语言
[' 中国大陆'],"['潘礼平', '奉万里', '胡昀皓', '陈功']",[],['05'],"['祁晟原', '刘戴恩', '释小松', '陈荣达', '余亚颖', '杨知周', '葛奕德', '刘紫璇', '周冉', '开新傲', '李俊豪', '程子阳', '万子晴', '陈禹衡', '姜巧慧', '罗熙怡', '蔡嘉诚', '魏雨祺', '高一杰', '戴豪键', '汤子豪', '喻峰', '张伊凡', '徐雨旋', '李冰城', '杨梦瑶', '周依萱', '吴爽', '叶思文', '徐佳蕊', '林立涵', '卢亦豪', '黄涵雨', '张允钊', '高锡华', '齐森昊', '欧家杜', '郑树森', '黄敬棋', '姜米珈', '赵紫彤', '林宜婧']",['小戏骨：包青天之秦香莲与陈世美'],"['剧情', '悬疑', '儿童', '历史', '古装']",['8.2'],['607'],[' 汉语普通话']
[' 日本'],['吉川邦夫'],['90'],['01'],"['片冈爱之助', '新纳慎也', '村上新悟', '迫田孝也', '长野里美', '中岛亚梨沙', '中原丈雄', '山西惇', '中川大志', '浅利阳介', '栗原英雄', '草刈正雄', '山本耕史', '小日向文世', '远藤宪一', '加藤谅', '高木涉', '高岛政伸', '大野泰広']",['风云儿们 兰学革命篇 風雲児たち～蘭学革命篇～'],['古装'],['7.9'],['102'],[' 日语']
[' 中国大陆 / 香港'],['张艺谋'],['116'],"['09', '09']","['邓超', '孙俪', '郑恺', '王千源', '王景春', '胡军', '关晓彤', '吴磊', '封柏']",['影'],"['剧情', '动作', '武侠', '古装']",['7.2'],['412006'],[' 汉语普通话']
[' 中国大陆'],['胡玫'],['113'],['06'],"['马伊琍', '富大龙', '马敬涵', '王子文', '姚安濂', '焦晃', '刘宸', '周中和', '杨哲', '王春子', '董飞', '刘立伟', '刘佩琦']",['进京城'],"['剧情', '历史', '古装']",['6.9'],['2289'],[' 汉语普通话 / 英语']
[' 中国大陆'],['张萌'],['78'],['07'],"['明俊臣', '刘语乔', '郭凯', '孔子曰', '王紫垣']",['夺命剑之风云再起'],"['悬疑', '武侠', '古装']",['6.5'],['298'],[' 汉语普通话']
[' 日本'],['西川毅'],['70'],['12'],"['内村光良', '伊藤健太郎', '国村隼', 'シソンヌ', '田中直树', '塚地武雅', '堤真一', '中川大志', '永野芽郁', '古田新太', '室毅', '药师丸博子']",['LIFE！特别节目\u3000忍者！右左卫门 LIFE！スペシャル 忍べ！右左ヱ門'],"['喜剧', '古装']",['6.4'],['200'],[' 日语']
[' 中国大陆 / 香港'],['徐克'],['132'],['07'],"['赵又廷', '冯绍峰', '林更新', '阮经天', '马思纯', '刘嘉玲', '盛鉴', '杨一威', '唐古特·宝日夫', '张傲月', '孙蛟龙', '汪汐潮', '铁男', '李炳雷', '许明虎']",['狄仁杰之四大天王'],"['动作', '悬疑', '奇幻', '武侠', '古装']",['6.1'],['208985'],[' 汉语普通话']
[' 中国大陆'],['张萌'],['68'],['07'],"['明俊臣', '刘语乔', '郭凯', '孔子曰', '王紫垣']",['夺命剑之喋血江湖'],"['悬疑', '武侠', '古装']",['5.9'],['153'],[' 汉语普通话']
[' 韩国'],['金锡允'],['120'],['02'],"['金智媛', '金明民', '吴达洙', '金汎', '李民基']",['朝鲜名侦探：吸血怪魔的秘密 조선명탐정: 흡혈괴마의 비밀'],"['喜剧', '冒险', '古装']",['5.9'],['1303'],[' 韩语']
[' 中国大陆'],['李遥波'],['80'],['08'],"['魏哲鸣', '石雪婧', '刘奇', '李孟羲', '张婧璇']",['阴阳诀之祭情'],"['动作', '爱情', '悬疑', '奇幻', '古装']",['5.8'],['247'],[' 汉语普通话']
[' 中国大陆'],"['项秋良', '项河生']",['90'],['03'],"['陈浩民', '林子聪', '范梦', '赵东昊', '王洪千', '李佳颖', '骆应钧', '李平安']",['齐天大圣·万妖之城'],"['奇幻', '冒险', '古装']",['5.1'],['2342'],[' 汉语普通话']
[' 中国大陆'],['黄河'],['97'],['10'],"['杨恭如', '罗立群', '何文辉', '李若希', '黄一飞']",['狄仁杰之幽冥道'],"['剧情', '动作', '悬疑', '古装']",['5.0'],['1518'],[' 汉语普通话']
[' 中国大陆'],['周若尘'],['82'],['01'],"['段艺璇', '苏杉杉', '罗雪丽', '刘姝贤', '马玉灵', '利晴天']",['大唐嘻游记'],"['喜剧', '古装']",['4.7'],['212'],[' 汉语普通话']
[' 中国大陆'],['张博'],['85'],['06'],"['刘锐', '洪浚嘉', '郭万超', '朱晓鸣', '徐少强', '王婷']",['九门提督'],"['动作', '古装']",['4.7'],['1387'],[' 汉语普通话']
[' 中国大陆'],['张博'],['85'],['06'],"['刘锐', '洪浚嘉', '郭万超', '朱晓鸣', '徐少强', '王婷']",['九门提督'],"['动作', '古装']",['4.7'],['1387'],[' 汉语普通话']
[' 中国大陆'],['武越'],[],['04'],"['刘旭阳', '刘馨棋', '于轩洪灏', '山长凯']",['盛唐妖异志'],"['武侠', '古装']",['4.4'],['180'],[' 汉语普通话']
[' 中国大陆'],['雷尼·哈林'],['105'],['10'],"['王力宏', '宋茜', '高以翔', '高圣远', '吴千语', '张智霖', '柳岩', '李媛', '伍嘉成', '那威', '纪焕博']",['古剑奇谭之流月昭明'],"['动作', '奇幻', '古装']",['4.3'],['7010'],[' 汉语普通话']
[' 中国大陆'],['李遥波'],['61'],['07'],"['叶小开', '何其炜', '潘子剑', '朱丽岚']",['男狐聊斋2兰若寺'],"['爱情', '奇幻', '古装']",['4.3'],['388'],[' 汉语普通话']
[' 中国大陆'],['陶盟喜'],['90'],['08'],"['樊少皇', '车永莉', '释彦能', '施南', '吕良伟', '陈之辉', '史洪波', '巴多', '王海祥', '徐冬梅', '容尔甲', '孙明明', '李炳雷', '答有为', '连凯', '周浩东', '卢惠光', '陈超 ', '梁家仁', '张宝雯', '李炳渊', '李长海', '张家荣', '张衡', '李沛泽', '田雨晴', '陶日金', '蒋列', '胡蓉蓉', '张佳维', '金博涵', '何梓铭']",['天下第一镖局'],"['动作', '古装']",['4.2'],['815'],[' 汉语普通话']
[' 中国大陆'],['张著麟'],['80'],['01'],"['袁布', '夏阳', '文东俊', '郑亚飞']",['白门五甲'],"['动作', '奇幻', '武侠', '古装']",['4.2'],['139'],[' 汉语普通话']
[' 中国大陆'],['罗乐'],['85'],['05'],"['樊少皇', '何蓝逗', '罗鸣', '贾云哲', '汪世伟', '莫合塔尔']",['大圣伏妖'],"['动作', '奇幻', '古装']",['4.1'],['467'],[' 汉语普通话']
[' 中国大陆'],['刘海亮'],['60'],['06'],"['冯旭东', '程金铭', '云翔', '刘昕']",['封魔纪之土行孙传'],"['动作', '奇幻', '冒险', '古装']",['4.1'],['246'],[' 汉语普通话']
[' 中国大陆'],['蓝志伟'],['102'],['10'],"['杜奕衡', '文卓', '花钰杰', '舒杨']",['狄仁杰之蚩尤血藤'],"['动作', '悬疑', '古装']",['4.1'],['703'],[' 汉语普通话']
[' 中国大陆'],"['郭玉龙', '杨帅']",['87'],['11'],"['刘屹宸', '孙振鹏', '石恩心', '汤维文', '周钦霖', '王亚斌', '李泽宇', '潘彦妃']",['狄仁杰之无头神将'],"['剧情', '动作', '古装']",['4.1'],['724'],[' 汉语普通话']
[' 中国大陆'],"['陈怀夫', '许警文']",['79'],['01'],"['王海祥', '桑驯华']",['狄仁杰之轮回图'],"['悬疑', '奇幻', '古装']",['4.1'],['709'],[' 汉语普通话']
[' 中国大陆'],['童辉'],['90'],['07'],"['陈键锋', '徐冬冬', '单明凯', '南楚儿', '张博楠', '陈泽灵', '王泽轩', '刘官琪']",['狄仁杰之夺命天眼'],"['剧情', '古装']",['3.8'],['1138'],[' 汉语普通话']
[' 中国大陆'],['王子'],['86'],['04'],"['晋松', '张姮儿', '李雅男', '辛新', '郑茜', '关美婷']",['疯魔鲁智深'],"['动作', '传记', '武侠', '古装']",['3.6'],['277'],[' 汉语普通话']
[' 中国大陆'],['马中轩'],[],['03'],"['谢苗', '南笙']",['白夜侠'],"['喜剧', '动作', '古装']",['3.5'],['324'],[' 汉语普通话']
[' 中国大陆'],['林子聪'],['88'],['08'],"['陈浩民', '林子聪', '孙八一', '金刚', '张艺骞', '孙明明', '黄路霏', '谢毅宏']",['济公之神龙再现'],"['喜剧', '爱情', '古装']",['3.2'],['824'],[' 汉语普通话']
[' 中国大陆'],['王威'],[],['11'],[],['狄仁杰之西域妖姬'],"['悬疑', '古装']",['3.1'],['323'],[' 汉语普通话']
[' 中国大陆'],['林子聪'],['95'],['02'],"['陈浩民', '林子聪', '钟久夫', '邹文正', '陈国坤', '叶静涵', '金刚', '王晶', '罗家英', '杨能']",['济公之英雄归位'],"['喜剧', '奇幻', '古装']",['3.0'],['985'],[' 汉语普通话']
[' 中国大陆'],['郑凯君'],['88'],['03'],"['邵如一', '何蓝逗', '蒋中伟', '郑恕峰', '张美娥']",['金装少年唐伯虎'],"['喜剧', '古装']",['2.9'],['140'],[' 汉语普通话']
[' 中国大陆'],['刘海亮'],['60'],['04'],"['史元庭', '姜迪', '王廷晖', '李水诺', '许长超', '包刘学']",['封魔纪之杨戬传'],"['动作', '奇幻', '古装']",['2.8'],['234'],[' 汉语普通话']
[' 中国大陆'],['潘礼平'],[],[],[],['小戏骨：哪吒传奇'],"['剧情', '儿童', '奇幻', '古装']",[''],[],[' 汉语普通话']
[' 中国大陆'],"['梅晚舟', '苏海荣', '樊鹏程']",['97'],['09'],"['郭勐', '雷蒙', '马思瑶', '李瑞']",['乱世后宫：红发美人'],"['剧情', '历史', '古装']",[''],[],[' 汉语普通话']
[' 中国大陆'],['饶仿'],['72'],['07'],"['陈亚雷', '郭金', '刘凌伟']",['刀马镇之永贞'],"['武侠', '古装']",[''],[],[' 汉语普通话']
[' 中国大陆'],['刘观伟'],['83'],['09'],"['安紫依', '蒋欣奇']",['龙族的反击'],"['动作', '奇幻', '古装']",[''],[],[' 汉语普通话']
[' 中国大陆'],['徐俊'],['91'],[],"['诺瑶', '方帅', '金宁', '钱昱旭', '郑惜月']",['风流剑客'],"['动作', '爱情', '武侠', '古装']",[''],[],[' 汉语普通话']
[' 中国大陆'],['胡海涛'],[],['08'],"['逯爱岩', '撖荣', '王侃', '朱瑞祥', '鲁文秀', '于慧涛', '姜昊', '刘子兮']",['战红颜'],"['剧情', '武侠', '古装']",[''],[],[' 汉语普通话']
[' 中国大陆'],['田少波'],['86'],['07'],"['程琢', '熊玉婷', '杜玉明', '尹泽强']",['广东十虎黄澄可之逢凶化吉'],"['剧情', '动作', '武侠', '古装']",[''],[],[' 汉语普通话']
[' 中国大陆'],['贺丰'],['92'],['06'],"['杨清', '张天野', '孙浩然']",['狂妃千寻2'],"['动作', '奇幻', '古装']",[''],[],[' 汉语普通话']
[' 中国大陆'],[],[],[],[],['悟空传2'],"['剧情', '动作', '奇幻', '古装']",[''],[],[' 汉语普通话']
[' 日本'],['山下智彦'],['106'],['02'],"['田村正和', '八嶋智人', '津川雅彦', '名取裕子', '椎名桔平', '吉岡里帆']",['眠狂四郎 The Final'],['古装'],[''],[],[' 日语']
[' 中国大陆'],['李福新'],['65'],['11'],"['雪村', '张天文', '鞠小云', '陶野', '罗子惠', '张梓然', '齐视宏', '魏云', '崔瑞慈', '冯诺凡', '周小瑞', '高明伟', '赵志慧', '张晶', '解月玲', '刘忠全', '李洪泉', '阿杰布', '佳乐', '钟紫心', '陈晓峰', '杜鹏远']",['神龙之战'],"['剧情', '奇幻', '古装']",[''],[],[' 汉语普通话']
[' 中国大陆'],['梁文弋'],['120'],['06'],"['方逸伦', '陈稳', '陈冠霖', '王秀竹', '黄诗棋']",['凤皇传'],"['喜剧', '古装']",[''],[],[' 汉语普通话']
[' 中国大陆'],['张迪财'],['86'],['02'],"['王洋', '李可', '关棋语', '朱浩仁', '佟瑞']",['铃魔传'],"['剧情', '爱情', '古装']",[''],[],[' 汉语普通话']
[' 中国大陆'],['桑坤'],[],['10'],"['张喜来', '郑惜月', '丁贺', '胡小宝']",['半部天书'],"['悬疑', '奇幻', '冒险', '古装']",[''],[],[' 汉语普通话']
[' 中国大陆'],['黄庆奇'],['89'],[],"['张雍', '李易霖', '李旭东', '梅玲']",['非常四侠之杀手廿一'],"['剧情', '动作', '武侠', '古装']",[''],[],[' 汉语普通话']
[' 中国大陆'],['吴桐'],['66'],['09'],"['黄一荣', '余俪', '马永康', '陈升卫']",['仙剑伏魔：倩女玄姬'],"['爱情', '武侠', '古装']",[''],[],[' 汉语普通话']
[' 中国大陆'],['张宴尘'],['90'],['04'],"['何为', '黄诗佳', '赵思玫', '王鑫尧', '胡天成', '王海洋', '张元洲', '哈松']",['飞鸿笑传之黑蝙蝠'],"['喜剧', '动作', '爱情', '历史', '冒险', '武侠', '古装']",[''],[],[' 汉语普通话']
[' 中国大陆'],"['陈磊', '罗文辉']",['60'],['03'],"['余中南', '刘思思', '姜涛', '曾红']",['上古仙女秘闻'],"['爱情', '古装']",[''],[],[' 汉语普通话']
[' 中国大陆'],"['刘十六', '彭建伟']",['75'],['08'],"['汪诺乔', '郭乐', '王宇泽']",['报告王爷，王妃是只猫2'],"['喜剧', '动作', '爱情', '奇幻', '古装']",[''],[],[' 方言']
[' 中国大陆'],['吴俊贤'],[],['03'],"['李泽鹏', '黄语森', '金泰伶', '庄瀚']",['跃影江湖之龙门之约'],"['武侠', '古装']",[''],[],[' 汉语普通话']
[' 中国大陆'],['李东'],['72'],['09'],['李尚正'],['天王盖地虎'],"['喜剧', '奇幻', '古装']",[''],[],[' 汉语普通话']
[' 中国大陆'],['阿达色呷'],['65'],['10'],"['张帅', '朱晨']",['凡人修真燕赤霞'],"['动作', '奇幻', '古装']",[''],[],[' 汉语普通话']
[' 中国大陆'],['张宴尘'],['90'],['04'],"['何为', '吴荻', '黄诗佳', '王鑫尧', '黄益龙', '王海洋', '赵思玫', '张元洲', '哈松']",['飞鸿笑传之破茧'],"['喜剧', '古装']",[''],[],[' 汉语普通话']
[' 中国大陆'],['田少波'],['85'],['11'],"['程琢', '孙丹丹', '金宁', '关伟君']",['广东十虎黄澄可之云起龙骧'],"['剧情', '动作', '武侠', '古装']",[''],[],[' 汉语普通话']
[' 中国大陆'],['田少波'],['86'],[],"['程琢', '孙文雪', '杨军', '钟卫华']",['广东十虎黄澄可之荆天棘地'],"['剧情', '动作', '悬疑', '武侠', '古装']",[''],[],[' 汉语普通话']
[' 中国大陆'],['王启蘅'],[],['09'],"['周路', '尚斯琪', '王怡淳', '张建东']",['诸天至尊'],"['奇幻', '古装']",[''],[],[' 汉语普通话']
[' 中国大陆'],['邓健文'],['85'],['08'],"['焦曼婷', '白一翔', '文谦']",['天上人间'],"['爱情', '古装']",[''],[],[' 汉语普通话']
[' 中国大陆'],['郑骏'],[],['09'],"['庄森', '张苡宁', '宋乃刚', '沈莹珺']",['十步一剑'],"['动作', '爱情', '古装']",[''],[],[' 汉语普通话']
[' 中国大陆'],"['鞠觉亮', '王艺']",['92'],['04'],"['杜淳', '甘婷婷', '陈龙']",['天伤星武松'],"['动作', '武侠', '古装']",[''],[],[' 汉语普通话']
[' 中国大陆'],"['潘礼平', '奉万里']",[],[],"['祁晟原', '释小松', '杨知周', '李俊豪', '陈舒宜', '周巧诒', '黄林依阳', '周冉', '马英智']",['小戏骨：包青天之铡庞昱'],"['剧情', '悬疑', '儿童', '武侠', '古装']",[''],[],[' 汉语普通话']
[' 中国大陆'],['刘昕子'],[],['04'],"['崔金迪', '王能', '郭晓峰', '徐子森', '郭致诚']",['皇上命我来选妃'],"['喜剧', '古装']",[''],[],[' 汉语普通话']
[' 中国大陆'],['黄松'],['93'],[],"['杨旸', '薛江涛', '杨梓铎']",['江湖英雄联盟之毒手仁心'],"['剧情', '动作', '爱情', '悬疑', '武侠', '古装']",[''],[],[' 汉语普通话']
[' 中国大陆'],['李承达'],['83'],['01'],"['古亚鹏', '郑伇奇', '邰靖懿', '王硕']",['飘逸法师之冥界女妖'],"['剧情', '喜剧', '爱情', '奇幻', '冒险', '武侠', '古装']",[''],[],[' 汉语普通话']
[' 中国大陆'],['唐振宇'],[],['02'],"['陈曦', '金霏', '崔曙光', '杨光', '杨明光']",['老爷，别闹'],"['喜剧', '古装']",[''],[],[' 汉语普通话']
[' 中国大陆'],['王玉'],['84'],[],"['于方一', '罗彬', '张雍 Yong Zhang']",['凌云山庄传奇之擒凶'],"['剧情', '武侠', '古装']",[''],[],[' 汉语普通话']
[' 日本'],['加島幹也'],[],['12'],"['藤野凉子', '沟端淳平', '松井玲奈', '佐藤隆太', '新妻圣子', '石濱朗', '榎木孝明', '田畑智子', '塚本高史']",['轮违屋系里 輪違屋糸里 京女たちの幕末'],"['剧情', '历史', '古装']",[''],[],[' 日语']
[' 中国大陆'],['陈咏歌'],['95'],[],"['刘凯', '樊伟鹏', '钱琦', '应媛']",['半步崩拳'],"['剧情', '动作', '武侠', '古装']",[''],[],[' 汉语普通话']
[' 中国大陆'],['李俊'],['64'],['08'],"['田原璐', '陈升卫']",['剑侠仙居'],"['动作', '爱情', '古装']",[''],[],[' 汉语普通话']
[' 中国大陆'],"['张恒', '任羿鸣']",[],['07'],"['小狸', '初鹏旭', '付煣煊', '李政阳', '杜宁林', '李晓波']",['绝代倾城'],"['喜剧', '古装']",[''],[],[' 汉语普通话']
[' 斯里兰卡'],['Sunil Ariyaratne'],['148'],['04'],"['Pallavi Subhash', 'Arpit Chaudhary', 'Dineth De Silva', 'Sangeetha Thadani', 'Ajith Weerasinghe', 'Udari Perera', 'Heshan Manula', 'Shammu Kasun Madusanka', 'Kamal Deshapriya', 'Thumindu Dodantenne']",['耶输陀罗 බිම්බා දේවී හෙවත් යශෝධරා'],"['爱情', '传记', '历史', '古装']",[''],[],[' 僧伽罗语']
[' 中国大陆'],['梅志刚'],['87'],"['03(中国大陆)"">2018']",[],['山寨之王'],"['剧情', '喜剧', '悬疑', '武侠', '古装']",[''],[],[' 汉语普通话']
[' 中国大陆'],['王崴'],['84'],[],"['李易霖', '王思捷', '许可', '辛伯颖']",['御林九处之百重杀'],"['剧情', '动作', '悬疑', '武侠', '古装']",[''],[],[' 汉语普通话']
[' 中国大陆'],['王崴'],['87'],[],"['李易霖', '王思捷', '许可', '辛伯颖']",['御林九处之千钧镇'],"['剧情', '动作', '悬疑', '武侠', '古装']",[''],[],[' 汉语普通话']
[' 中国大陆'],['赵箭'],['88'],[],"['施骏喆', '辛诗琪', '李圣雄', '穆萨']",['百家拳之董海川'],"['剧情', '动作', '武侠', '古装']",[''],[],[' 汉语普通话']
[' 中国大陆'],['何明'],['92'],[],"['崔友斌', '瞿璘', '李岩', '钱晨杰']",['草莽春秋（上）'],"['剧情', '动作', '悬疑', '武侠', '古装']",[''],[],[' 汉语普通话']
[' 越南'],['武国越'],[],[],[],['山精水精 Sơn Tinh Thủy Tinh'],"['剧情', '奇幻', '古装']",[''],[],[' 越南语']
[' 中国大陆'],['黄松'],['91'],[],"['杨钧承', '田鑫雨', '龍昇']",['江湖英雄联盟之暴走士兵'],"['剧情', '动作', '武侠', '古装']",[''],[],[' 汉语普通话']
[' 中国大陆'],['战波'],['90'],[],[],['修仙学院'],"['爱情', '科幻', '武侠', '古装']",[''],[],[' 汉语普通话']
[' 中国大陆'],['林留进'],['95'],[],"['王子清', '满建武', '李佳蔚', '楼南光']",['进击女儿国'],"['动作', '奇幻', '古装']",[''],[],[' 汉语普通话']
[' 中国大陆'],['王栓宝'],[],[],"['于永海', '辛利华', '谭渤霖', '王胜凯']",['推官君无咎'],"['悬疑', '古装']",[''],[],[' 汉语普通话']
[' 中国大陆'],['侯国涛'],[],[],"['闫佩伦', '于艺翎', '王欣慧', '蔡明凯', '蒋曼情', '苗大壮', '彭俊杰']",['半妖降魔'],"['奇幻', '冒险', '古装']",[''],[],[' 汉语普通话']
[' 中国大陆'],"['牛军', '李国华']",[],[],"['吕熙', '刘爽']",['洪熙官'],['古装'],[''],[],[' 汉语普通话']
[' 中国大陆'],['秦教授'],[],[],"['彭禺厶', '潘霜霜', '赵芮菡', '宋佳洋']",['丐世英雄'],"['喜剧', '古装']",[''],[],[' 汉语普通话']
[' 中国大陆'],['李权威'],['60'],['08'],"['李权威', '申鑫', '潘由佳']",['武林奇遇录'],"['剧情', '古装']",[''],[],[' 汉语普通话']
[' 中国大陆'],['楚人勤'],[],[],"['付赫安琪', '杨乾龙', '孙海洋', '李沛槿', '周敬峰', '何蕊孜']",['妖梦西游之蝎精女儿国'],"['喜剧', '动作', '悬疑', '奇幻', '冒险', '武侠', '古装']",[''],[],[' 汉语普通话']
[' 中国大陆'],"['郭玉龙', '羊帅']",['90'],[],"['陈浩民', '何其炜', '于心妍', '张德晖']",['开封降魔记'],"['动作', '悬疑', '古装']",[''],[],[]
[' 中国大陆'],['王玉'],[],[],"['于方一', '罗彬', '张雍']",['凌云山庄传奇之夺权'],"['剧情', '武侠', '古装']",[''],[],[' 汉语普通话']
[' 中国大陆'],['郭文基'],['64'],['09'],"['张雅茵', '萧羽墨', '李佳欢']",['一剑一江湖'],"['喜剧', '爱情', '古装']",[''],[],[' 汉语普通话']
[' 中国大陆'],"['刘唐华', '刘弟']",['68'],['02'],"['赖佳新', '韩义婧', '熊恬恬']",['阴阳恋之花样少女'],"['喜剧', '奇幻', '古装']",[''],[],[' 汉语普通话']
[' 中国大陆'],['薛文华'],['90'],[],"['郜思雯', '蔡佩池']",['隐市奇闻录'],"['剧情', '悬疑', '古装']",[''],[],[' 汉语普通话']
[' 中国大陆'],[],[],[],['金尤美'],['御宠娇妃2绝代偃师'],['古装'],[''],[],[' 汉语普通话']
[' 中国大陆'],['北枫'],['73'],['02'],['完颜羽珊'],['武当山之天履奇缘'],"['剧情', '爱情', '古装']",[''],[],[' 汉语普通话']
[' 中国大陆'],['何明'],['91'],[],"['崔友斌', '瞿璘', '李岩', '钱晨杰', '方帅']",['草莽春秋（下）'],"['剧情', '动作', '悬疑', '武侠', '古装']",[''],[],[' 汉语普通话']
[' 中国大陆'],['吴承峰'],['68'],['08'],"['丰艺超', '史元庭', '姚小宝', '邵思涵']",['龙睛劫之晴明'],"['奇幻', '古装']",[''],[],[' 汉语普通话']
[' 中国大陆'],['刘彬杰'],[],[],"['齐冀', '曲少石', '陈诺', '董立范', '王俊杰', '吴骁栩', '刘闯']",['财神当道'],"['喜剧', '奇幻', '古装']",[''],[],[' 汉语普通话']
[' 越南'],['杜德盛'],[],[],"['黄镇成', '雅芳', '陈国英', '陈可如']",['状元阮琼 Trạng Quỳnh'],"['剧情', '喜剧', '古装']",[''],[],[]
[' 中国大陆'],['陆春伟'],[],[],"['梁家仁', '李智雪', '楼学贤', '秦天宇']",['九面怪侠'],"['动作', '武侠', '古装']",[''],[],[' 汉语普通话']
[' 中国大陆'],['杨新磊'],['115'],['12'],['王嬿雯 / 倪婷 / 刘雨 / 解正民 / 齐高礼 /  张博升 / 孙叶彤 / 王延军 / 毛小东 / 李海军 / 罗天社 / 刘晓东 / 郭红娟 / 张永安 / 牛波 / 张华 / 曹光新 / 樊亚莉 / 孙会臣 / 颜争趣 / 刘景花 / 常青 /  厍梦娜 / 杨海鱼 /  苏琦 /  裴万全'],['法门寺之侠女神器'],"['剧情', '动作', '悬疑', '武侠', '古装']",[''],[],[' 汉语普通话']
[' 中国大陆'],['赵西涛'],[],['05'],"['陈一翻', '徐国飞', '王心怡']",['武林外传'],"['喜剧', '儿童', '古装']",[''],[],[' 汉语普通话']
[' 中国大陆'],['宋林果'],['73'],['01'],"['张峰', '刘洋影子', '刘宛露']",['二流太傅'],"['喜剧', '冒险', '古装']",[''],[],[' 汉语普通话']
[' 中国大陆'],['张建春'],['95'],[],"['赵亮', '黄政浩', '陈霜', '秦俊杰']",['连环杀局1风云花戏楼'],"['动作', '悬疑', '古装']",[''],[],[' 汉语普通话']
[' 中国大陆'],['黄松'],['89'],[],"['李圣雄', '张文婷', '爱戴', '彭沐怡']",['江湖英雄联盟之奇门惊情'],"['剧情', '动作', '武侠', '古装']",[''],[],[' 汉语普通话']
[' 中国大陆'],['王玉'],[],[],"['于方一', '罗彬', '张雍']",['凌云山庄传奇之杀机'],"['剧情', '动作', '武侠', '古装']",[''],[],[' 汉语普通话']
[' 中国大陆'],['黄庆奇'],['90'],[],"['张雍', '李易霖', '李旭东', '梅铃']",['非常四侠之初入公门'],"['剧情', '动作', '武侠', '古装']",[''],[],[' 汉语普通话']
[' 中国大陆'],['玄子'],[],['11'],"['雷承昆', '李江', '张楠', '陈慧敏', '尹泽强', '张永康', '段富超', '王志强']",['荒漠游侠'],"['动作', '武侠', '古装']",[''],[],[' 汉语普通话']
[' 中国大陆'],['贺丰'],['92'],['06'],"['杨清', '张天野', '孙浩然']",['狂妃千寻'],"['动作', '奇幻', '古装']",[''],[],[' 汉语普通话']
[' 中国大陆'],['曾山'],['90'],[],"['李昀锐', '崔莉雅']",['龙的厨房'],"['爱情', '奇幻', '古装']",[''],[],[' 汉语普通话']
[' 中国大陆'],['郭小川'],['84'],['11'],"['刘倩文', '郎峰', '楼学贤', '吴幸键', '刘煜']",['大明平妖传'],"['奇幻', '古装']",[''],[],[' 汉语普通话']
[' 中国大陆'],['张文东'],['95'],['09'],"['徐海为', '宋晨', '宋靖雯']",['锦衣喋血'],"['动作', '爱情', '武侠', '古装']",[''],[],[' 汉语普通话']
[' 中国大陆'],['张文东'],['95'],['10'],"['陈雨成', '汤婴皓', '王永强', '周升']",['反叛者'],"['动作', '爱情', '武侠', '古装']",[''],[],[]
[' 中国大陆'],['马中轩'],['98'],['08'],"['邹兆龙', '黎一萱', '万丽娜', '杨钧承', '\u200b\u200b\u200b\u200b薛翔匀', '殷樱', '法志远', '陈奕名', '王璇', '杨曼玉']",['拯救悟空'],"['动作', '爱情', '奇幻', '古装']",[''],[],[' 汉语普通话']
[' 中国大陆'],['刘浩'],['73'],['12'],"['张植绿', '张冰倩', '刘博群', '任逍遥', '张天野', '王侃伟']",['戏命师之飞天神兽'],"['喜剧', '动作', '奇幻', '古装']",[''],[],[' 汉语普通话']
[' 中国大陆'],['杜子曰'],['82'],['01'],"['苑乔', '刘已航']",['少女茯苓1：萌乖夫君养成记'],"['爱情', '古装']",[''],[],[' 汉语普通话']
[' 中国大陆'],['吴鹰翔'],['90'],['10'],"['杨晓东', '潘劭珺', '马涤尘', '李泽钰']",['超能锦衣卫·藏龙秘术'],"['喜剧', '动作', '奇幻', '古装']",[''],[],[' 汉语普通话']
[' 中国大陆'],['杜子曰'],[],['01'],"['苑乔', '刘已航', '杨惊羽']",['少女茯苓2：七生七世桃花劫'],"['爱情', '古装']",[''],[],[' 汉语普通话']
[' 中国大陆'],['王清超'],['97'],['12'],"['郭天阳', '吴荻', '吴业晗', '马玥彤', '毛凡', '李奇缘']",['笑八仙之韩湘子捉妖'],"['喜剧', '爱情', '传记', '奇幻', '古装']",[''],[],[' 汉语普通话']
[' 中国大陆'],['汪嘉骏'],['80'],['02'],"['夏嘉伟', '付小仙', '沈鱼', '任珅', '邓燕歌', '李国麟', '马健勋', '李雨阳']",['官人我要房'],"['喜剧', '古装']",[''],[],[' 汉语普通话']
[' 中国大陆'],['周九钦'],['65'],['06'],"['张任杰', '林鹏飞', '崔婧']",['皇上别碰我'],"['喜剧', '爱情', '古装']",[''],[],[' 汉语普通话']
[' 日本'],['濑濑敬久'],['189'],['07'],"['木龙麻生', '东出昌大', '韩英惠', '宽一郎', '井浦新', '涩川清彦', '山中崇', '大西信满', '嘉门洋子', '大西礼芳', '山田真步', '岛田久作', '菅田俊', '宇野祥平', '岭豪一', '筱原笃', '川濑阳太', '永濑正敏']",['菊与断头台 菊とギロチン -女相撲とアナキスト-'],"['剧情', '古装', '运动']",[''],[],[' 日语']
[' 中国大陆'],['杨翼'],['72'],['02'],"['王鹤鸣', '黄浩', '董立范', '胡悦']",['大明贱客'],"['喜剧', '武侠', '古装']",[''],[],[' 汉语普通话']
[' 中国大陆'],"['孙准', '郭岳华']",[],['05'],"['赵杰', '孙梦纯']",['修罗狱之彼岸花'],"['剧情', '动作', '武侠', '古装']",[''],[],[' 汉语普通话']
[' 中国大陆'],['周礼银'],['87'],['11'],"['王琳迪', '杨景超']",['千年白狐'],"['爱情', '奇幻', '武侠', '古装']",[''],[],[' 汉语普通话']
[' 中国大陆'],['罐头'],[],['08'],"['陈意涵', '刘铠维', '吴昊泽']",['大唐妖物志杀人凤凰'],"['悬疑', '武侠', '古装']",[''],[],[]
[' 中国大陆'],['孙传林'],['87'],[],"['李广斌', '李岩', '佴文', '杨丑蟾', '赵永占']",['锦衣卫之初露锋芒'],"['剧情', '动作', '悬疑', '武侠', '古装']",[''],[],[' 汉语普通话']
[' 中国大陆'],['刘公子'],['83'],['09'],"['舒贵林', '何佳宁']",['菜鸟王爷闹江湖'],"['喜剧', '动作', '爱情', '古装']",[''],[],[' 汉语普通话']
[' 中国大陆'],['徐俊'],[],['05'],"['徐少强', '郑惜月', '沈保平', '钱门超', '孙奉招', '温海波', '孟航', '周懿函', '张春仲']",['刀震江湖'],"['动作', '武侠', '古装']",[''],[],[' 汉语普通话']
[' 中国大陆'],['霍穗强'],['125'],['06'],"['钟政均', '张亚奇', '朱丽岚', '杜康', '赵帅']",['镇魔司·四象伏魔'],"['动作', '武侠', '古装']",[''],[],[' 汉语普通话']
[' 中国大陆'],['项晖'],[],[],"['黄健', '翟璘', '陈佳佳']",['愤怒的拳头'],"['剧情', '动作', '武侠', '古装']",[''],[],[' 汉语普通话']
[' 中国大陆'],['张磊'],['96'],[],"['杨竣羽', '彭静', '刘倬廷']",['玄武门之殇'],"['剧情', '爱情', '历史', '武侠', '古装']",[''],[],[' 汉语普通话']
[' 中国大陆'],['张磊'],['96'],['10'],"['崔友斌', '鲁筱冉', '李岩', '杨晓波']",['乾阳侠曲'],"['剧情', '动作', '武侠', '古装']",[''],[],[' 汉语普通话']
[' 中国大陆'],['彭禺厶'],['85'],['09'],"['彭禺厶', '秦言玮', '张欣源', '曹琦', '陈臣', '魏子强']",['御龙修仙传'],"['奇幻', '古装']",[''],[],[' 汉语普通话']
[' 中国大陆'],['叶晗'],[],['12'],"['廖慧佳', '陈子幸', '梁骞', '云翔']",['我的丫鬟是总监'],"['奇幻', '古装']",[''],[],[' 汉语普通话']
[' 中国大陆'],['张伟国'],['85'],['09'],"['丁汇宇', '鲁筱冉', '史磊', '滕艺', '魏峰']",['山海伏魔之追月'],"['剧情', '动作', '爱情', '奇幻', '冒险', '古装']",[''],[],[' 汉语普通话']
[' 中国大陆'],[],['65'],['10'],[],['狄仁杰之异虫谜案'],"['悬疑', '古装']",[''],[],[' 汉语普通话']
[' 日本'],['いのうえひでのり'],[],['03'],"['天海祐希', '古田新太', '龙星凉', '清水ゆみ', '三宅弘城', '山本 亨', '梶原善', '古田新太 Arata Furuta']",['修罗天魔～骷髅城的七人 Season极 修羅天魔～髑髏城の七人 Season極'],"['歌舞', '奇幻', '古装']",[''],[],[' 日语']
[' 中国大陆'],['李亚东'],['90'],['11'],"['芦鑫', '马千壹', '刘威州', '秦楚明', '何文海', '童虎', '萧婷', '王勇超', '张登云']",['河盗'],"['动作', '冒险', '古装']",[''],[],[' 汉语普通话']
[' 中国大陆'],['方晓罡'],['100'],['10'],"['赵圆瑗', '陈信喆', '黄嘉鑫', '李佳潼']",['天蓬归来'],"['喜剧', '爱情', '奇幻', '古装']",[''],[],[' 汉语普通话']
[' 中国大陆'],['栗心博'],[],['07'],"['冼色丽', '徐子力', '宋星翰', '飞尔多斯', '王伟安']",['方世玉之人在江湖'],"['喜剧', '动作', '历史', '犯罪', '武侠', '古装']",[''],[],[' 汉语普通话']
[' 中国大陆'],['丁伦'],[],['11'],"['李孟羲', '杨欢', '何其炜']",['新七侠五义之屠龙案'],"['悬疑', '武侠', '古装']",[''],[],[' 汉语普通话']
[' 中国大陆'],['黄建业'],[],['08'],"['曾艳芬', '查杰']",['深宫蜜语'],['古装'],[''],[],[' 汉语普通话']
[' 中国大陆'],['朱江'],['87'],['10'],"['陈信喆', '姜萌轩', '周紫馨', '蒋中伟', '傅隽']",['御前法医大仵作2'],"['悬疑', '古装']",[''],[],[' 汉语普通话']
[' 中国大陆'],['富淞皓'],['79'],['05'],"['杨添皓', '梁潇予']",['一生所爱'],"['爱情', '古装']",[''],[],[' 汉语普通话']
[' 中国大陆'],['朱凌锋'],[],[],"['盛英豪', '李健仁', '赵闪闪', '彭愚厶', '黄一山', '徐少强']",['蜀山降魔传2'],"['奇幻', '古装']",[''],[],[' 汉语普通话']
[' 中国大陆'],['毕基'],[],[],"['刘名凯', '王俐丹', '王宥钧', '靳锦', '黄子星']",['东才书院杀人事件'],"['悬疑', '古装']",[''],[],[' 汉语普通话']
[' 中国大陆'],"['谢宜', '孙瑜']",['82'],[],"['张博', '陈琳', '张仲', '樊樊']",['神探袁可立'],"['剧情', '动作', '悬疑', '武侠', '古装']",[''],[],[' 汉语普通话']
[' 中国大陆'],['孙爱国'],['92'],['03'],"['杨子骅', '孟晓涵', '杨千里', '张学仁', '杜秀军', '寇振海', '句号']",['河间圣手'],"['剧情', '传记', '历史', '古装']",[''],[],[' 汉语普通话']
[' 中国大陆'],['玄子'],[],['11'],"['雷承昆', '李江', '张楠', '陈慧敏', '尹泽强', '张永康', '段富超', '王志强']",['荒漠游侠'],"['动作', '武侠', '古装']",[''],[],[' 汉语普通话']
[' 中国大陆'],['黄竑寯'],['68'],['06'],"['滕艺', '郭宇鹏', '月池']",['悬案委托行'],"['剧情', '动作', '古装']",[''],[],[' 汉语普通话']
[' 中国大陆'],['焦洋'],[],['12'],"['谭坤伦', '赵芮菡']",['深宫碟影'],"['喜剧', '奇幻', '古装']",[''],[],[' 汉语普通话']
[' 中国大陆'],['刘浩'],['91'],['09'],"['严丰 Feng Yan', '叶梓棠', '胡蒲', '谭阳', '刘博群']",['护龙高手卫小保'],"['喜剧', '古装']",[''],[],[' 汉语普通话']
[' 中国大陆'],['源水'],['81'],['01'],"['李健仁', '杨能', '袁满', '吉星']",['总有刁民想害朕2：厉害了我的哥'],['古装'],[''],[],[' 汉语普通话']
[' 中国大陆'],['庄宇斌'],['75'],['09'],"['于心研', '闻典']",['倾城宠妃'],"['爱情', '奇幻', '古装']",[''],[],[' 汉语普通话']
[' 中国大陆'],['隗功杨'],['66'],['09'],"['夏灵溪', '许之糯', '安晨芯', '绛炅熠', '罗妍洋', '胡喧']",['新白蛇传之九尾狐'],"['剧情', '爱情', '古装']",[''],[],[' 汉语普通话']
[' 中国大陆'],['孙爱国'],['93'],['01'],"['皇羽轩', '吴晶', '姜梦琪']",['一代妖狐'],"['剧情', '古装']",[''],[],[' 汉语普通话']
[' 中国大陆'],['司淑斌'],['89'],"['01(中国大陆)"">2018']","['商蓉', '郭秋成', '刘泊潇', '张倍瑜', '肜耀忠']",['侠义神捕之诡影'],"['武侠', '古装']",[''],[],[' 汉语普通话']
[' 中国大陆'],['张耘海'],['71'],['07'],"['王路晴', '何若鹤', '赵霏儿']",['龙女降妖记'],"['动作', '爱情', '奇幻', '古装']",[''],[],[' 汉语普通话']
[' 中国大陆'],['何明'],[],[],"['何李宁', '袁中方']",['纵横江湖'],"['剧情', '动作', '冒险', '武侠', '古装']",[''],[],[' 汉语普通话']
[' 中国大陆'],['司淑斌'],['85'],"['02(中国大陆)"">2018']","['商蓉', '齐景斌', '张仁博', '邱云鹤', '张倍瑜']",['侠义神捕之边城迷案'],"['剧情', '武侠', '古装']",[''],[],[' 汉语普通话']
[' 中国大陆'],['吴俊贤'],[],['03'],"['李泽鹏', '马熙米', '金泰伶', '黄语森', '庄翰']",['跃影江湖之森罗万象'],"['武侠', '古装']",[''],[],[' 汉语普通话']
[' 中国大陆'],['司淑斌'],['88'],"['02(中国大陆)"">2018']","['商蓉', '李振起', '韩帅', '张倍瑜']",['侠义神捕之对弈'],"['剧情', '武侠', '古装']",[''],[],[' 汉语普通话']
[' 中国大陆'],['徐超'],['92'],['09'],"['李广斌', '刘婧', '王钧毅', '孙宝']",['偷心者'],"['悬疑', '古装']",[''],[],[' 汉语普通话']
[' 中国大陆'],"['张洪', '任文国']",['90'],['08'],"['田理', '许妙嘉', '王子', '洛麒', '卢勇', '马岩']",['大宋断狱神手之陈情伞'],"['动作', '悬疑', '历史', '武侠', '古装']",[''],[],[' 汉语普通话']
[' 中国大陆'],['西岛'],['80'],['09'],"['刘道玄', '赵杰', '张璐瑶', '时晓飞', '李宜坤', '孙茂峰']",['斗墓占花魁'],"['动作', '爱情', '奇幻', '古装']",[''],[],[' 汉语普通话']
[' 中国大陆'],['杨崇宇'],['90'],['12'],"['路宏', '陈嘉敏', '孙尔辰', '王彦文', '王艾文']",['新白蛇传之龙吉公主'],"['动作', '爱情', '奇幻', '古装']",[''],[],[' 汉语普通话']
[' 中国大陆'],['薛文华'],[],['07'],"['易柏辰', '虞祎杰', '张子璇', '阚犇犇', '褚前', '李瑞超', '陈昊明', '周耀', '卢庆辉']",['封神战纪'],"['奇幻', '古装']",[''],[],[' 汉语普通话']
[' 中国大陆'],['李军'],['86'],['05'],"['敖犬', '蔡诗芸', '阮颂扬', '夏文汐', '陈嘉桓', '余小孽', '欧阳超', '唐昕', '关思慧', '宋庭隽', '张朋', '郑明洋', '王龙雨', '张博楠', '刘瑜峰', '贾小龙', '何武阳']",['神谕通天'],"['喜剧', '悬疑', '古装']",[''],[],[' 汉语普通话']
[' 中国大陆'],['沈金飞'],['83'],['07'],"['马倩倩', '张竞达', '王昭', '朱利安']",['妖狐传'],"['悬疑', '惊悚', '古装']",[''],[],[' 汉语普通话']
[' 中国大陆'],['张天磊'],['83'],['03'],"['孔垂楠', '陈梦希', '蒋梓乐', '杨景诚', '卢卓', '林枫松', '陈鹏', '王维贤', '黄礼格', '苏茂']",['一代倾城逐浪花'],"['剧情', '动作', '爱情', '奇幻', '古装']",[''],[],[' 汉语普通话']
[' 中国大陆'],['高博'],['92'],['12'],"['张晓飞', '孟浩强', '方星野', '周铁']",['红尘客栈'],"['动作', '武侠', '古装']",[''],[],[' 汉语普通话']
[' 中国大陆'],[],['65'],['05'],[],['封魔纪之赤雷传'],"['动作', '奇幻', '古装']",[''],[],[' 汉语普通话']
[' 中国大陆'],['管晓杰'],['90'],['12'],"['金尤美', '文卓', '婉儿', '黎真安', '郑金宇', '杨韵然', '赵静沛', '姜迪', '金宁', '徐小琴']",['绝代偃师之玉女掌门'],"['武侠', '古装']",[''],[],[' 汉语普通话']
[' 中国大陆'],['马应寿'],[],['09'],"['吴赫伦', '周睿君', '王耿豪', '杨森', '奇凌', '王玮']",['桃花劫'],"['喜剧', '武侠', '古装']",[''],[],[' 汉语普通话']
[' 中国大陆'],['严高山'],['84'],['11'],"['吴雯璇', '阿里木江·阿迪力', '文东俊', '马冬']",['黄金刀客'],"['剧情', '动作', '武侠', '古装']",[''],[],[' 汉语普通话']
[' 中国大陆'],['刘公子'],['115'],['04'],"['严丰', '罗家英', '张冰倩', '胡蒲', '屠夏岩', '张琛']",['我不是黄飞鸿'],"['喜剧', '动作', '古装']",[''],[],[' 汉语普通话']
[' 中国大陆'],['代艺霖、秋骁城'],['110'],['05'],"['张玉轩', '戴安娜', '张祥玥', '杨晓璇', '曹禹澄', '井溪']",['红尘囧探刘小唐'],"['喜剧', '古装']",[''],[],[' 汉语普通话']
[' 中国大陆'],['马毅'],[],['12'],"['吕熙', '孙子钧', '许慧强', '杜玉明', '黄一山']",['封神降魔2桃山气海'],['古装'],[''],[],[' 汉语普通话 / 粤语']
[' 中国大陆'],['孙传林'],['96'],['08'],"['许京川', '佴文', '崔友斌', '李岩', '洪爽']",['铁扇令'],"['动作', '古装']",[''],[],[' 汉语普通话']
[' 中国大陆'],['金晓敏'],['83'],['09'],"['张达明', '刘博洋', '何之舟']",['状王宋世杰之时空探案'],"['奇幻', '古装']",[''],[],[' 汉语普通话']
[' 中国大陆'],['韩玥贞'],[],[],"['李哲晓', '赵姝婷', '康浩博', '李丽耀', '袁沐涵', '方舒琪', '舒雨婷', '葛诗雨']",['千古一后：武则天'],"['儿童', '历史', '古装']",[''],[],[' 汉语普通话']
