地区,导演,时长,月份,演员,电影名,类型,评分,评论数,语言
[' 美国'],['拉娜·沃卓斯基'],['151'],['06'],"['裴斗娜', '杰米·克莱顿', '蒂娜·德赛', '塔彭丝·米德尔顿', '马克思·雷迈特', '米格尔·安赫尔·西尔维斯特', '布莱恩·J·史密斯', '托比·奥伍梅尔', '弗莉玛·阿吉曼', '普拉布 科里', '阿方索·埃雷拉', '泰伦斯·曼', '达丽尔·汉纳', '纳威恩·安德利维斯', '奈斯鲍提斯塔', '斯蒂芬·鲍克思', '阿米拉·加扎拉', '约书亚·格罗斯', '埃伦迪拉·伊瓦拉', '雅丽·乔维尔', '西尔维斯特·迈可伊', 'Annie Munch', '埃文特·斯特朗', '马克斯·毛夫']",['超感猎杀：完结特别篇 Sense8 Finale Special'],"['剧情', '科幻', '同性']",['9.2'],['30882'],[' 英语']
[' 台湾'],"['徐誉庭', '许智彦']",['100'],"['04', '11']","['邱泽', '谢盈萱', '陈如山', '黄圣球', '周洺甫', '梁正群', '杨丽音', '安哲', '高隽雅', '吴定谦', '禾语辰', '钟欣凌', '万芳', '高爱伦']",['谁先爱上他的 誰先愛上他的'],"['剧情', '喜剧', '同性']",['8.6'],['168121'],[' 汉语普通话']
[' 美国'],['格里格·伯兰蒂'],['110'],['03'],"['尼克·罗宾森', '詹妮弗·加纳', '乔什·杜哈明', '小豪尔赫·兰登伯格', '凯瑟琳·兰福德', '亚历山德拉·希普', '洛根·米勒', '凯南·朗斯代尔', '特丽莎·贝特曼', '托尼·海尔', '娜塔莎·罗斯韦尔', '迈尔斯·赫尔泽', '乔伊·保罗瑞', '克拉克·穆尔', '德鲁·斯塔基', '麦肯兹·林茨', '卡萨迪·麦克林西', '艾莉克斯·斯甘巴蒂', '贾米拉·汤普森', '艾米丽·乔丹', '帕特里克·多诺霍', '特雷勒·希尔', '泰勒·切斯', '哈龙·汗', '约书亚·米克尔', '尼古拉斯·斯塔格尔', '南茜·德·梅奥', '克里斯蒂安·奥乔·梅菲尔德', '钱特尔·D·克里斯托弗', '曼迪·法森', '菲利普·科文', '罗比·罗杰斯']","['爱你，西蒙 Love, Simon']","['爱情', '同性']",['8.3'],['132267'],[' 英语']
[' 英国'],['西蒙·阿姆斯特尔'],[],['10'],"['科林·摩根', '安娜·钱斯勒', '菲尼克斯·布罗萨德', '乔尔·弗莱', '杰克·罗文', '内森·斯图尔特-贾瑞特', '艾丽·肯德里克', '杰西·卡芙', 'Michèle Belgrand', 'James Lailey', 'Joanne Howarth', 'Alex Lowe']",['本杰明 Benjamin'],['同性'],['8.3'],['99'],[' 英语']
[' 比利时 / 荷兰'],['卢卡斯·德霍特'],['105'],"['05', '11']","['维克托·波尔斯特', '阿里耶·沃索尔特', '奥利弗·博达特', '蒂伊门·戈瓦尔茨', '卡特简·达门', '瓦伦提金·达恩斯', '克里斯·泰斯', '安吉洛·提森', '艾莉西亚·德佩克']",['女孩 Girl'],"['剧情', '同性']",['8.2'],['14636'],[' 法语 / 弗拉芒语 / 英语']
[' 美国'],['陈俊彦'],['85'],['03'],"['科里·迈克尔·史密斯', '维吉妮娅·马德森', '迈克尔·切克利斯', '艾丹·朗福德', '杰米·钟', '比尔·赫克', '瑞恩·皮尔斯·威廉姆斯', '蒂娜·帕克', '亚历克斯·妮科尔·麦康诺', '戴维·奥佩贝米', '布赖恩·马西']",['1985'],"['剧情', '同性']",['7.9'],['1130'],[' 英语']
[' 法国'],['克里斯托夫·奥诺雷'],['132'],['05'],"['文森特·拉科斯特', '皮埃尔·德隆尚', '德尼·波达利德斯', '阿黛尔·维斯梅思', '托马斯·冈萨雷斯', '克莱蒙·梅特耶', '昆廷·蒂博', '特里斯坦·法尔热', '索菲·勒图讷尔', '马莱娜·索尔达纳', '卢卡·马林诺夫斯基', '埃里克·维涅尔', '罗曼·施耐纳']","['喜欢，轻吻，快跑 Plaire, aimer et courir vite']","['剧情', '爱情', '同性']",['7.8'],['14397'],[' 法语']
[' 美国'],['梅勒妮·梅隆'],['95'],"['03', '08']","['派珀·劳瑞', '布瑞特·迪尔', '布鲁克·亚当斯', '艾米丽·芭尔多尼', '艾米丽·高斯', '香农·克里斯', '马克斯·阿德勒', '凯茜·德博诺', '沙纳·萨林']",['独家记忆 Snapshots'],"['剧情', '同性']",['7.8'],['1352'],[' 英语']
[' 秘鲁 / 德国 / 挪威'],['Alvaro Delgado Aparicio'],['101'],"['02', '05', '08']","['Magaly Solier', 'Amiel Cayo', 'Junior Bejar']",['彩塑男孩 Retablo'],"['剧情', '同性']",['7.7'],['180'],[' 克丘亚语 / 西班牙语']
[' 美国'],['杰里米·撒加'],['94'],"['01', '08']","['希拉·凡德', '劳尔·卡斯提洛', '伊万·罗萨多', '乔塞亚·盖贝尔', '以赛亚·克里斯蒂安', '特里·霍兰德']",['我们，动物 We the Animals'],"['剧情', '同性']",['7.6'],['2161'],[' 英语']
[' 法国'],['维克多·哈布希'],['115'],['11'],"['西蒙·罗伊尔', '马林·拉菲特', '奥里安·巴巴扎', '艾瑞斯·加斯特勒', '安布尔·兰博德', '西蒙·艾斯科菲', '托马斯·朱迪斯']",['哥哥 Un frère'],"['剧情', '同性']",['7.5'],['735'],[' 法语']
[' 英国'],['安娜贝尔·杨科尔'],['106'],['09'],"['安娜·帕奎因', '格雷戈尔·塞尔科克', '尤安·梅森', '荷丽黛·格兰杰', '劳伦·莱尔', '凯特·迪基']",['告诉蜜蜂 Tell It to the Bees'],"['剧情', '同性']",['7.5'],['2026'],[' 英语']
[' 荷兰'],['艾伦·斯密特'],['80'],['03'],"['马吉德·马多', '乔舒亚·斯特拉多斯基', '珍妮·阿里安', '塔尼娅·杰丝', '娜西米耶·欧拉尔', '梅乐蒂·克蕾沃', '索妮娅·艾肯', '穆罕默德·阿拉哈德', '安尼·普拉克', '埃琳娜·祖德梅尔', '罗斯科·莱金', '弗瑞特斯·拉姆布雷希茨', '米兰达·炅灵', '舒尔德·德拉格斯玛', '贝琳达·范·德·斯杜普', '贾斯汀·莫伊耶', '马尔科姆·雨果·格伦']",['好朋友 Gewoon Vrienden'],"['剧情', '爱情', '同性']",['7.5'],['4350'],[' 荷兰语']
[' 美国'],['乔尔·埃哲顿'],['115'],"['09', '11']","['卢卡斯·赫奇斯', '妮可·基德曼', '罗素·克劳', '玛德琳·克莱因', '维克托·麦凯', '大卫·约瑟夫·克雷格', '特洛耶·希文', '艾米丽·辛克尔', '德文·迈克尔', '马特·伯克', '林赛·莫泽', '杰西·拉图雷特', '布里顿·瑟尔', '大卫·迪特莫尔', '威廉·吴', '乔尔·埃哲顿', '泽维尔·多兰', '蒂姆·韦尔', '弗利', '兰德尔·P·海文斯', '乔·阿尔文']",['被抹去的男孩 Boy Erased'],"['剧情', '同性', '传记']",['7.4'],['12978'],[' 英语']
[' 阿根廷 / 西班牙'],['路易斯·奥特加'],['118'],"['05', '08']","['洛伦佐·法罗', '奇诺·达林', '丹尼尔·凡尼戈', '梅赛黛斯·莫朗', '玛莱娜·维拉', '塞西莉亚·罗特', '索菲亚·伊内斯·托尔内', '皮特·蓝萨尼', '马塞洛·坎切米', '路易斯·尼科', '威廉·普罗赛克']",['死亡天使 El ángel'],"['剧情', '同性', '传记', '犯罪']",['7.4'],['4718'],[' 西班牙语']
[' 爱尔兰 / 英国 / 美国'],['欧格斯·兰斯莫斯'],['119'],"['08', '11']","['奥利维娅·科尔曼', '艾玛·斯通', '蕾切尔·薇兹', '尼古拉斯·霍尔特', '乔·阿尔文', '马克·加蒂斯', '蒂莫西·英纳斯', '珍妮·莱恩斯福德', '詹姆斯·史密斯', '詹姆斯·梅尔维尔', '杰克·维尔']",['宠儿 The Favourite'],"['剧情', '喜剧', '同性', '传记']",['7.4'],['51676'],[' 英语']
[' 法国'],['克里斯托夫·查理尔'],['82'],['09'],"['费利克斯·马利陶德', '尼古拉斯·鲍文斯', '汤米·李·巴克', '奥雷·阿蒂卡', '玛丽·德纳尔诺', '伊连·贝加拉', '戴维·鲍伊特']",['乔纳斯 Jonas'],"['剧情', '爱情', '同性']",['7.3'],['2435'],[' 法语']
[' 瑞士'],['马塞尔·吉斯莱'],['124'],['02'],"['麦克斯·胡巴赫', '艾伦·阿尔塔拉斯', '杰西·莫拉维克', '朱格·普拉斯', '多诺·穆格勒', '安德烈亚斯·马蒂', '希尔温·阿米尼', '法比齐奥·波萨尼', '朱利安·科奇林', '加布里埃尔·诺阿·马瑞尔', '施塔隆·安德森', '乔利斯·格拉沃尔']",['我的冠军男友 Mario'],"['剧情', '爱情', '同性', '运动']",['7.3'],['6654'],[' 瑞士德语 / 德语']
[' 加拿大'],['基思·贝尔曼'],['93'],['09'],"['玛丽亚·贝罗', '凯尔·麦克拉克伦', '泰勒·辛克森', '彼德·奥德博拉治', '达伦·曼恩', '乔什·维金斯', '妮娅姆·威尔逊', '基亚娜·马德拉', '奥利维亚·斯克里文', '卡尔森·迈克马克', '李康宁', '杰夫·克拉克', '海莉·基特尔', '史蒂芬·穆尔', '埃文·马什', '特洛伊·布德罗']",['小小巨人 Giant Little Ones'],"['剧情', '同性']",['7.3'],['1264'],[' 英语']
[' 英国 / 比利时 / 意大利 / 德国'],['鲁伯特·艾弗雷特'],['105'],"['01', '06']","['鲁伯特·艾弗雷特', '科林·费尔斯', '艾米丽·沃森', '科林·摩根', '埃德温·托马斯', '汤姆·威尔金森', '安娜·钱斯勒', '朱利安·沃德姆', '碧翠斯·黛尔', '安德烈·彭文', '约书亚·麦圭尔', '克里斯蒂安·布朗查特', '奥利弗·凯特', '罗纳德·皮卡普', '约翰·斯坦丁', '本杰明·沃辛', '丹尼尔·韦曼']",['快乐王子 The Happy Prince'],"['剧情', '同性', '传记']",['7.2'],['3983'],[' 英语 / 意大利语 / 法语']
[' 澳大利亚'],['杰弗里·沃克'],['105'],['02'],"['达蒙·海瑞曼', '凯特·波克斯', '泽维尔·塞缪尔', '杰西卡·德·古维', '乔什·邝·塔特', '本尼迪克·哈迪', '汉娜·曼根·劳伦斯', '肖恩·马丁代尔']",['暴动彩虹 Riot'],"['剧情', '同性']",['7.2'],['278'],[' 英语']
[' 巴拉圭 / 德国 / 乌拉圭 / 巴西 / 挪威 / 法国'],['马塞洛·马蒂内斯'],['98'],"['02', '04']","['安娜·布伦', '玛加丽塔·伊伦', '安娜·伊万娜娃', '尼尔达·冈萨雷斯', '玛丽亚·马丁斯', '阿丽西亚·格拉', '海吉娜·杜阿尔奇']",['女继承者 Las herederas'],"['剧情', '同性']",['7.2'],['1799'],[' 西班牙语 / 瓜拉尼语']
[' 波兰'],['欧嘉·查达斯'],['130'],['01'],"['朱莉娅·基乔斯卡', '伊莱扎·莱辛姆波', '安德烈·卡诺普卡', '卡塔兹娜·格尼夫克斯加', '玛丽亚·佩斯泽克', '塔蒂阿娜·保霍福娃']",['妮娜 Nina'],"['剧情', '爱情', '同性']",['7.1'],['2342'],[' 波兰语 / 法语']
[' 阿根廷'],['马丁·迪乌斯'],['90'],['11'],"['安杰洛·穆蒂·斯皮內塔', '劳塔罗‧罗德里格斯', '吉列尔莫·普宁', '玛丽安娜·安希列里', '本尼西奥·穆蒂·斯皮内塔', '罗曼娜·亚历山德拉·古利奇', '雷娜塔·利兹']",['最好的朋友 Mi mejor amigo'],"['剧情', '同性']",['7.1'],['2000'],[' 西班牙语']
[' 爱尔兰'],['约翰·巴特勒 John Butler'],['98'],['09'],"['马特·波莫', 'Alejandro Patiño', 'Elena Campbell-Martinez', 'Shaughn Buchholz']",['糖心爹地 Papi Chulo'],"['喜剧', '同性']",['7.1'],['210'],[' 英语']
[' 巴西'],"['菲利普·马泽蒙巴彻尔', '马西奥·海奥隆']",['118'],['02'],"['希科·梅尼加特', '布鲁诺·费尔南德斯', '盖加·佩克索托', '桑德拉·达妮', '弗雷德里科·瓦斯奎斯']",['涂样人生 Tinta Bruta'],"['剧情', '同性']",['7.1'],['1035'],[' 葡萄牙语']
[' 南非 / 法国 / 希腊 / 波兰'],['艾蒂安·卡洛斯'],['106'],['05'],"['Danny Keogh', 'Benré Labuschagne', '亚历克斯·范·迪克', 'Juliana Venter', '布伦特·韦尔默朗', '莫尔纳·维瑟', '埃里卡·韦塞尔斯']",['收割者 Die Stropers'],"['剧情', '同性']",['7.0'],['63'],[' 南非语 / 英语']
[' 越南'],['黎光'],['102'],['08'],"['范刘俊才', '阮清秀']",['双郎 Song Lang'],"['剧情', '同性', '戏曲']",['6.9'],['71'],[' 越南语']
[' 法国'],['卡米尔·维达-那克'],['99'],"['05', '08']","['费利克斯·马利陶德', '埃里克·伯纳德', '尼古拉斯·迪布拉', '菲利普·奥雷尔']",['野性 Sauvage'],"['剧情', '情色', '同性']",['6.9'],['3195'],[' 法语']
[' 危地马拉 / 美国'],['程力'],['85'],['08'],"['Enrique Salanic', 'Manolo Herrera', 'Ana Cecilia Mota', 'Jhakelyn Waleska Gonzalez Gonzalez', 'Esteban Lopez Ramirez', 'Cesar Lorenzo Yojcom Candido', 'Juan Andres Molina Cardona', 'Alba Irene Lemus', 'Carlos Humberto Fuentes Maldonado', 'Jennifer Cecilia Amoia Mota']",['何塞 Jose'],"['剧情', '同性']",['6.8'],['66'],[' 西班牙语']
[' 香港'],['李骏硕'],['119'],"['10', '11']","['姜皓文', '惠英红', '黄河', '袁富华', '余香凝', '吴肇轩', '周祉君', '陈蕾', '葛民辉', '岑珈其', '梁舜燕', '顾定轩', '黄溢濠', '李昭南', '陈志全']",['翠丝 翠絲'],"['剧情', '同性']",['6.8'],['8283'],[' 粤语']
[' 法国 / 墨西哥 / 瑞士'],['扬·冈扎乐兹'],['102'],"['05', '06']","['凡妮莎·帕拉迪丝', '凯特·莫兰', '尼古拉斯·莫瑞', '乔纳森·日奈', '哈立德·俄卢阿什', '费利克斯·马利陶德', '贝特朗·芒蒂格', '彼埃尔·皮罗尔', '罗曼娜·波琳热', '埃琳娜·勒文松', '亚纳·柯勒特', '雅各·诺勒', '弗洛伦斯·焦尔杰蒂', '娜塔莉·理查德']",['刺心 Un couteau dans le cœur'],"['剧情', '惊悚', '同性', '犯罪']",['6.7'],['3873'],[' 法语 / 西班牙语']
[' 美国'],['克雷格·约翰逊'],['99'],"['04', '06']","['丹尼尔·多尼', '马德琳·温斯坦', '安东尼奥·马尔齐亚莱', '丹尼尔·祖尔格哈德利', '尼克·多达尼', 'Annie Q.', '凯瑟琳·厄布', '乔安娜·阿德勒', '威廉·罗格斯戴尔', '弗莱德·海辛格', '伊莎贝拉·阿玛拉', 'Sophie Faulkenberry', 'Dante Costabile', 'Adam Cantor', 'David Fierro', 'Jesse James Keitel', 'Khail Bryant', 'Aidan Pierce Brennan', 'Edward Sass III', 'Anthony Pierini', '谢内尔·埃德蒙兹', '艾登·梅耶里', 'Olivia Rose Eierman', 'Danielle Ferrier', 'Kaydence Frank', 'Bj Gruber', 'Morgan Page']",['见爱不怪 Alex Strangelove'],"['喜剧', '同性']",['6.6'],['1407'],[' 英语']
[' 美国'],['戴思睿·阿卡万'],['91'],"['01', '08']","['科洛·莫瑞兹', '萨莎·莱恩', '詹妮弗·艾莉', '小约翰·加拉赫', '福勒斯特·古德勒克', '奎恩·谢法德', '斯宾塞·李斯特', '艾米莉· 斯凯格斯', '艾萨克·吉·索尔斯坦']",['错误教育 The Miseducation of Cameron Post'],"['剧情', '同性']",['6.6'],['4693'],[' 英语']
[' 德国'],['丹尼尔·曼斯'],['102'],['03'],"['琳恩· 萨拉· 里瑟', '伊莎贝尔·提尔昊', '\xa0韩·塞尔', '托马斯·沃尔夫', '埃里克·弗兰岑', '丹尼尔·施泰纳']",['夏末秋至 Zwischen Sommer und Herbst'],"['爱情', '同性']",['6.5'],['455'],[' 德语']
[' 美国'],['Keith Hartman'],['76'],['08'],"['Ryann Robbins', 'Emory Duncan', 'Nerissa Tedesco']",['送子成婚2 You Should Meet My Son 2!'],"['喜剧', '同性']",['6.4'],['108'],[' 英语']
[' 美国'],['安德鲁·弗莱明'],['91'],"['02', '06']","['保罗·路德', '凯特·沃什', '艾丽森·皮尔', '杰克·麦克道曼', '史蒂夫·库根', '洛拉·玛汀内斯-康宁安', '萨拉·明妮奇', '杰克·戈尔', '杰西·卢肯', '弗兰西斯·李·麦克凯恩', '斯塔福德·道格拉斯', '卡桑德拉·罗谢尔·费特兹', '玛丽·瓦根曼', '德鲁·德勒格', '埃文·比当古', '理查德·比尔', 'J·内森·西蒙斯', 'Mike Miller']",['理想之家 Ideal Home'],"['喜剧', '同性']",['6.4'],['932'],[' 英语']
[' 英国'],['史蒂夫·麦克莱恩'],['87'],"['03', '08']","['哈里斯·迪金森', '莱昂纳多·萨莱尼', '乔纳·豪尔-金', '基拉·贝尔', '伯纳多·桑托斯', '本·库拉', '拉裴尔·德普雷']",['伦敦小卡片 Postcards from London'],"['剧情', '同性']",['6.3'],['104'],[' 英语']
[' 哥伦比亚'],['Ruth Caudeli'],['93'],['10'],"['亚历杭德拉·劳拉', '西尔维亚·瓦隆', '罗伯托·卡诺', '克里斯蒂娜·莉莉', '卢纳·巴克斯特', '安娜·玛丽亚·奎拉', '克里斯蒂娜·华纳', '安德烈斯·埃斯特拉达', '大卫·奥贾沃']",['欲后 ¿Cómo te llamas?'],"['剧情', '同性']",['6.2'],['334'],[' 西班牙语']
[' 肯尼亚 / 南非 / 德国 / 荷兰 / 法国 / 挪威 / 黎巴嫩'],['Wanuri Kahiu'],['83'],"['05', '09']","['Samantha Mugatsia', 'Sheila Munyiva', 'Jimmy Gathu', 'Nini Wacera', 'Dennis Musyoka', 'Patricia Amira', 'Neville Misati', 'Muthoni Gathecha', 'Nice Githinji', 'Charlie Karumi', 'Patricia Kihoro']",['肯尼亚式友谊 Rafiki'],"['剧情', '爱情', '同性']",['5.8'],['138'],[' 英语 / 斯瓦希里语']
[' 美国'],['珍娜·劳伦索'],['90'],['11'],"['凯文·波拉克', '克萝丽丝·利奇曼', '伊莲·亨德里克斯', '斯蒂夫·古根伯格', '布鲁斯·邓恩', '布兰登·迈克尔·霍尔', '凯特琳·梅纳', '罗布·莫兰', '珍娜·劳伦索', '迪尔德丽·奥康奈尔', '桑德拉·詹姆斯', '阿迪尔·艾哈迈德']",['蕾丝炸弹 Lez Bomb'],"['喜剧', '同性']",['5.6'],['481'],[' 英语']
[' 智利'],['Alberto Fuguet'],['102'],['10'],"['Santiago Rodríguez-Costabal', 'Cristóbal Rodriguez-Costabal', 'Carmina Riego']",['迷情猴尾酒 Cola de Mono'],"['剧情', '惊悚', '同性']",['5.6'],['251'],[' 西班牙语 / 英语']
[' 美国'],['米盖尔·阿尔特塔'],['93'],['04'],"['阿莉雅·肖卡特', '莱娅·科斯塔', '梅·惠特曼', '周洪', '库梅尔·南贾尼', '凯特·贝兰特', '马克·杜普拉斯', '马克·马龙', '杰伊·杜普拉斯', '琳赛·柏奇', '梅尔·埃斯林', 'Wolf Fleetwood-Ross', 'Drew Langer', 'Erin Naifeh', 'Rhoda Pell']",['鸭油 Duck Butter'],"['喜剧', '同性']",['5.4'],['697'],[' 英语']
[' 德国 / 加拿大'],['德鲁·林特'],['81'],['01'],"['Antoine Lahaie', 'Nicolas Maxim Endlicher', 'Nina Kettiger', 'Vika Kirchenbauer', 'Lynn Lahaie', 'Ahmad Larnes', 'Antonio Onio', 'Ivan Rueda', 'Paul Auls', 'Filip Samuel Berg', 'Kévin Thomé de Souza', 'Søren Drastrup', 'Ali Esfahani', 'Valeria Farina', 'Luca Fuchs', '德鲁·林特']",['M/M'],"['剧情', '惊悚', '同性']",['5.4'],['483'],[' 英语 / 法语 / 德语']
[' 日本'],['齐藤久志'],['120'],"['10', '11']","['縄田かのん', '中神円', '藤原隆介', '三浦贵大', '柄本明']",['天上的眼睛和蜗牛 空の瞳とカタツムリ'],"['剧情', '情色', '同性']",['5.4'],['78'],[' 日语']
[' 日本'],['谷本佳织'],['88'],['02'],"['渡边剑', '天野浩成', '盐野瑛久', '小原唯和', '水石亚飞梦', '本宫泰风']",['不知花开否 花は咲くか'],"['爱情', '同性']",['5.0'],['783'],[' 日语']
[' 日本'],['金关秋吉'],['94'],['12'],"['宫岛沙绘', 'クセーニア・アリストラートワ']",['莱卡 ライカーLaikaー'],"['爱情', '同性']",['4.6'],['114'],[' 日语 / 俄语']
[' 台湾'],['吴星翔'],['103'],"['07', '10']","['纪言恺', '陈彦名', '吕金象', '陈彦廷', '林冠宇', '利晴天', '蔡力允', '刘雨凯', '荣忠豪', '唐緰', '陈信力', '谢理任', '蔡明修', '高盟杰', '陈睿纁', '柳广辉', '张嘉方', '宋亚伦', '刘明动', '王岳丰', '安伟', '鲍奕安', '江盛祺']",['红楼梦 紅樓夢'],"['情色', '同性']",['4.3'],['2422'],[' 汉语普通话']
[' 日本'],['松久夢二'],['120'],['02'],"['立花瞳', '月丘るな', '田中梨子', 'デニス']",['淫欲の虜 襟足から滴る雫'],"['剧情', '同性']",[''],[],[' 日语']
[' 美国'],['凯登·克劳丝'],['126'],['04'],"['布里奇特', 'Arie Faye', '安娜福克斯', '阿莱克萨·格蕾丝', '凯登·克劳丝', '曼努埃尔·费拉拉', 'Ricky Johnson', '泰勒·尼克松', 'Stallion']","['出轨者 Cheater, Cheater']","['剧情', '爱情', '情色', '同性']",[''],[],[' 英语']
[' 日本'],['白虎'],['85'],['02'],"['桜庭うれあ', '原美織', '桐山桜子']",['白百合が咲くあの頃に… 純潔恋慕百合女子校生'],"['情色', '同性']",[''],[],[' 日语']
[' 美国'],['Joanne Mony Park'],['82'],['01'],"['Borah Ahn', 'Danny Ballester', 'Clarissa Burnett']",['鱼骨头 Fish Bones'],"['剧情', '爱情', '同性']",[''],[],[' 英语 / 韩语']
[' 西班牙 / 冰岛'],"['Richard García, Raúl Portero']",['70'],[],"['Fanny Gautier', 'David Krohnert', 'Nacho San José']",['冰之岛 Grimsey'],"['剧情', '同性']",[''],[],[' 西班牙语 / 英语 / 冰岛语']
[' 墨西哥'],['Alejandro Andrade'],['90'],['09'],"['Carmen Maura', 'Mariana Gajá', 'Moises Arizmendi', 'Emilio Puente']",['库埃纳瓦卡 Cuernavaca'],"['同性', '儿童']",[''],[],[' 西班牙语']
[' 日本'],['今井ミカ'],['63'],['09'],"['長井恵里', '小林遥', '玉田宙', '佐藤有菜', 'ノゾム', '菊川れん', '高木里華', '太田辰郎']",['直至虹色清晨降临 虹色の朝が来るまで'],"['剧情', '同性']",[''],[],[' 日语']
[' 中国大陆'],['李韵铭'],['90'],[],"['黄少明', '修超', '何夏昕', '内马特（哈萨克斯坦）', '赵娟', '袁伟旻', '王苗', '郭小鼬']",['灵媒师'],"['惊悚', '同性']",[''],[],[' 汉语普通话 / 泰语 / 英语']
[' 法国 / 瑞士'],"['Maxime Matray', 'Alexia Walther']",['100'],['09'],"['Agathe Bonitzer', 'Thomas Scimeca', 'Pierre Moure']",['金发野兽 Bêtes blondes'],"['剧情', '同性']",[''],[],[' 法语']
[' 美国 / 墨西哥'],['Jake Jaxson'],['38'],"['04(美国)"">2018']","['Levi Karter', 'Allen King', 'Calvin Banks', 'Jacen Zhu', 'Sean Zevran', 'Taylor Reign', 'Boomer Banks', 'Michael Delray']",['爱迷失 Love &amp; Lost &amp; Found'],"['爱情', '情色', '同性']",[''],[],[' 英语']
[' 法国'],['Anatol Schuster'],['92'],['07'],"['Anna Brodskaja-Bomke', 'Peter Cieslinski', ""Jakob D'Aprile"", 'Lara Feith', 'Mélanie Fouché']",['Luft'],"['剧情', '爱情', '同性', '音乐']",[''],[],[' 德语']
[' 中国大陆'],"['杨天翔', '鲍海铭']",['67'],['01'],"['张骏', '宁寅彭', '王炜', '彭甜艳', '李松绍', '杨美英']",['空房子'],"['剧情', '同性', '家庭']",[''],[],[' 汉语普通话']
[' 美国'],['布鲁斯·拉布鲁斯'],['27'],[],"['Natalia Portnoy', 'Bishop Black', 'Valentin Braun']",['瓦伦丁·皮埃尔和卡特琳娜 Valentin Pierre &amp; Catalina'],"['情色', '同性']",[''],[],[' 英语']
[' 意大利'],['玛格丽·塔费里 Margherita Ferri'],['90'],['09'],"['Susanna Acchiardi', 'Eleonora Conti', 'Edoardo Lomazzi', '法布里齐亚·萨基']",['冰上禅 Zen sul ghiaccio sottile'],"['剧情', '同性']",[''],[],[' 意大利语']
[' 墨西哥 / 美国 / 希腊 / 多米尼加'],['班尼·科什努迪'],['88'],[],"['Arash Marandi', 'Flor Eduarda Gurrola', '路易斯·阿伯提', '埃利希奥·梅兰德斯', 'Eduardo Mendizábal', 'Edwarda Gurrola', 'Uriel Ledesma', 'Ishbel Mata']",['萤火虫 Luciérnagas'],"['剧情', '同性']",[''],[],[' 西班牙语 / 英语 / 波斯语']
[' 日本'],['清水大敬'],[],['12'],"['森羅万象', '野村貴浩', '山本宗介', '折笠慎也', '野間清史', '佐々木狂介', '山科薫', 'フランキー岡村']",['かちんこ！平成任侠外伝'],"['剧情', '情色', '同性']",[''],[],[' 日语']
[' 加拿大'],['汤姆·菲茨杰拉德'],['94'],['09'],"['索菲亚·班茨哈夫', '休·汤普森']",['碎片 Splinters'],"['剧情', '同性']",[''],[],[' 英语']
[' 美国'],['Ryan Lonergan'],['77'],['06'],"['Jack Ball', 'Ryan Lonergan', 'Garrett McKechnie']",['内心的恶魔 Kill the Monsters'],"['情色', '同性']",[''],[],[' 英语']
[' 英国'],['Elliot Kershaw'],['19'],[],"['Connie Burdett', 'James Lye', 'Milo Wilson']",['天外星光侠 Starman from Heaven'],"['剧情', '同性']",[''],[],[' 英语']
[' 西班牙'],['Lázaro Louzao'],['84'],[],"['Sabela Arán', 'Ademar Silvoso', 'Brais Yanek']",['11月9日 Nove de novembro'],['同性'],[''],[],[' 西班牙语']
[' 印度'],['Vandana Kataria'],['108'],[],"['Kunal Kapoor', 'Mohammed Ali Mir', 'Sunil Drego']",['贵族 Noblemen'],"['剧情', '同性']",[''],[],[' 印地语']
[' 日本'],['中川駿'],[],['07'],"['今田美樱', '永瀬千裕', '笠松将', '須藤誠', '有佐', '堀春菜']",['カランコエの花'],"['剧情', '同性']",[''],[],[' 日语']
[' 台湾'],['李彦勋'],['16'],[],"['李训安', '陈欣宏']",['潮汐'],"['剧情', '同性']",[''],[],[' 汉语普通话']
[' 瑞典'],['Jimi Vall Peterson'],['8'],[],"['Simon Eriksson', 'Hjalmar Hardestam']",['借宿 Sova över'],"['剧情', '同性']",[''],[],[' 瑞典语']
[' 德国'],['Eibe Maleen Krebs'],['99'],[],"['Samuel Koch', 'Nils Hohenhövel', 'Eva Nürnberg']",['我的脑海之外 Draussen in Meinem Kopf'],"['剧情', '同性']",[''],[],[' 德语']
[' 香港'],['孫明希'],[],"['12(香港)"">2018']","['李蕙敏', '黃家恆', '麦咏楠', '邓汝超', '李英涛']",['女人就是女人'],"['剧情', '同性']",[''],[],[' 粤语']
[' 中国大陆'],[],[],['02'],[],['哔哩哔哩2018拜年祭'],"['动画', '同性', '音乐', '歌舞', '真人秀']",[''],[],[' 汉语普通话 / 日语']
[' 阿根廷'],['Marcelo Briem Stamm'],['89'],['03'],"['胡安·曼努埃尔·马蒂诺', 'Charly Etchévers', 'Flor Dragonetti']",['我们仨 Somos tr3s'],"['剧情', '同性']",[''],[],[' 西班牙语']
[' 英国'],['钱亚·波顿'],['110'],['09'],"['杰玛·阿特登', '伊丽莎白·德比茨基', '伊莎贝拉·罗西里尼', '鲁伯特·彭利-琼斯', '彼得·费迪南多']",['薇塔与弗吉尼亚 Vita and Virginia'],"['剧情', '爱情', '同性', '传记']",[''],[],[' 英语']
[' 中国大陆'],['呂博文'],['108'],['05'],"['孟月晨', '甄嘉健', '韓京成']",['鱼心河忍'],['同性'],[''],[],[' 汉语普通话']
[' 韩国'],['최재영'],['19'],[],"['박현준', '김현준']",['我的开心果 마이 피스타치오'],"['剧情', '同性']",[''],[],[' 韩语']
[' 英国'],['Jonathan Butterell'],['160'],"['07', '11']","['John McCrea', 'Josie Walker', 'Tamsin Carroll', 'Daniel Davids', 'Phil Nichol', 'Lucie Shorthouse']",['人人都在聊杰米 Everybody&#39;s Talking About Jamie'],"['剧情', '同性', '音乐']",[''],[],[' 英语']
[' 韩国'],['金在軾'],['92'],['10'],"['朴浩山', '최유하']","['一个神奇的男人 이, 기적인 남자']","['剧情', '同性']",[''],[],[' 韩语']
[' 印度'],['Q'],[],['02'],"['Tanmay Dhanania', 'Satarupa Das', 'Trimala Adhikari']",['垃圾 Garbage'],"['剧情', '同性']",[''],[],[' 印地语']
[' 英国 / 希腊'],['Konstantinos Menelaou'],['74'],[],"['Hermes Pittakos', 'Sanuye Shoteka', 'Thanos Lekkas']",['他爱我 He Loves Me'],"['爱情', '同性']",[''],[],[' 希腊语']
[' 美国'],['凯登·克劳丝'],['133'],['03'],"['安琪拉.薇蒂', 'Ashley Lane', '瓦伦蒂娜·纳庇', '阿莱克萨·格蕾丝', '马库斯·杜普雷', '曼努埃尔·费拉拉', '泰勒·尼克松']",['我们玩的游戏 Games We Play'],"['剧情', '爱情', '情色', '同性']",[''],[],[' 英语']
[' 香港'],['鍾德勝'],[],['04'],"['麦子乐', '李骏硕', '张雪芹', '袁浩杨']",['看见你便想念你 看見你便想念你'],['同性'],[''],[],[' 粤语']
[' 越南'],['胡士后'],['34'],['01'],"['张明明', '刘明君', '张达', '家俊', '何甄', '垂玲', '范书']",['迷路的戒指'],"['爱情', '同性']",[''],[],[' 越南语']
[' 英国'],"['Sam Ashby', '尼尔斯·布尔贡杰', 'Mikael Bundsen', '霍普·迪金森·利奇', 'Søren Green', 'Victor Lindgren', 'Dean Loxton', 'Tamara Shogaolu', '凯·斯泰尼克']",['133'],['04'],"['Balázs Csémy', '亨利·加勒特', '乔什·奥康纳', 'Daniel Cornelissen']",['Boys on Film 18: Heroes'],"['剧情', '同性']",[''],[],[' 英语']
[' 澳大利亚'],['Damian Overton'],['14'],[],"['Josh Kieser', 'Kieton Beilby', 'Donnie Baxter']",['心如纸割 Papercut'],"['剧情', '同性']",[''],[],[' 英语']
[' 美国 / 中国大陆'],['郑陆心源'],['23'],[],"['Jeff Harlow', 'Koyo Kim', 'Yoshika Masuda']",['Feverish'],"['剧情', '同性']",[''],[],[' 英语 / 日语']
[' 南非'],['Christiaan Olwagen'],['120'],[],"['Schalk Bezuidenhout', 'Ludwig Binge']",['金丝雀 Kanarie'],"['剧情', '同性']",[''],[],[' 南非荷兰语']
[' 意大利'],['Alessandro Genovesi'],['89'],['03'],"['Diego Abatantuono', 'Monica Guerritore', 'Salvatore Esposito', 'Cristiano Caccamo', 'Dino Abbrescia', 'Diana Del Bufalo', 'Beatrice Arnera', ""Rosaria D'Urso"", 'Antonio Catania', 'Enzo Miccio']",['我盛大的意大利同志婚礼 Matrimonio italiano'],"['剧情', '喜剧', '同性']",[''],[],[' 意大利语']
[' 英国'],['Marco Alessi'],['11'],[],"['Mary Antony', '劳利·基纳斯顿', 'Emily Renée']",['四个四重奏 Four Quartets'],"['同性', '音乐']",[''],[],[' 英语']
[' 日本'],['中村拓朗'],['126'],['09'],"['韩英惠', '萨赫勒・罗萨', '山内优花']",['西北西'],"['剧情', '同性']",[''],[],[' 日语']
[' 阿根廷'],['Cristián Darío Pellegrini'],['105'],[],"['Leandro Poquet', 'Manuel García Migani']",['雾之眼 Misty Eyes'],"['爱情', '同性']",[''],[],[' 西班牙语']
