地区,导演,时长,月份,演员,电影名,类型,评分,评论数,语言
[' 日本'],['是枝裕和'],['117'],"['08', '05', '06']","['中川雅也', '安藤樱', '松冈茉优', '城桧吏', '佐佐木美结', '树木希林', '绪形直人', '池松壮亮', '森口瑶子', '山田裕贵', '片山萌美', '柄本明', '高良健吾', '池胁千鹤']",['小偷家族 万引き家族'],"['剧情', '家庭', '犯罪']",['8.7'],['413783'],[' 日语']
[' 墨西哥 / 美国'],['阿方索·卡隆'],['135'],"['08', '12']","['雅利扎·阿巴里西奥', '玛丽娜·德·塔维拉', '迭戈·科蒂娜·奥特里', '卡洛斯·佩拉尔塔', '马科·格拉夫', '丹妮拉·德米萨', '南茜·加西亚', '维罗妮卡·加西亚', '安迪·科特斯', '费尔南多·格雷迪亚加', '豪尔赫·安东尼奥·格雷罗', '拉丁·洛弗']",['罗马 Roma'],"['剧情', '家庭']",['8.2'],['78266'],[' 西班牙语 / 米斯特克语 / 英语']
[' 日本'],['山田洋次'],['123'],"['04', '05']","['桥爪功', '吉行和子', '西村雅彦', '夏川结衣', '中岛朋子', '林家正蔵', '妻夫木聪', '苍井优', '藤山扇治郎', '广冈由里子', '北山雅康', '大沼柚希', '小林飒', '小川绘莉', '徳永雄辉', '小林稔侍', '风吹淳', '木场胜己', '立川志らく', '笹野高史', '笑福亭鹤瓶']",['家族之苦3 妻よ薔薇のように 家族はつらいよIII'],"['喜剧', '家庭']",['7.9'],['10573'],[' 日语']
[' 韩国'],['房秀吟'],['91'],['04'],"['李顺载', '郑志薰', '张光', '成秉淑', '车顺裴', '金广植', '柳圣贤', '郑基燮', '尹颂雅', '金炳哲', '韩宝贝']",['德九 덕구'],"['剧情', '家庭']",['7.7'],['2473'],[' 韩语']
[' 中国大陆'],['松太加'],['109'],"['10', '06']","['容中尔甲', '尼玛颂宋', '赛却加']",['阿拉姜色'],"['剧情', '家庭']",['7.6'],['13928'],[' 藏语']
[' 中国大陆'],['霍猛'],['93'],['10'],"['杨太义', '李云虎 ', '万众 ', '聂栋才 ']",['过昭关'],"['剧情', '家庭', '儿童']",['7.5'],['3442'],[' 河南方言']
[' 中国大陆'],['吕乐'],['102'],"['10', '06']","['姚晨', '马伊琍', '袁文康', '吴昊宸', '王梓尘', '陶昕然', '高叶', '齐欢']",['找到你'],"['剧情', '家庭']",['7.4'],['146965'],[' 汉语普通话']
[' 台湾'],['崔永徽\u200b\u200b'],['96'],['06'],"['黄尚禾', '钟家骏', '李凤英', '張靈']",['只有大海知道'],"['剧情', '歌舞', '家庭', '儿童']",['7.1'],['271'],[' 汉语普通话']
[' 中国大陆 / 美国'],"['赵锐', '克里斯托弗·詹金斯']",['90'],"['03', '08']","['赵路', '武皓栋', '殷筱瑜', '金蝉妃', '童自荣', '吴磊', '赵乾景', '李传缨', '姜玉玲', '曹真', '王肖兵']",['妈妈咪鸭'],"['喜剧', '动画', '家庭', '冒险']",['7.1'],['16885'],[' 汉语普通话 / 英语']
[' 法国'],['吉勒斯·戴·迈斯特'],['98'],['12'],"['丹尼·戴·维利尔斯', '梅拉尼·罗兰', '兰利·柯克伍德', '赖恩·麦克·伦南', '布兰登·奥雷']",['米娅和白狮 Mia et le Lion Blanc'],"['家庭', '冒险']",['7.0'],['453'],[' 法语']
[' 韩国'],['金成浩'],['103'],['03'],"['李钟赫', '金成恩']",['妈妈的笔记本 엄마의 공책'],"['剧情', '家庭']",['6.8'],['185'],[' 韩语']
[' 中国大陆'],['杨明明'],['117'],['02'],"['耐安', '张献民', '杨明明', '李勤勤', '黄卫', '袁丽', '李文波']",['柔情史'],"['剧情', '家庭']",['6.7'],['3265'],[' 汉语普通话']
[' 韩国'],['KIM Jongwoo'],['102'],['05'],"['李孝制', '许俊硕', '林泰丰', '金河娜']",['家 홈'],"['剧情', '家庭']",['6.6'],['176'],[' 韩语']
[' 印度'],['阿米特·沙玛'],['135'],['10'],"['阿尤斯曼·库拉纳', '桑亚·玛荷塔', '尼娜·古普塔', '加杰拉杰·饶', '谢巴·查达', '苏雷卡·西克里', '沙杜尔·拉纳', '拉胡尔·特瓦里', '阿伦·卡拉', '阿尔卡·阿明', '马诺·巴克什', '阿尔卡·芭朵拉·卡肖尔', '维米·梅塔']",['喜得千金 Badhaai Ho'],"['剧情', '喜剧', '爱情', '家庭']",['6.6'],['788'],[' 印地语']
[' 日本'],['郑义信'],['126'],['06'],"['真木阳子', '井上真央', '樱庭奈奈美', '大泉洋', '大谷亮平', '宇野祥平', '根岸季衣', '李静恩', '金相浩']",['烧肉龙 焼肉ドラゴン'],"['剧情', '家庭']",['6.5'],['1026'],[' 日语']
[' 中国大陆'],['彭力'],['91'],"['02', '05']","['奶瓶', '康潇诺', '高婷婷', '陈一榕', '魏子涵', '亓小飞']",['小狗奶瓶'],"['家庭', '儿童']",['6.5'],['600'],[' 汉语普通话']
[' 英国'],['曼迪·弗莱彻'],['95'],"['11', '06']","['比蒂·埃德蒙森', '艾德·斯克林', '米兰卡·布鲁克斯', '杰玛·琼斯', '切瑞·朗吉', '艾米丽·阿塔克', '彼得·戴维森', '艾米莉亚·琼斯', '珍妮弗·桑德斯', '阿德里安·斯卡伯勒', '伯纳德·克理宾斯']",['我的冤家是条狗 Patrick'],"['喜剧', '家庭']",['6.4'],['7345'],[' 英语']
[' 美国'],['西拉斯·霍华德'],['92'],"['01', '06']","['克莱尔·丹妮丝', '佩丽冉卡·曹帕拉', '奥克塔维亚·斯宾瑟', '吉姆·帕森斯', '香奈特·芮妮·威尔逊', '艾米·兰德克', '安·唐德', '阿西夫·曼德维', '陈朱莉', '张欣迪', 'Kelly Deadmon', '奥利维亚·邦德']",['孩童杰克 A Kid Like Jake'],"['剧情', '家庭']",['6.4'],['634'],[' 英语']
[' 爱沙尼亚 / 比利时 / 爱尔兰 / 英国'],"['卡斯帕·简西斯', 'Riho Unt']",['75'],['06'],"['塞伦·希德', '迈克尔·麦克埃尔哈顿', '布莱丹·格里森']",['莫滕船长与蜘蛛女王 Captain Morten and the Spider Queen'],"['动画', '家庭']",['6.4'],['197'],[' 英语']
[' 中国大陆'],['蓝鸿春'],['100'],['08'],"['郑润奇', '郑鹏生', '张咏娴', '李树浩', '林俊鑫', '陈锦标', '周素琴', '郑辉松', '张翼就', '陈昱曦', '苏细珍']",['爸，我一定行的'],"['剧情', '喜剧', '家庭']",['6.3'],['5816'],[' 潮汕方言 / 汉语普通话']
[' 英国'],['埃利奥特·赫加蒂'],['63'],['12'],"['艾伦·戴维斯', '奥利弗·泽特斯特姆', '阿米特·沙阿']",['午夜帮 The Midnight Gang'],"['喜剧', '家庭', '儿童']",['6.2'],['127'],[' 英语']
[' 美国'],['肖恩·麦克纳马拉'],['101'],['11'],"['强·沃特', '艾莉克莎·尼森森', '薇尔·布鲁姆', 'Eva LaRue', '菲利普·博伊德', 'Scott Summitt']",['孤马 Orphan Horse'],"['剧情', '家庭']",['6.2'],['87'],[' 英语']
[' 中国大陆'],['殷玉洲'],['115'],['10'],"['杨璐', '王小雨', '周业余', '殷汝利', '连建亭', '于飞', '刘爱琴', '王晓义', '刘泓江']",['沿海出发'],"['剧情', '家庭']",['6.2'],['284'],[' 汉语普通话 / 胶辽官话']
[' 中国大陆'],['王微'],['105'],['04'],"['李宇峰', '杨砚铎', '周华健', '张喆', '陈霖生']",['猫与桃花源'],"['动画', '家庭', '冒险']",['6.2'],['5051'],[' 汉语普通话']
[' 德国'],['丹尼斯·甘塞尔'],['110'],['03'],"['雪莉·麦克雷恩', '米兰·佩舍尔', '乌韦·奥克森克内希特', '米夏埃尔·赫尔比希', '亨宁·鲍姆', '克里斯托夫·玛丽亚·赫布斯特', '安妮特·弗埃尔', '托马斯·弗里斯奇', '唐汉平', '关永扬', '朱迪·温特', 'Volker Michalowski', 'Rick Kavanian', 'Maverick Quek']",['吉姆与卢克司机 Jim Button and Luke the Engine Driver'],"['家庭', '奇幻', '冒险']",['6.2'],['130'],[' 德语']
[' 德国'],['丹尼斯·甘塞尔'],['110'],['03'],"['雪莉·麦克雷恩', '米兰·佩舍尔', '乌韦·奥克森克内希特', '米夏埃尔·赫尔比希', '亨宁·鲍姆', '克里斯托夫·玛丽亚·赫布斯特', '安妮特·弗埃尔', '托马斯·弗里斯奇', '唐汉平', '关永扬', '朱迪·温特', 'Volker Michalowski', 'Rick Kavanian', 'Maverick Quek']",['吉姆与卢克司机 Jim Button and Luke the Engine Driver'],"['家庭', '奇幻', '冒险']",['6.2'],['131'],[' 德语']
[' 德国 / 瑞士'],['Mike Schaerer'],['103'],['01'],"['卡洛琳·赫弗斯', '苏珊娜·冯·博尔索迪', 'Eveline Hall']",['淘气小女巫 Die kleine Hexe'],['家庭'],['6.0'],['141'],[' 德语']
[' 日本'],['熊谷祐纪'],['102'],['03'],"['中村友梨香', '葵若菜', '石桥莲司', '黑羽麻璃央', '宅间孝行', '片冈礼子']",['好想吃拉面！ ラーメン食いてぇ！'],"['喜剧', '家庭']",['6.0'],['506'],[' 日语']
[' 中国大陆'],['韩荣声'],['95'],['08'],"['范洪涛', '张琳', '黄宝龙', '温正邦', '古玉枫', '王思霖', '廖丽', '黎骏', '古运昌', '邹馥莲']",['纯真年代'],"['剧情', '家庭', '儿童']",['6.0'],['746'],[' 汉语普通话']
[' 中国大陆'],"['潘婷', '喜子']",['118'],['06'],"['李嘉文', '韩昊霖', '杨青', '安冬']",['爹地'],"['剧情', '家庭']",['5.9'],['987'],[' 汉语普通话']
[' 日本 / 新加坡'],['邱金海'],['89'],"['02', '03']","['斋藤工', '欧萱', '松田圣子', '伊原刚志', '別所哲也', '李国煌']",['情牵拉面茶 ラーメンテー ～ラーメン×バクテー～'],"['剧情', '家庭']",['5.9'],['92'],[' 日语 / 英语']
[' 中国大陆'],['张峰'],['125'],['09'],"['罗梓心', '王洪刚', '储丰铭', '王老王', '范英', '应宝林']",['心之界限'],"['剧情', '爱情', '家庭']",['5.8'],['743'],[' 汉语普通话']
[' 美国'],['麦克·罗尔'],['101'],['11'],"['凡妮莎·哈金斯', '山姆·帕莱迪奥', '尼克·萨加', '阿列克夏·阿德森', '苏南·布劳恩', '马克·弗莱施曼', '莎拉·斯图尔特', '帕维尔·道格拉斯', '埃米·格里菲思', '罗宾·索恩斯', '克里斯·贾维斯', '娜塔莉·由拉', '埃米特·弗里尔']",['公主大对换 The Princess Switch'],"['喜剧', '爱情', '家庭']",['5.8'],['2214'],[' 英语']
[' 印度'],['莉娜·亚达夫'],['117'],['11'],"['艾米拉·达斯特', '阿帕尔夏克提·库拉那', '谢巴·查达', '里希·卡普尔', 'Mukesh Chhabra', 'Manu Rishi Chadha', '布里杰德拉·卡拉', 'Harish Khanna', '吉恩德拉·沙斯特里']",['拉杰玛·查瓦尔 Rajma Chawal'],"['剧情', '喜剧', '家庭']",['5.7'],['73'],[' 印地语']
[' 中国大陆'],['丁实'],['77'],['02'],"['刘纯燕', '张磊', '杨晨', '王逸宸', '王宁', '田波', '刘波', '张遥函', '林强', '郭政建', '闻天']",['金龟子'],"['动画', '家庭', '冒险']",['5.0'],['511'],[' 汉语普通话']
[' 中国大陆'],['何澄'],['80'],['07'],"['刘纯燕', '董浩', '鞠萍', '陈苏', '耿晨晨', '周志强', '黄炜']",['新大头儿子和小头爸爸3：俄罗斯奇遇记'],"['动画', '家庭', '儿童', '冒险']",['4.8'],['3190'],[' 汉语普通话']
[' 美国'],['Jason Winn'],['102'],['03'],"['C·托马斯·豪威尔', '布鲁克·朗顿', '约翰·拉岑贝格', '迈克·康纳·盖尼', 'M·埃梅特·沃尔什', '亚当·希克斯', 'R.基斯·哈里斯', 'Cole Bernstein', '迈克尔·阿伯特', 'Robert Crayton', 'Tate Clemons', 'Sterling Hurst']",['换档 Shifting Gears'],"['喜剧', '动作', '家庭']",['4.8'],['69'],[' 英语']
[' 美国'],['肖恩·麦克纳马拉'],['90'],['03'],"['London Cardinal', '泰·孔西利奥', 'Christian Convery', 'Jayden Greig', 'Carmela Nossa Guizzo', 'Lanein Harrison']",['外星人吃了我的作业 aliens-ate-my-homework'],"['喜剧', '家庭', '冒险']",['4.6'],['102'],[' 英语']
[' 香港'],['李思捷'],['100'],['02'],"['李思捷', '狄龙', '元秋', '钱小豪', '林敏骢', '苏玉华', '罗家英', '廖伟雄', '钱莹', '李俊毅']",['一家大晒'],"['喜剧', '家庭']",['3.8'],['481'],[' 粤语']
[' 中国大陆'],['罗洋'],['78'],['05'],[],['小公主艾薇拉与神秘王国'],"['动画', '家庭', '冒险']",['3.1'],['557'],[' 汉语普通话']
[' 美国'],['Kevan Otto'],[],['10'],"['Denise Richards', '雷金纳德·维尔约翰逊', '凯瑞·斯科特', 'Sampley Barinaga', 'Grant Davidson', 'Jared Ivers', 'Graham Schneider', 'David Buchanan', 'Chandler DuPont', 'Ava Kroener', 'Sharon Bishop']",['The Prayer Box'],['家庭'],[''],[],[' 英语']
[' 中国大陆'],['叶琳慧'],[],['10'],"['欧阳威', '扬帆', '杨道杰', '徐志飞']",['冬日暖阳'],"['剧情', '爱情', '家庭']",[''],[],[]
[' 美国'],['Christian Vogeler'],['91'],['09'],"['Kendall Vertes', '阿曼多·古铁雷斯', 'Carson Rowland']",['Trico Tri Happy Halloween'],['家庭'],[''],[],[' 英语 / 西班牙语']
[' 中国大陆'],['郑海文'],[],['09'],['傅杨杨'],['东床卧底'],"['剧情', '家庭']",[''],[],[]
[' 日本'],['藤原芽生'],['51'],['09'],"['村田奈津樹', '大田 晃', '安野由紀子', '藤原亜美']",['わたの原'],['家庭'],[''],[],[' 日语']
[' 美国 / 印度'],['Richard Finn'],[],['08'],"['Andrew Toth', 'Maya Kay', 'Alan Marriott', 'Maureen Jones', 'Lee Tockar', 'Jonathan Holmes']",['北极熊诺姆：王国之匙 Norm of the North: Keys to the Kingdom'],"['喜剧', '动画', '家庭']",[''],[],[' 英语']
[' 美国'],[],['15'],['03'],"['大卫·阿克德', '约翰·博耶加', '艾什莉·埃克斯坦', '戴夫·菲洛尼', '马克·哈米尔', '汤姆·凯恩', '马特·兰特尔', '瓦内萨·马歇尔', '露皮塔·尼永奥', '黛西·雷德利', 'Helen Sadler', '蒂娅·希尔卡', 'Catherine Taber', '凯莉·玛丽·陈', '谢尔碧·杨']",['星球大战：命运的力量 第三辑 Star Wars Forces of Destiny: Volume 3'],"['科幻', '动画', '家庭', '冒险']",[''],[],[' 英语']
[' 比利时'],['Dorothée Van Den Berghe'],['90'],"['03(比利时)"">2018']","['Ruth Beeckmans', 'Griet Boels', 'Imad Borji', 'Zouzo Ben Chika', '卡特简·达门', 'Michael De Cock', 'Sophie De Rijcke', 'Damiaan De Schrijver', '提图斯·德·沃格特', 'Jamal El Akel', 'Amber Goethals', 'Bert Haelvoet', 'Luc Nuyens', 'Amara Reta', 'Anas Touill']",['城市嘻友记 Rosie &amp; Moussa'],['家庭'],[''],[],[' 荷兰语']
[' 美国'],['马丁·伍德'],[],['08'],"['凯瑟琳·贝尔', 'Samantha MacGillivray', 'Simone Annan', '卡梅隆·马泰森', ""Paul O'Brien"", 'Karen Pang']",['盛夏的记忆 A Summer to Remember'],"['喜剧', '爱情', '家庭']",[''],[],[' 英语']
[' 丹麦'],['Christian Dyekjær'],[],['11'],"['Ella Testa Kusk', 'Peter Sejer Winther', 'Martin Buch', 'Mia Lyhne', 'Ulf Pilgaard', 'Nicolaj Kopernikus', 'Kristian Halken']",['Julemandens Datter'],['家庭'],[''],[],[' 丹麦语']
[' 香港'],['杜震谦'],['72'],"['07(香港)"">2018']",[],['若虫知了 若蟲知了'],"['剧情', '爱情', '家庭']",[''],[],[' 粤语']
[' 法国'],['Bertrand Guerry'],['105'],['07'],[],['Mes frères'],"['剧情', '音乐', '家庭']",[''],[],[' 法语']
[' 中国大陆'],['李星良'],[],['06'],"['冷昊泽', '原野']",['心灯'],"['悬疑', '家庭']",[''],[],[' 汉语普通话']
[' 美国'],['Brad Rau'],[],['05'],"['迪·布拉雷·贝克尔', '约翰·博耶加', '吉姆·库宁斯', '戴夫·菲洛尼', '艾什莉·埃克斯坦', '泰勒·格雷', '奥莉维亚·海克', '马克·哈米尔', '瓦内萨·马歇尔', '露皮塔·尼永奥', '黛西·雷德利', '蒂娅·希尔卡', 'Catherine Taber', '马修·伍德', '谢尔碧·杨']",['星球大战：命运的力量 第四辑 Star Wars Forces of Destiny: Volume 4'],"['科幻', '动画', '家庭', '冒险']",[''],[],[' 英语']
[' 德国'],['雪莉·霍曼'],['90'],['04'],"['佩特拉·施密特-夏勒', 'Günther Maria Halmer', '希尔德加德·施梅尔', '亚历山大·拜尔', 'Claude Heinrich', 'Taddeo Kufus', 'Gustav Schmidt', 'Jamica Blackett', '瓦莱丽·施托尔', 'Mohamed Issa', '克里斯托夫·列克托斯基', '安德烈亚斯·皮奇曼', '米凯拉·卡斯帕', '卢茨·布洛赫伯格', '让·丹尼斯·罗默']",['爱我们的生活 Wir lieben das Leben'],"['喜剧', '家庭']",[''],[],[' 德语']
[' 美国'],['Joey Sylvester'],[],['02'],"['Elizabeth Foster', 'Jason London', 'Kristin Mellian', 'Richard Karn', 'Stella Shoha', 'Richard Goteri', 'Michael Mili', 'Colleen Gentry', 'Ken Alter', 'Sherryl Despres', 'Joel Paul Reisig']",['阿曼達與小狐狸 Amanda and the Fox'],"['喜剧', '家庭']",[''],[],[' 英语']
[' 美国'],['理查德·布莱克'],['89'],['01'],"['Brady Tutton', '理查德·布莱克', 'Allison Belmont', 'Leah Schiman']",['火箭男孩 The Rocket'],"['家庭', '运动']",[''],[],[' 英语']
[' 香港'],[],['30'],['01'],['方力申'],['认知障碍知多点 認知障礙知多D'],['家庭'],[''],[],[' 粤语']
[' 瑞典'],['Gustaf Åkerblom'],[],['10'],"['Peter Haber', 'Jimmy Lindström', 'Torkel Petersson', 'Claes Månsson', 'Nina Zanjani']",['Halvdan Viking'],['家庭'],[''],[],[' 瑞典语']
[' 美国'],['W.D. Hogan'],['90'],[],"['凯尔西·周 ', '乔纳森·凯兹', 'Alexandra Metz']",['Brimming with Love'],['家庭'],[''],[],[' 英语']
[' 美国'],['Sonny Marler'],[],['11'],"['Clayne Crawford', 'Christian Kane', 'Wilmer Calderon', 'See full cast & crew']",['Tinker&#39;'],"['剧情', '科幻', '家庭']",[''],[],[' 英语']
[' 拉脱维亚 / 波兰'],['Edmunds Jansons'],['70'],['10'],"['Līga Gaisa', 'Luīze Pastore']","['雅各布，米米和会说话的狗 Jēkabs, Mimmi un runājošie suņi']","['动画', '家庭', '冒险']",[''],[],[' 拉脱维亚语']
[' 日本'],['児玉宜久'],[],"['10', '11']","['横澤夏子', '萩原实里', '山崎银之丞', '笹野高史', '松原智惠子']",['えちてつ物語 わたし、故郷に帰ってきました。'],"['剧情', '喜剧', '家庭']",[''],[],[' 日语']
[' 丹麦'],['Kaspar Munk'],['90'],['10'],"['Gerda Lie Kaas', 'Sonja Richter', 'Signe Egholm Olsen', 'Vera Mi Fernandez Bachmann', 'Albert Werner Rønhard', 'May Simón Lifschitz', 'Henrik Mestad']",['荒野女巫 Vildheks'],"['家庭', '奇幻']",[''],[],[' 丹麦语']
[' 美国'],['柯人方'],['13'],['10'],"['Michael Simon Hall', 'Amy Rutledge']",['余烬 Cinders'],"['剧情', '爱情', '家庭']",[''],[],[' 英语']
[' 丹麦'],['Oliver Zahle'],[],['09'],"['Hircano Soares', 'Liv Leman Brandorf', 'Arien Takiar', 'Tine Rangan Thiesgaard', 'Saswata Chatterjee']",['Iqbal &amp; den indiske juvel'],"['家庭', '冒险']",[''],[],[' 丹麦语']
[' 多米尼加共和国 / 波多黎各'],['Raúl Camilo'],[],[],[],['Lo que siento por ti'],"['剧情', '家庭']",[''],[],[' 西班牙语']
[' 印度'],"['Manoj J. Bhatia', 'Suresh Thomas']",['80'],['11'],"['Manisha Yadav', 'Ankita Parihar', 'Vaishnavi Shenvi']",['I am Roshni'],"['剧情', '爱情', '家庭']",[''],[],[' 印地语 Hindi']
[' 菲律宾'],['Cathy Garcia-Molina'],['106'],['11'],"['Sharon Cuneta', 'Richard Gomez', 'Kathryn Bernardo']",['永远的三个字 Three Words to Forever'],"['剧情', '喜剧', '家庭']",[''],[],[' 菲律宾语']
[' 爱沙尼亚'],['Anu Aun'],['90'],['12'],"['Maria Annus', 'Robert Annus', 'Annabrith Heinmaa', 'Marvin Inno', 'Riho Kütsar', 'Liis Lemsalu']",['疯狂的圣诞节 Eia jõulud Tondikakul'],['家庭'],[''],[],[' 爱沙尼亚语']
[' 英国'],['D. James Newton'],['85'],[],"['Harry Jarvis', '艾拉-雷·史密斯', 'Alhaji Fofana']",['2: Hrs'],['家庭'],[''],[],[' 英语']
[' 日本'],['石井達也'],[],['09'],"['團 悠哉', '湯舟すぴか', '伊藤慶徳', '金子寧々']",['すばらしき世界'],"['剧情', '家庭']",[''],[],[' 日语']
[' 美国'],['Angela Tucker'],['87'],['08'],"['Dushaunt Fik-Shun Stegall', 'Keon Motakhaveri', 'Tetona Jackson', '海瑟·莫里斯', ""Hokuto 'Hok' Konishi"", 'Kevin Davis Jr.', '詹姆斯·摩西·布莱克', 'Emilio Dosal', 'Anthony Marble', 'Taylor Pierce', 'Nasty Ray', 'Taylor Thomas', 'Maho Udo', 'Jaja Vankova', 'James Derrick']",['颠覆自我 All Styles'],"['剧情', '家庭']",[''],[],[' 英语']
[' 荷兰 The Netherlands'],['Jeroen Houben'],['92'],['04'],"['Ariane Schluter', 'Benja Bruijning', 'Georgina Verbaan', 'Sanne den Hartogh', 'Eva van de Wijdeven', 'Loes Luca', 'Slimane Dazi', 'Gene Bervoets', 'Annet Malherbe', 'Xander van Vledder', 'Kasper van Kooten']",['De Matchmaker'],"['剧情', '喜剧', '家庭']",[''],[],[]
[' 伊朗 Iran'],['Behrouz Nooranipour'],['80'],[],"['Naser Babaeian', 'Bahar Maroofi', 'Azar-Hamid Jafari']",['Dayan'],"['剧情', '家庭', '战争']",[''],[],[' Kurdish']
[' 中国大陆'],['杜宜峰'],[],['04'],['杜宜峰'],['房之囧事'],['家庭'],[''],[],[' 汉语普通话']
[' 中国大陆'],['黄文美'],['74'],['01'],"['宁子', '姜帝同', '陈铭鑫', '段炳义', '刘姗', '刘敬一']",['木兰花'],"['剧情', '家庭']",[''],[],[' 汉语普通话']
[' 中国大陆'],"['杨天翔', '鲍海铭']",['67'],['01'],"['张骏', '宁寅彭', '王炜', '彭甜艳', '李松绍', '杨美英']",['空房子'],"['剧情', '同性', '家庭']",[''],[],[' 汉语普通话']
[' 中国大陆'],['齐栩楠'],['96'],['01'],"['张煦赫', '李宝安', '霍青', '胡玉婷', '曾满意']",['水满茶香'],"['剧情', '家庭']",[''],[],[' 汉语普通话']
[' 德国'],['Mike Marzuk'],['101'],[],"['雅各布·马琛茨', 'Ron Antony Renzenbrink', '马里纳斯·霍曼', 'Amelie Lammers', 'Allegra Tinnefeld', '米兰·佩舍尔', 'Peter Prager', '梅丽卡·弗鲁坦']",['Fünf Freunde und das Tal der Dinosaurier'],"['家庭', '儿童']",[''],[],[' 德语']
[' 中国大陆'],['张国超'],['90'],[],"['段艺璇', '许凯', '赵震', '赵成晨', '刘芊含', '胡良伟', '刘晓倩', '林强']",['风来风去'],"['喜剧', '动画', '家庭', '冒险']",[''],[],[' 汉语普通话 / 英语']
[' 印度'],['Priya Ramasubban'],[],[],[],['Chuskit'],"['家庭', '儿童']",[''],[],[' Ladakhi']
[' 波兰'],['Filip Zylber'],['89'],['10'],"['Roma Gasiorowska', 'Pawel Domagala', 'Tola Bialek', 'Klaudia Halejcio', '保利娜·加拉萨卡', 'Ewa Chodakowska', '波利斯·席克']",['心不是仆人 Serce nie sluga'],"['喜剧', '爱情', '家庭']",[''],[],[' 波兰语']
[' 中国大陆'],['谢亮宏'],[],[],"['李品', '罗湘晋', '张捷', '周婷婷', '吕泽先', '艾米', '蓝子涵', '陈诗颖', '沙栩墨', '谢盈雪', '邬倩']",['歌带你回家'],"['剧情', '喜剧', '爱情', '家庭', '奇幻']",[''],[],[' 汉语普通话']
[' 哈萨克斯坦'],['Farkhat Sharipov'],['114'],[],"['Dulyga Akmolda', 'Yerzhan Tusupov']",['领导的秘密 The Secret of a Leader'],"['剧情', '家庭', '犯罪']",[''],[],[]
[' 中国大陆'],[],['43'],['03'],[],['淳爱'],['家庭'],[''],[],[' 汉语普通话']
[' 丹麦'],['Jannik Hastrup'],[],['03'],"['Magdalena Nonsgjogv Trantou', 'Tommy Kenter', 'Anne Marie Helger']","['Cirkeline, Coco og det vilde næsehorn']","['动画', '家庭']",[''],[],[' 丹麦语']
[' 斯里兰卡'],"['Asoka Handagama', 'Vimukthi Jayasundara', 'Prasanna Vithanage']",['116'],['02'],[],['她.他.别人 her. him. the other'],"['剧情', '家庭', '战争']",[''],[],[' 其他']
[' 印度'],['Venky Kudumula'],['120'],['02'],"['Rashmika Mandanna', 'Rajendran', '克利须那·穆拉里·波萨尼', 'Vennela Kishore', 'Naga Shaurya', 'Raghu Babu', 'Achyuth Kumar']",['恰露 Chalo'],"['剧情', '喜剧', '家庭']",[''],[],[' 泰卢固语']
[' 芬兰'],['Joona Tena'],[],['01'],"['Ella Jäppinen', 'Viljami Lahti', 'Essi Hellén', 'Eero Ritala', 'Arttu Wiskari', 'Tommi Korpela', 'Kari Hietalahti']",['Supermarsu'],"['家庭', '奇幻']",[''],[],[]
[' 中国大陆'],[],['75'],['01'],[],['有生的日子'],"['家庭', '犯罪']",[''],[],[' 汉语普通话']
[' 美国'],['加里·耶茨'],['84'],['01'],"['泰勒·科尔', '杰克·特纳', '鲁奇娅·伯纳德', 'Dewshane Williams', '克里斯汀·哈里斯', '碧·桑托斯', 'Eugene Baffoe', 'David Arial']",['冬日假期 One Winter Weekend'],"['剧情', '爱情', '家庭']",[''],[],[' 英语']
[' 中国大陆'],[],['85'],['01'],[],['寻亲路'],"['剧情', '家庭']",[''],[],[' 汉语普通话']
[' 中国大陆'],['李俊'],['61'],['01'],"['马德华', '姚锐', '李润华', '田原璐']",['慈爱的心'],"['剧情', '家庭']",[''],[],[' 汉语普通话']
[' 意大利'],['Sergio Manfio'],['85'],['01'],"['约翰尼·扬·博施', '谢拉米·李', 'Bryce Papenbrook', 'Faith Graham', 'Landen Beattie']",['蒙娜丽莎任务 Leo Da Vinci: Mission Mona Lisa'],"['动画', '家庭', '冒险']",[''],[],[' 英语']
[' 土耳其'],['Kivanç Baruönü'],[],['01'],"['Cem Yilmaz', '奥赞·居文']",['科幻豪杰总动员2 Arif V 216'],"['喜剧', '动作', '爱情', '科幻', '音乐', '歌舞', '家庭', '奇幻']",[''],[],[' 土耳其语']
[' 美国'],['Samuel Omole'],['90'],[],"['Jiree Jillyan Jones', 'Nicolas Cruz', 'Robyn Elise']",['Following Phil'],"['剧情', '家庭']",[''],[],[' 英语']
[' 中国大陆'],['段鹏'],['90'],[],['周月'],['一路阳光'],"['剧情', '家庭']",[''],[],[' 汉语普通话']
[' 美国'],"['Deven Bromme', 'Jason Campbell']",[],[],"['Mallory Bell', 'Nevaeh Brinkley', 'Deven Bromme', '迪恩·凯恩', 'Barry Michael Dailey', 'Sophia Devono', 'Alexis Elliot', 'Ava Fazalare', 'Timothy E. Goodwin', 'Noah Hamrick']",['Megan&#39;s Christmas Miracle'],['家庭'],[''],[],[' 英语']
[' 中国大陆'],['窦微'],['94'],[],"['雷俊', '张嗣诚  ']",['舞动吧！少年'],['家庭'],[''],[],[' 汉语普通话']
[' 挪威'],"['Arne Lindtner Næss', 'Aurora Gossé']",[],[],"['Janne Formoe', 'Markus Tønseth', 'Anna Celine Bredal', 'Hilde Lyrån', 'Oliver Dahl', 'Sigrun Enge']",['Karsten og Petra på skattejakt'],['家庭'],[''],[],[' 挪威语']
[' 中国大陆'],['刘家良'],[],[],"['传可馨', '同行', '刘颖', '邓耀文', '马晓侠']",['小年华'],"['剧情', '爱情', '家庭']",[''],[],[' 汉语普通话']
[' 英国'],['Roydon Turner'],['107'],[],"['杰西卡·布朗·芬德利', 'Cindy Okkers', 'Sven-Eric Muller']",['Iris Warriors'],"['剧情', '家庭', '奇幻']",[''],[],[' 英语']
[' 挪威'],['Gunnbjörg Gunnarsdóttir'],[],[],"['Maria Mørkrid', 'Mia Hjelte', 'Ola Wallinder']",['For Evig og Aldri'],"['剧情', '喜剧', '家庭']",[''],[],[' 挪威语 / 瑞典语 / 英语']
[' 美国'],['托尼·兰德尔'],['84'],['03'],"['Kurt Yaeger, John Henry Richardson, Walker Mintz']",['可恶的冒险 a-doggone-adventure'],"['剧情', '喜剧', '家庭', '冒险']",[''],[],[' 英语']
[' 中国大陆'],[],['45'],['04'],[],['失魂新娘'],"['家庭', '犯罪']",[''],[],[' 汉语普通话']
[' 中国大陆'],[],['45'],['04'],[],['迷情'],"['爱情', '家庭', '犯罪']",[''],[],[' 汉语普通话']
[' 菲律宾'],['RC Delos Reyes'],['105'],['12'],"['Toni Gonzaga', 'Alex Gonzaga', 'Sam Milby']","['玛丽，嫁给我 Mary, Marry Me']","['剧情', '喜剧', '家庭']",[''],[],[' 菲律宾语']
[' 美国'],['梅莉莉'],['21'],[],"['Lily Hong', 'Jeff Lee']",['Homecoming'],"['剧情', '家庭']",[''],[],[' 英语']
[' 克罗地亚Croatia / 斯洛文尼亚Slovenia'],['Nevio Marasovic'],[],[],"['Zlatko Buric', 'Natasa Janjic', 'Janko Popovic Volaric', 'Sara Hjort Ditlevsen']",['Comic Sans'],"['剧情', '喜剧', '家庭']",[''],[],[' 克罗地亚语Croatian / 英语']
[' 中国大陆'],['吴靖森'],[],[],"['玛利亚', '钟瑾桦', '唐贝诗', '廖骏雄', '李丽霞', '王绮琴', 'Polina Trofimova', '蔡尔雅', '黄威', '江璟儿', '冼家进', '苏家捷']",['花漾情缘'],"['喜剧', '家庭']",[''],[],[' 汉语普通话 / 粤语']
[' 美国'],['马克·沃特斯'],[],[],"['吉莉安·雅各布斯', '亚当·德维尼', '杰弗里·塔伯', '阿尔迪斯·霍吉', '科尔·桑德', 'J·J·托塔', '朗尼·查维斯']",['魔法训练营 Magic Camp'],"['喜剧', '家庭', '奇幻']",[''],[],[' 英语']
[' 美国'],[],[],[],[],['白雪公主 Snow White'],"['歌舞', '家庭', '奇幻']",[''],[],[' 英语']
[' 美国'],[],[],[],[],['飞飞鼠 Speedy'],"['家庭', '奇幻']",[''],[],[]
[' 美国'],[],[],[],[],['聪明的沃里 Where&#39;s Waldo?'],['家庭'],[''],[],[]
[' 丹麦'],['Nikolaj J. Faarup'],['85'],['12'],"['Ruth Angelica', 'Tomas Bo', 'Frederik Karlsen Ustrup', 'Lene Udsteed', 'Julie Svendsen']",['Martin og Bedstefar i Jullerup Færgeby'],"['喜剧', '家庭', '冒险']",[''],[],[' 丹麦语']
[' 美国'],['尼克·里昂'],['80'],['12'],"['金肖', 'Yohance Biagas Bey', 'Zakai Biagas Bey', 'Christopher Filanc', '特蕾莎·甘泽尔', 'Rachel Grate', 'Diana Hintergardt', 'Luke Jones', 'Kathryn Suzanne Kelly', '帕特里克·莱比奥托', '黛比·摩根', '西恩·帕特里克·汤玛斯', '尼科洛·汤姆']",['Rent-an-Elf'],['家庭'],[''],[],[' 英语']
[' 捷克'],['Jakub Smíd'],['103'],['05'],"['Jindrich Skokan', 'Julia Issa', 'Petra Spalková']",['很短的时间 Na krátko'],"['剧情', '家庭']",[''],[],[' 捷克语']
[' 瑞典'],['Jon Holmberg'],['89'],['11'],"['Fredrik Hallgren', 'Tea Stjärne', 'Sissela Benn', 'Pamela Cortes Bruna', 'Anders Eriksson', 'Elis Gerdt']",['Sune vs. Sune'],"['喜剧', '家庭']",[''],[],[' 瑞典语']
[' 中国大陆'],['邓宇澄'],['90'],['05'],"['罗天池', '张竣杰', '严丹彤']",['极限拯救'],"['动作', '悬疑', '家庭']",[''],[],[' 汉语普通话']
[' 印度尼西亚'],['Sattar Chamani Gol'],['96'],['09'],"['Saeed Dakh', 'Masoud Mohammadi', 'Ali Mohammad Radmanesh']",['Golnesa'],"['剧情', '家庭', '犯罪']",[''],[],[]
[' 新加坡'],"['尼尔·拉布特', 'Cody Broadway', '大卫·M·埃文斯']",['122'],['09'],"['陈邦鋆', '陈汉玮', 'Maohui Deng', 'Colin Farrell', 'Audrey Goh', 'Peiying Lu', '白薇秀', '郭妃丽', 'Joshua Tan', '郑秀珍', '王玉清', '向云', '张智扬']",['Oh! Squints III'],['家庭'],[''],[],[' 汉语普通话 / 英语']
[' 加拿大 Canada'],['Lolade Leigh-Thompson'],['94'],['08'],"['Ally Williams', 'Robert Notman', 'Lolade Leigh-Thompson']",['傻瓜快回来 Get the Sucker Back'],"['喜剧', '爱情', '家庭']",[''],[],[' 英语']
[' 丹麦 / 西班牙'],['Martin Miehe-Renard'],['90'],['06'],"['Laura Lavigné Bie-Olsen', 'Martin Brygmann', 'Maria Erwolter', 'Jannie Faurschou']",['四个孩子的父亲在阳光下 Far til fire i solen'],['家庭'],[''],[],[' 丹麦语']
[' 美国'],['里杰·沙基'],['82'],['06'],"['Christopher Romero', 'Myles Strampello']",['Concrete Kids'],"['剧情', '家庭', '儿童']",[''],[],[' 英语']
[' 中国大陆'],[],['47'],['05'],[],['净身出户'],['家庭'],[''],[],[' 汉语普通话']
[' 中国大陆'],['杜宜峰'],['69'],['04'],"['杜宜峰', '方秋娜']",['房之囧事'],"['剧情', '家庭']",[''],[],[' 汉语普通话']
[' 加拿大'],['Jennifer Westcott'],['60'],['11'],"['莫蕾娜·巴卡琳', '乔什·哈切森', '约翰·克立斯', '马丁·肖特', '杰夫·唐纳姆', '克里斯托弗·贾科特', '萨曼莎·比', '罗伯特·丁克勒', 'George Buza', 'Jean Yoon', '朱莉·勒米厄', 'Scott Farley', 'Carlos Bustamante', 'Steph Lynn Robinson', 'Carly Heffernan']",['小小驯鹿艾略特 Elliot the Littlest Reindeer'],"['动画', '家庭']",[''],[],[' 英语']
[' 瑞典'],['Ted Kjellsson'],['84'],['09'],"['Madeleine Barwén Trollvik', 'Richard Sseruwagi', 'Aliette Opheim', 'Henrik Ståhl', 'Ella Rae Rappaport']",['迷失太空 Ensamma i Rymden'],"['科幻', '家庭']",[''],[],[' 瑞典语']
[' 美国'],[],['89'],['11'],"['艾玛·雷恩·莉莉', 'Madison Horcher', '乔什·霍普金斯', '查瑞丝玛·卡朋特']",['邮购怪兽 Mail Order Monster'],"['剧情', '科幻', '家庭']",[''],[],[' 英语']
[' 中国大陆'],['张昆'],['102'],[],"['黄精一', '李桂清', '孙锡堃', '王铁柱', '刘浩闻', '孙鹏', '韦奕波', '李允傲', '谢子晨']",['荒草丛生'],"['剧情', '家庭']",[''],[],[' 汉语方言']
[' 中国大陆'],['张忠华'],['96'],[],"['杜旭光', '刘盼', '张新锋', '马银秀', '许小周', '陈骊山']",['树上有个好地方'],"['剧情', '喜剧', '家庭', '儿童']",[''],[],[' 汉语普通话']
[' 德国 / 比利时'],"['克里斯托弗·劳恩斯坦', '沃尔夫冈·劳恩斯坦']",['84'],['10'],"['亚历桑德娜·内尔德尔', '阿克西尔·普拉尔']",['萌宠特工队 Marnies Welt'],"['动画', '家庭', '冒险']",[''],[],[' 德语 / 英语']
[' 加拿大'],['Sébastien Pilote'],['96'],['11'],"['Karelle Tremblay', '皮尔-吕克·布里兰特', '弗朗索瓦·帕皮诺', 'Marie-France Marcotte', '吕克·皮卡德']",['再见萤火虫 La disparition des lucioles'],"['剧情', '家庭']",[''],[],[' 法语']
[' 德国'],['Joachim Masannek'],[],['05'],"['Peri Baumeister', '艾琳·特策尔', '汤姆·贝克', '克里斯托夫·玛丽亚·赫布斯特', '梅雷特·贝克尔', 'Aaron Kissiov', 'Malu Leicher']",['阳光小美女 Liliane Susewind'],"['剧情', '家庭', '奇幻']",[''],[],[' 德语']
[' 中国大陆'],['张浩野'],['111'],[],"['高捷', '符敏睿', '顾靖', '杨小意', '潘胤蜚', '刘桃', '武冠宇']",['灯塔'],"['剧情', '悬疑', '家庭']",[''],[],[' 汉语普通话']
[' 爱沙尼亚'],['Anu Aun'],['90'],['12'],"['Maria Annus', 'Robert Annus', 'Annabrith Heinmaa', 'Marvin Inno', 'Riho Kütsar', 'Liis Lemsalu']",['疯狂的圣诞节 Eia jõulud Tondikakul'],['家庭'],[''],[],[' 爱沙尼亚语']
[' 美国'],['Derek Savage'],['88'],[],"['薇薇卡·福克斯', 'Derek Savage', '埃里克·埃斯特拉德', '罗芙洛', 'Angel Hope', 'Connor Dean', 'Jessica R. Salazar', 'Laura McKenzie', 'Madison Marie Steinacker', 'Mikee Loria', '杰克·劳伦斯', 'Jennifer Kersey']",['Cool Cat Kids Superhero'],"['剧情', '喜剧', '动作', '恐怖', '家庭']",[''],[],[' 英语']
[' 台湾'],['张书伟'],['103'],['04'],[],['漂港'],"['剧情', '悬疑', '家庭']",[''],[],[' 闽南语 / 汉语普通话']
[' 多米尼加共和国 / 波多黎各'],['Raúl Camilo'],[],[],[],['Lo que siento por ti'],"['剧情', '家庭']",[''],[],[' 西班牙语']
[' 菲律宾'],['Joel Lamangan'],['110'],['12'],[],['Rainbow&#39;s Sunset'],"['剧情', '家庭']",[''],[],[' 菲律宾语']
[' 中国大陆'],['张杰'],['96'],['11'],"['刘子赫 ', '唐小然', '王东', '宋曌涵', '王佳琦', '黄利银', '刘姿琳']",['盲战'],"['剧情', '家庭']",[''],[],[' 汉语普通话']
[' 中国大陆'],"['张津龙', '王鹏']",['90'],"['06', '04']","['徐洁儿', '姜尘', '苗苗']",['出走的娜拉'],"['剧情', '爱情', '家庭']",[''],[],[' 汉语普通话']
[' 中国大陆'],['吕聿来'],['113'],['10'],"['耿乐', '齐溪', '吕星辰', '杨奇鸣', '陶灏景']",['桃源'],"['爱情', '家庭']",[''],[],[' 汉语普通话']
[' 中国大陆'],['李宝坤'],['75'],['12'],[],['超时空大冒险'],"['动画', '家庭', '冒险']",[''],[],[' 汉语普通话']
[' 英国'],['埃利奥特·赫加蒂'],['65'],['01'],"['汤姆·康特奈', '大卫·威廉姆斯', 'Kit Connor']",['爷爷大逃亡 Grandpa&#39;s Great Escape'],['家庭'],[''],[],[' 英语']
[' 加拿大'],['Eisha Marjara'],['95'],['09'],"['Debargo Sanyal', 'Jamie Mayers', '皮埃尔 - 伊夫·卡迪纳尔']",['女人来自金星 Venus'],"['剧情', '喜剧', '家庭']",[''],[],[' 英语']
[' 中国大陆'],['王育臣'],['45'],['09'],"['张植绿', '凌佩雯']",['家蛇'],"['爱情', '家庭', '奇幻']",[''],[],[' 汉语普通话 / 沪语']
[' 美国'],['莫妮卡·米切尔'],['84'],['11'],"['海莉·伯顿', '罗伯特·伯克利', '丹妮尔·阿克斯', '安托万·塔纳', '乔丹·莱德', '杰森·伦敦', '亨特·巴克', '特瑞·韦伯', '苏珊加拉赫', 'Ritchie Montgomery', 'Presley Richardson']",['圣诞契约 The Christmas Contract'],['家庭'],[''],[],[' 英语']
[' 美国'],['大卫·坎宁安'],['110'],['07'],"['瑞恩·波特', '马特·狄龙', '吉姆·卡维泽']",['为恩典而战 Running for Grace'],"['爱情', '家庭']",[''],[],[' 英语']
[' 中国大陆'],['郭宇'],['24'],['06'],['汪煜'],['池水干涸'],"['剧情', '家庭']",[''],[],[' 汉语普通话']
[' 美国'],['Antonio James'],['93'],['02'],"['Kennedy Lea Slocum', 'Torrei Hart', '莱斯特·斯派特', 'Ella Joyce', 'Sean McNabb', '约翰J.约克', 'Shiah Luna', 'Brian Carroll', 'Brittney Ayona Clemons', 'Cedric L. Williams', 'Michael J. Carter', 'Jose Roque', 'Michael Chubb', 'Bethani Radaker', 'Angela Noel']",['传世乐章 Resolution Song'],"['剧情', '家庭']",[''],[],[' 英语']
[' 日本'],['藤村享平'],['110'],"['09(日本)"">2018']","['棚橋弘至', '木村佳乃', '寺田心', '仲里依纱', '大泉洋']",['爸爸是坏人冠军 パパはわるものチャンピオン'],"['剧情', '家庭']",[''],[],[' 日语']
[' 厄瓜多尔'],"['巴勃罗·阿圭罗', 'Jamaicanoproblem']",['92'],[],"['Luis Felipe Fernandez-Salvador y Campodonico', 'Andrés Fernández-Salvador y Zaldumbide', 'Luis Felipe Fernández-Salvador y Bolona', 'Eugene Park', 'Ana Recarte-Pacheco', 'Jonah Kagen', 'Juliana Andreina Carbo Lozano', 'Diego Alirio Rodriguez Iglesias', 'Vladimir Rodriguez', 'Olmedo Toscano']",['他之子 Un hijo de hombre'],"['剧情', '家庭', '冒险']",[''],[],[' 西班牙语 / 英语 / 德语 / 克丘亚语']
[' 拉脱维亚'],['Davis Simanis Jr.'],['90'],['10'],"['Dainis Grube', 'Arturs Skrastins', 'Steffen Scheumann']",['转移者 Tēvs Nakts'],['家庭'],[''],[],[' 拉脱维亚语 / 德语 / 意第绪语']
[' 德国'],['卡罗莉内·林克'],['100'],['12'],"['Luise Heyer', '索恩克·莫宁', '迪安娜·安夫特']",['这个男孩必须被释放 Der Junge muss an die frische Luft'],"['剧情', '家庭', '传记']",[''],[],[' 德语']
[' 中国大陆'],['于大雄'],['88'],['10'],"['姜守志', '宋怡力']",['搭秋千的人'],"['剧情', '家庭']",[''],[],[' 汉语普通话']
[' 美国 / 澳大利亚'],['Cameron Nugent'],['92'],['04'],"['J·K·西蒙斯', '杰克·布塞', '诺尔·古格雷米', '卢·坦普尔', 'Lisa De Razzo', '伯纳德·库里', 'Patricia Kalis', 'Jamille James', '尼克·法内尔', 'Julian Atocani Sanchez', 'Addam Bramich', 'Miranda Skerman', 'Keanu Wilson', 'Zeyah Pearson', '杰西卡佩斯']",['一个叫小小船的男孩 A Boy Called Sailboat'],"['剧情', '喜剧', '家庭']",[''],[],[' 英语 / 西班牙语']
[' 俄罗斯'],"['罗伯特·伦塞', '阿列克谢·特斯蒂斯林', '刘凌峰']",['86'],['12'],[],['冰雪女王4：魔镜世界 The Snow Queen: Mirrorlands'],"['动画', '家庭', '奇幻', '冒险']",[''],[],[' 俄语']
[' 冰岛'],['Bragi Hinriksson'],['97'],['03'],"['约翰·G·约翰森', 'Baldur Björn Arnarsson', 'Viktor Benóný Benediktsson', 'Þórður Kalman Friðriksson', 'Óli Gunnar Gunnarsson', 'Egill Helgi Guðjónsson', 'Stefán Bogi Guðjónsson', 'Páll Steinar Guðnason', 'Gunnar Hansson', 'Arnar Harðarson', 'Sigurður Kári Harðarson', 'Ísey Heiðarsóttir', 'Katrín Ynja Hrafnkelsdóttir', 'Þórður Hólm Hálfdánarson']",['猎鹰队 Víti í Vestmannaeyjum'],"['剧情', '喜剧', '家庭', '运动']",[''],[],[' 冰岛语']
[' 美国'],['Teddy Smith'],['88'],['04'],"['C·托马斯·豪威尔', '卢·戴蒙德·菲利普斯', '杰森·伦敦']",['城乡抉择 Urban Country'],['家庭'],[''],[],[' 英语']
[' 巴西'],"[""Mauro D'Addio""]",['72'],['03'],"['卡乌昂·马丁斯', 'Marcio Magno', 'Igro Ozzy', 'Lara Boldorini']",['骑行之旅 On Wheels'],"['剧情', '家庭', '冒险']",[''],[],[' 葡萄牙语']
[' 中国大陆'],['林子'],['81'],['08'],"['曾小莲', '魏河清', '肖  杰', '桑国盛', '任禹禹']",['海上城市'],"['剧情', '家庭']",[''],[],[' 客家话']
[' 埃及'],['Mahmoud Karim'],['90'],['01'],"['Ramez Galal', 'Riham Hagag', 'Bayyumi Fuad']",['单身爸爸变装记 Raghda Motawahesha'],['家庭'],[''],[],[' 阿拉伯语']
[' 中国大陆'],['张宗元'],['100'],['10'],"['金子', '朱仲春', '秦汉擂', '刘童', '汤馨', '梁新展', '武歌']",['假装不正经'],"['剧情', '喜剧', '家庭', '儿童', '奇幻']",[''],[],[' 汉语普通话']
[' 中国大陆'],['吉米'],['83'],['07'],"['文卓', '祝愿', '梁证嘉', '陈霜', '陈俊亨', '李若侨']",['总裁别太坏之契约娇妻'],"['剧情', '爱情', '家庭']",[''],[],[' 汉语普通话']
[' 德国 / 卢森堡 / 丹麦'],"['克里斯托弗·劳恩斯坦', '沃尔夫冈·劳恩斯坦', '肖恩·麦克科马克']",['86'],['04'],"['Franciska Friede', 'Joey Guila']",['路易斯与外星人 Luis &amp; the Aliens'],"['喜剧', '科幻', '动画', '家庭', '冒险']",[''],[],[' 德语']
[' 中国大陆'],['陈设'],['77'],['06'],[],['魔镜奇缘2'],"['动画', '家庭', '冒险']",[''],[],[' 汉语普通话']
[' 中国大陆'],['林志辉'],['67'],['03'],"['李宁', '尤亦泽', '吴雨诺']",['心想事成杂货铺'],"['剧情', '爱情', '家庭', '奇幻']",[''],[],[' 汉语普通话']
[' 中国大陆'],['郑成飞'],['96'],['12'],"['郭常辉', '栗梅', '祁映诺', '高腾', '王晶熙', '孙聪', '史彬', '雯大王', '刘明明']",['二胎来了'],"['剧情', '喜剧', '家庭']",[''],[],[' 汉语普通话']
[' 中国大陆'],['林柏松'],['102'],['01'],"['乌日根', '周镯仪', '刘凌菱']",['半个月亮'],"['剧情', '家庭']",[''],[],[' 汉语普通话']
[' 加拿大'],['柯克·哈里斯'],['89'],['12'],"['洛拉·苏尔坦', '凯文·索伯', '斯特里奥·萨万特', '帕特里克·茂顿', '萨姆·索尔沃', '欧文·哈恩', '文森·德·保罗', 'Logan Allen', 'Jimel Atkins', '西恩·迈克尔·格洛里亚', 'Dahlia Legault', 'Braeden Sorbo', 'Lily Cardone', 'Stacey Spong', 'Darla Delgado']",['海豚伯尼 Bernie The Dolphin'],"['喜剧', '动作', '家庭']",[''],[],[' 英语']
[' 中国大陆'],['王益民'],['115'],['10'],"['沈浩', '卜提·阿尤蒂雅']",['爱在零纬度'],"['爱情', '家庭']",[''],[],[' 汉语普通话 / 印尼语']
[' 丹麦'],['Karsten Killerich'],['81'],['02'],[],['飞毯奇缘 Up and Away'],"['动画', '家庭']",[''],[],[' 丹麦语']
[' 美国'],['Josh Webber'],['89'],['11'],"['大卫·班纳', '罗宾·吉文斯', '罗梅罗·米勒', '卡鲁切·特兰', 'Brian White', '多里恩·威尔逊', '凯伦·阿伯克龙比']",['闻所未闻 Never Heard'],"['剧情', '家庭']",[''],[],[' 英语']
[' 中国大陆'],['杨慕杨'],['90'],['12'],"['李雨泽', '郭宪', '孔德逸']",['迟光'],"['剧情', '家庭']",[''],[],[' 汉语普通话']
[' 法国'],['黛安娜·克里斯'],['95'],['12'],"['芬妮·阿尔丹', 'Vianney', 'Patrick Chesnais']",['疯妈传奇 Ma mère est folle'],"['剧情', '喜剧', '家庭']",[''],[],[' 法语 / 英语 / 荷兰语 Dutch / 波斯尼亚语 Bosnian']
[' 美国'],['James Snider'],[],['11'],"['Thomas Freeley', 'Maria Petrano', 'Chen Tsung']","['噢，它是，圣诞驯鹿 Oh Deer, It&#39;s Christmas']",['家庭'],[''],[],[' 英语']
[' 美国'],['肖恩·欧森'],['89'],['05'],"['胡凯莉', '安古斯·麦克菲登', '泰勒·克里斯托弗', '克里斯蒂娜·考克斯', '特夏斯·巴特尔', '哈维·吉兰', '坎迪斯·欣克尔', '卢修斯·霍约斯', 'Reid Miller', '卡西米尔·乔莉特', 'Christian Beckman', 'Dale Gibson']",['机器人弗雷迪 F.R.E.D.I.'],"['科幻', '家庭']",[''],[],[' 英语']
[' 中国大陆'],['李健'],['20'],['07'],"['赵文明', '范雨彤', '王彩玲']",['只为找到你'],['家庭'],[''],[],[' 汉语普通话']
[' 韩国'],[],['75'],['03'],"['金秀安', '이정비', '최혁', '박찬영']",['运动会 운동회'],"['喜剧', '家庭']",[''],[],[' 韩语']
[' 美国'],['Jillian Clare'],[],['03'],"['Laura Krystine', 'Brisa Lalich, Jayden Bartels']",['舞动节拍 To The Beat!'],"['剧情', '喜剧', '歌舞', '家庭']",[''],[],[' 英语']
[' 英国 / 墨西哥'],['Andrés Couturier'],['97'],"['11(英国)"">2018']","['莉莉·柯林斯', '伊恩·麦柯肖恩', '托比·凯贝尔']",['来了一只发火的龙 Here Comes the Grump'],"['喜剧', '动画', '家庭', '奇幻', '冒险']",[''],[],[]
[' 以色列'],"['Aviad Givon', 'Imri Matalon']",['104'],['08'],"['希拉·哈斯', '伊弗塔赫·克莱恩', 'Renana Raz', 'Yoav Rotman', 'Liora Rivlin']",['Broken Mirrors'],"['剧情', '家庭']",[''],[],[' 希伯来语']
[' 中国大陆'],['冯桂莲'],['93'],['02'],"['谢天成', '陈皓', '尹广誉', '张俊杰', '杨文宇', '王一帆', '黄梓俊', '杨小米', '曲海峰', '杨悦']",['莫名我就喜欢你'],"['剧情', '家庭']",[''],[],[' 汉语普通话']
[' 中国大陆'],['彭子凡'],['66'],['05'],"['任帅', '韩靖', '姚瑞']",['北风之歌'],"['剧情', '家庭', '儿童']",[''],[],[' 汉语普通话']
[' 德国'],"['Sedat Kirtan', 'Kubilay Sarikaya']",['92'],['05'],"['Arnel Taci', 'Violetta Schurawlow', 'Kubilay Sarikaya']",['家庭 Familiye'],"['剧情', '家庭', '犯罪']",[''],[],[' 德语']
[' 中国大陆'],['刘亚洲'],['85'],['03'],['崔团结 王宁 计彬'],['我要找到你'],"['家庭', '犯罪']",[''],[],[' 汉语普通话']
[' 中国大陆'],['薛志鹏'],['96'],[],"['陈月末', '周波', '唐伟鹏', '田一希']",['秦·火'],"['剧情', '家庭', '戏曲']",[''],[],[' 汉语普通话']
[' 越南'],['落合贤'],[],['12'],"['凯蒂阮', '泰和']","['爸爸的灵魂女儿的皮肤 Hồn papa, Da con gái']","['喜剧', '家庭']",[''],[],[]
[' 中国大陆'],['袁一木'],[],['12'],"['刘嘉程', '姚建峰', '周梦瑶', '韩美轩', '陈秀君']",['娘，俺要上学'],"['剧情', '家庭']",[''],[],[' 汉语普通话']
[' 美国'],['David Jay Willis'],['100'],['12'],"['阿蒂库斯·沙弗尔', '妮可·沙利文', 'Juliette Angelo']",['我在隔壁过圣诞 I&#39;ll Be Next Door for Christmas'],"['喜剧', '家庭']",[''],[],[' 英语']
[' 美国'],['Simón Wilches'],['27'],['11'],"['阿伦·阿尔达', '杰夫·丹尼尔斯', '约翰·厄尔利', '蒂姆·海德克', 'Matt Hobby', '艾丽森·皮尔', '加伯里艾尔·圣迪']",['皇帝的新装 The Emperor&#39;s Newest Clothes'],"['喜剧', '动画', '歌舞', '家庭', '奇幻']",[''],[],[' 英语']
[' 美国'],['Jason Murphy'],['91'],['03'],"['Mischa Barton', 'Stephen Tobolowsky', 'Austin St. John']",['怪兽在逃 Monsters at Large'],['家庭'],[''],[],[' 英语']
[' 美国'],['Ari Novak'],[],['06'],"['萨拉·弗莱彻', 'Russell Bradley Fenton', '理查德·里尔', '杰·摩尔', 'Joe Anderson', 'Amy McFadden', 'Paul Burton Wilson', 'Nancy Wagner', 'Greg Rogers', 'Rachel Struble', '迈克尔·希罗']",['狗崽队 PupParazzi'],['家庭'],[''],[],[' 英语']
[' 日本'],['宅间孝行'],[],['10'],"['仓科加奈', '市原隼人']",['相合伞 あいあい傘'],"['剧情', '家庭']",[''],[],[' 日语']
[' 美国'],['布赖德·埃利奥特'],['80'],['01'],"['Paula Niedert Elliott', '克里斯·艾略特', '艾比·艾略特']",['克拉拉幽魂 Clara&#39;s Ghost'],"['剧情', '喜剧', '家庭']",[''],[],[' 英语']
[' 中国大陆'],['张桥梁'],['90'],[],"['杨鸿宇', '赵亚男', '杨云']",['不得不走'],"['剧情', '家庭', '儿童']",[''],[],[' 汉语四川话']
[' 中国大陆'],['陆诗雨'],['89'],['11'],"['刘未晞', '贾承凯', '周金凤', '刘真佑', '宁文彤', '姚增强', '彭波']",['奶奶的家'],"['剧情', '家庭']",[''],[],[' 汉语普通话']
[' 菲律宾'],['Maricel Cariaga'],['103'],['08'],"['阿诺德雷·耶斯', '苏·普拉多', '米科·劳伦特', '米尔·埃斯皮诺萨', '阿方索·伊尼戈·德伦']",['七袋米 Pitong kabang palay'],"['剧情', '家庭', '儿童']",[''],[],[' 菲律宾语']
[' 中国大陆'],['郭宇'],['24'],['06'],['汪煜'],['池水干涸'],"['剧情', '家庭']",[''],[],[' 汉语普通话']
[' 中国大陆'],['康正昊'],['90'],['05'],"['孙海英', '余男', '康正昊', '雷恪生', '戴军']",['寻人奇事'],"['剧情', '家庭']",[''],[],[' 汉语普通话']
[' 美国'],['Eric Champnella'],['76'],['06'],"['Andrew Rush', '艾娃·阿卡雷斯 Ava Acres', 'Siena Agudong', 'Kennedy Anthony', 'Julia Antonelli']",['亚历克丝和我 Alex &amp; Me'],['家庭'],[''],[],[' 英语']
[' 美国'],"['Denny Lu', 'Mike Myhre', 'Jim Miller']",['44'],['10'],"['塔拉·斯特朗', '安德莉亚·利布曼', '阿什莉·鲍尔', '塔比莎·杰曼', '凯西·薇瑟乐克', '约翰·德·兰西', '山姆·文森特', '加里·切克', 'Meaghan Hommy', '史葛·麦克尼尔', 'Ingrid Nilson', 'Sean Thomas', '安德鲁·弗朗西斯', '布瑞特·麦考利普', 'Alison Wandzura', 'Asia Mattu', 'Rebecca Shoichet', 'Kazumi Evans', '珊农·陈-肯特']",['我的小马驹：2018圣诞特辑 My Little Pony: Best Gift Ever'],"['喜剧', '动画', '歌舞', '家庭']",[''],[],[' 英语']
[' 日本'],['奥山大史'],['76'],['09'],"['佐藤结良', '大熊理树', '查德·穆莱恩', '木引优子', 'ただのあっ子', '二瓶鲛一', '秋山建一', '大迫一平', '北山雅康', '佐伯日菜子']",['我讨厌耶稣 僕はイエス様が嫌い'],"['剧情', '家庭', '儿童']",[''],[],[' 日语']
[' 美国'],['Anna Elizabeth James'],[],['08'],"['丹妮丝·理查兹', '玛德琳·卡罗尔', '约瑟夫·劳伦斯 Joseph Lawrence', '卡西·汤普森 Cassi Thomson', '尼克·西塞 Nick Searcy', 'Amber Frank', 'Grace Johnston', 'Manolo Gonzalez Vergara', '奥莉维亚·乔丹', 'Joshua Marble']",['骏马开心果 Pistachio'],"['家庭', '冒险']",[''],[],[' 英语']
[' 法国'],['让-保罗·卢弗'],[],['11'],"['露德温·塞尼耶', '何塞·加西亚', '让-保罗·卢弗', '朗齐·贝迪亚', 'Pauline Clément']",['三兄妹 Lola et ses frères'],"['剧情', '喜剧', '家庭']",[''],[],[' 法语']
[' 中国大陆'],['黄一丹'],['24'],['06'],"['蒲冰墨', '焦妮']",['她们'],['家庭'],[''],[],[' 汉语普通话']
[' 美国'],['Assaf Ben Shetrit'],['97'],['02'],"['迪兰·科宁', '霍莉·范恩', 'Cassi Colvin', 'Shaughn Buchholz', 'Batia Parnass', 'Cat Ventura', 'Ben Wise']",['物质元素 elements-of-matter'],"['喜剧', '爱情', '家庭']",[''],[],[' 英语']
[' 中国大陆'],['赵云峰'],['112'],['04'],"['唐真华', '唐通', '许红玲', '大炮', '宾刷刷']",['来不及拥抱'],"['剧情', '喜剧', '爱情', '家庭']",[''],[],[' 汉语普通话']
[' 印度 India'],['Tejas Vijay Deoskar'],['150'],['05'],"['玛杜丽·迪克西特', 'Renuka Saha', 'Krutika rao']",['遗愿清单 Bucket List'],"['剧情', '喜剧', '爱情', '家庭']",[''],[],[' 马拉地语Marathi']
[' 美国'],['Clare Niederpruem'],['132'],['09'],"['莉·汤普森', '卢卡斯·格拉比', '伊恩·鲍汉', 'Melanie Stone', 'Allie Jennings', 'Stuart Edge', 'Elise Jones']",['小女人 Little Women'],"['剧情', '家庭']",[''],[],[' 英语']
[' 白俄罗斯'],['Вячеслав Никифоров'],[],['01'],"['Артём Венгерович', 'Даша Киреева', 'Валерия Арланова', 'Павел Южаков-Харланчук', 'Ольга Клебанович', 'Алексей Шедько', 'Сергей Чекерес', 'Денис Барановский', 'Виолетта Руднева', 'Владимир Денисов', 'Юрий Дормидонтов', 'Сергей Шахов']",['寻亲记 Тум-Паби-Дум'],"['剧情', '家庭', '儿童']",[''],[],[' 俄语']
[' 印度尼西亚'],['Yandy Laurens'],['110'],['11'],"['Ringgo Agus Rahman', '妮丽娜.祖碧尔', 'Adhisty Zara', 'Widuri Sasono']",['爱之屋 Keluarga Cemara'],"['剧情', '家庭']",[''],[],[' 印尼语']
[' 美国 / 加拿大 Canada'],"['Ishi Rudell', 'Katrina Hadley']",['44'],['07'],"['阿什莉·鲍尔', '安德莉亚·利布曼', 'Rebecca Shoichet', '塔比莎·杰曼', '塔拉·斯特朗', '泰根·摩斯', '詹姆斯·柯克', '山姆·文森特', '史葛·麦克尼尔', 'Richard Newman', 'Kazumi Evans']",['小马国女孩 一波三折的友谊 My Little Pony Equestria Girls: Rollercoaster of Friendship'],"['剧情', '动画', '歌舞', '家庭', '奇幻']",[''],[],[' 英语']
[' 美国'],['乔治·塞拉菲尼'],[],[],[],['Search and Rescue'],"['剧情', '动作', '家庭', '冒险']",[''],[],[' 英语']
