地区,导演,时长,月份,演员,电影名,类型,评分,评论数,语言
[' 中国大陆 / 香港'],['林超贤'],['138'],['02'],"['张译', '黄景瑜', '海清', '杜江', '蒋璐霞', '尹昉', '王强', '郭家豪', '王雨甜', '麦亨利', '张涵予', '王彦霖']",['红海行动'],"['动作', '战争']",['8.3'],['672134'],[' 汉语普通话 / 阿拉伯语 / 英语 / 索马里语 / 粤语']
[' 韩国'],['姜炯哲'],['133'],['12'],"['都暻秀', '朴慧秀', '吴政世', '金民浩', '朴真珠', '白仁权', '杰瑞德·格里姆斯', '罗斯·凯特尔']",['摇摆狂潮 스윙키즈'],"['剧情', '歌舞', '战争']",['8.2'],['25465'],[' 韩语']
[' 中国大陆'],['李芳芳'],['138'],['01'],"['章子怡', '黄晓明', '张震', '王力宏', '陈楚生', '铁政', '祖峰', '米雪', '王盛德', '韩童生', '王鑫', '郑铮', '章泽天', '黄梦莹', '林美秀', '保罗·菲利普·克拉克', '胡家华', '伊娜', '吴谨言', '纪帅', '王天泽', '伍麟凯', '都金翰']",['无问西东'],"['剧情', '爱情', '战争']",['7.6'],['496411'],[' 汉语普通话']
[' 俄罗斯'],['阿列克赛·西多洛夫'],['139'],['12'],"['亚历山大·佩特罗夫', '文森兹·凯弗', '维克多·多勃朗拉沃夫', '伊琳娜·斯达申鲍姆', '谢苗·特列斯库诺夫', '尤利斯·鲍里索夫', '阿尔焦姆·贝斯特罗夫', '约书亚·格罗斯', '伊格·克里普诺夫', '彼得·斯科沃尔佐夫']",['T-34坦克 T-34'],"['动作', '历史', '战争']",['7.6'],['8895'],[' 俄语']
[' 俄罗斯'],['阿列克谢·费多尔琴科'],['74'],['01'],['Marta Kozlova'],['安娜的战争 Война Анны'],"['剧情', '战争']",['7.5'],['85'],[' 波兰语']
[' 荷兰'],['约兰·吕尔森'],['123'],['03'],"['雅各布·德威格', '巴里·阿茨玛', '福克琳·欧沃凯尔克', '皮埃尔·波克玛', '雷蒙德·提哈瑞', '马德奥·范·德·格里恩', '雅普·斯派克斯']",['银行家的抵抗 Bankier van het Verzet'],"['剧情', '战争']",['7.3'],['708'],[' 荷兰语']
[' 美国 / 爱尔兰 / 法国 / 加拿大'],['Richard Lanni'],['84'],['04'],"['海伦娜·伯翰·卡特', '罗根·勒曼', '热拉尔·德帕迪约']",['斯塔比中士：一个美国英雄 Sgt. Stubby: An American Hero'],"['动画', '历史', '战争', '冒险']",['7.2'],['212'],[' 英语']
[' 西班牙'],['玛·塔尔加纳'],['110'],['10'],"['马里奥·卡萨斯', '理查德·范·韦登', '阿兰·埃尔南德斯', '阿德里亚·萨拉查', '爱德华·布赫', '斯特凡·韦纳特', '弗兰克·费斯', '卢卡·佩洛斯', '玛卡蕾娜·戈麦斯', '丹尼斯·乌伊洛基', '玛丽安·科奇什']",['集中营里的摄影师 El fotógrafo de Mauthausen'],"['传记', '历史', '战争']",['7.2'],['659'],[' 西班牙语']
[' 美国'],['马修·海涅曼'],['110'],"['09', '11', '11']","['裴淳华', '詹米·多南', '汤姆·霍兰德', '斯坦利·图齐', '安东尼萨桑·杰苏萨桑']",['私人战争 A Private War'],"['剧情', '传记', '战争']",['7.1'],['5222'],[' 英语']
[' 英国 / 中国大陆 / 美国'],['多诺万·玛什'],['122'],['10'],"['杰拉德·巴特勒', '托比·斯蒂芬斯', '加里·奥德曼', '科曼', '琳达·卡德里尼', '米哈伊尔·戈尔沃伊', '迈克尔·吉普森', '邓普希·博弗尔', '克里·约翰逊', '亚当·詹姆斯', '亨利·古德曼', '科林·斯廷顿', '卡特·麦金太尔', '施恩·泰勒', '米基·柯林斯', '威尔·阿滕伯勒', '大卫·吉雅西', '吴国耀', '泰勒·约翰·史密斯', '加布里埃尔·查瓦里亚', '柯斯莫·贾维斯', '迈克尔·特鲁科', '雷恩·麦帕林', '赞恩·霍尔茨', '尤里·科洛科利尼科夫', '伊戈尔·日日金', '伊利亚·沃里克', 'Hristo Mitzkov', '迈克尔·恩奎斯特', '卡罗琳·古多尔', '大卫·叶兰德', '斯图尔特·米里根', '李·阿斯奎斯-柯', '西奥·巴克利姆-比格斯', '内森·库珀', '迪诺·法赞尼', '所罗门·塔伊沃·贾斯提费尔德', '马里安·洛伦西克', '贾森·马修森', '伯纳多·桑托斯', '阿塔纳斯·斯雷布雷夫']",['冰海陷落 Hunter Killer'],"['动作', '战争']",['6.7'],['11737'],[' 英语']
[' 美国'],['尼科莱·弗格西格'],['130'],['01'],"['克里斯·海姆斯沃斯', '迈克尔·珊农', '迈克尔·佩纳', '纳维德·内加班', '崔凡特·罗兹', '吉欧夫·斯图兹', '萨德·拉金比尔', '奥斯汀·赫伯特', '奥斯汀·斯托维尔', '本·奥图尔', '肯尼斯·米勒', '肯尼·谢尔德', '杰克·凯西', '罗伯·里格尔', '威廉·菲德内尔', '阿希亚·曼达维', '埃尔莎·帕塔奇', '玛丽·瓦根曼', '劳伦·迈尔斯', '阿利森·金', '莱斯·纳克里', '法希姆·法兹利', '纽曼·阿卡', '塞斯·艾德金斯', '泰勒·谢里丹']",['12勇士 12 Strong'],"['剧情', '历史', '战争']",['6.7'],['13137'],[' 英语 / 俄语 / 西班牙语 / 乌兹别克语 / 达里语']
[' 美国 / 加拿大'],['朱利叶斯·艾弗里'],['110'],"['09', '11']","['约翰·艾德坡', '怀亚特·罗素', '马蒂尔德·奥利维耶', '皮鲁·埃斯贝克', '约翰·马加罗', '伊恩·德·卡斯泰克', '雅各布·安德森', '多米尼克·阿普尔怀特', '博基姆·伍德拜因', '恩里奇·雷德曼', '马克·麦克肯纳', '海莉·卡迈克尔', '米迦勒·埃普', '罗斯·汤姆林森', '本·特瓦索里', '安迪·韦勒姆', '帕特里克·布拉莫尔', '肖恩·狄克逊', '豪尔赫·莱昂·马丁内斯', '伊娃·马格亚']",['霸主 Overlord'],"['动作', '科幻', '恐怖', '战争']",['6.5'],['14004'],[' 英语 / 俄语 / 法语 / 德语']
[' 俄罗斯'],['迪米特里·图灵'],['98'],['02'],"['Kristina Brodskaya', '叶莲娜·利亚多娃', 'Alexander Korshunov']",['激战阵线 Рубеж'],"['科幻', '战争']",['6.4'],['73'],[' 俄语']
[' 马来西亚 Malaysia'],['郑建国'],['115'],['09'],"['Hairul Azreen', 'Ammar Alfian', 'Jasmine Suraya Chin', '许亮宇', 'Hafizul Kamal']",['海军特种作战部队 Paskal'],"['动作', '战争']",['6.4'],['227'],[' 马来语 Bahasa Melayu / 汉语普通话 / 英语']
[' 英国'],['阿马·阿桑特'],['122'],['09'],"['阿曼德拉·斯坦伯格 ', '艾比·考尼什', '乔治·麦凯', '克里斯托弗·埃克莱斯顿', '汤姆·古德曼-希尔', '亚力克·纽曼', '威尔·阿滕伯勒', '丹尼尔·韦曼', '汤姆·斯威特']",['触碰的双手 Where Hands Touch'],"['剧情', '爱情', '战争']",['6.4'],['62'],[' 英语']
[' 俄罗斯'],['康斯坦丁·哈宾斯基'],['110'],['04'],"['康斯坦丁·哈宾斯基', '克里斯多弗·兰伯特', '玛利亚·科热夫尼科娃', '米卡丽娜·欧赞思佳', '菲利普·莱因哈特', '沃尔夫冈·塞尔尼']",['索比堡 Собибор'],"['历史', '战争']",['6.3'],['382'],[' 俄语']
[' 英国 / 波兰'],['戴维·布莱尔'],['107'],['09'],"['伊万·瑞恩', '米洛·吉布森', '斯蒂芬妮·马蒂尼', '马辛·多洛辛斯基', '克里斯托弗·哈德克', '丹·柏曼', '拉裴尔·德普雷', 'Michel Diercks', '尼古拉斯·法瑞尔', '萨姆·霍尔', '拉多斯劳·凯姆', '迈尔斯·基奥治', '斯图尔特·帕克', '罗伯特·波特尔', '阿德里安·扎仁巴']",['飓风行动 Hurricane'],"['剧情', '战争']",['6.1'],['1251'],[' 英语 / 波兰语 / 德语']
[' 土耳其'],['Çagatay Tosun'],[],['04'],"['Burak Özçivit', 'Kerem Bürsin', 'Melike Yalova', 'Süleyman Karaahmet', 'Sabahattin Yakut']",['捐躯 Can Feda'],"['动作', '战争']",['6.1'],['101'],[' 土耳其语']
[' 俄罗斯'],['康斯坦京·马克西莫夫'],['90'],['10'],"['安德烈·切尔内绍夫', '弗拉基米尔·叶皮凡采夫', '奥列格·福明']",['坚不可摧 Несокрушимый'],"['剧情', '历史', '战争']",['6.1'],['368'],[' 俄语 / 德语']
[' 日本'],['吉沢俊一'],['90'],['11'],"['榎木淳弥', '村中知', '松浦爱弓', '梅原裕一郎', '村濑步', '古川慎', '盐田朋子', '寺杣昌纪', '中井和哉', '山路和弘', '星野贵纪', '佐藤せつじ', '驹田航', '荒井勇树', '岛田岳洋', '玉野井直樹', '中村文徳', '横沟菜帆']",['机动战士高达NT 機動戦士ガンダム NT（ナラティブ）'],"['科幻', '动画', '战争']",['6.0'],['750'],[' 日语']
[' 日本'],['吉沢俊一'],['90'],['11'],"['榎木淳弥', '村中知', '松浦爱弓', '梅原裕一郎', '村濑步', '古川慎', '盐田朋子', '寺杣昌纪', '中井和哉', '山路和弘', '星野贵纪', '佐藤せつじ', '驹田航', '荒井勇树', '岛田岳洋', '玉野井直樹', '中村文徳', '横沟菜帆']",['机动战士高达NT 機動戦士ガンダム NT（ナラティブ）'],"['科幻', '动画', '战争']",['6.0'],['752'],[' 日语']
[' 中国大陆'],['石桀锐'],['107'],['05'],"['苑乔', '张峰', '齐超']",['烽火逐金'],"['剧情', '战争']",['5.8'],['449'],[' 汉语普通话']
[' 美国'],['本·列文'],['98'],"['01', '06']","['保罗·路德', '盖·皮尔斯', '保罗·吉亚玛提', '杰夫·丹尼尔斯', '西耶娜·米勒', '真田广之', '吉安卡罗·吉安尼尼', '马克·斯特朗', '汤姆·威尔金森', '康妮·尼尔森', '谢伊·惠格姆']",['接球手间谍 The Catcher Was a Spy'],"['剧情', '传记', '战争']",['5.6'],['253'],[' 英语']
[' 波蘭'],['Denis Delic'],['99'],['08'],"['Cara Theobold', 'Andrew Woodall', 'Anna Prus']",['303中队 Dywizjon 303'],"['剧情', '战争']",['5.2'],['83'],[' 英语']
[' 美国'],['David G. Evans'],[],['10'],"['Justin Bruening', 'Sarah Drew', 'Jason George']",['心有灵犀 Indivisible'],"['剧情', '战争']",['5.2'],['86'],[' 英语']
[' 加拿大'],['Aaron Kurmey'],['91'],['05'],"['Adam Munro', 'Kirsten Wendlandt', 'Gin Fedotov', 'Michael Dodge', 'Kelten Jensen', 'Christopher Giles', 'Mathieu Bourassa', 'Kelsey Flower']",['千码凝视 Thousand Yard Stare'],['战争'],['5.1'],['92'],[' 英语']
[' 法国 / 比利时 / 格鲁吉亚 / 瑞士'],['伊娃·于颂'],['115'],['05'],"['格什菲·法拉哈尼', '艾玛纽尔·贝克特', 'Zübeyde Bulut', 'Sinama Alievi', 'Mari Semidovi', 'Roza Mirzoiani', 'Zinaida Gasoiani', 'Maia Shamoevi', 'Nia Mirianashvili', 'Evin Ahmad', 'Zirek', 'Erol Afsin', 'Nuka Asatiani', '贝希·贾纳蒂·阿泰', 'Adik Bakoni']",['太阳之女 Les filles du soleil'],"['剧情', '战争']",['5.0'],['92'],[' 法语 / 库尔德语 / 英语 / 阿拉伯语']
[' 菲律宾'],['杰罗尔德·塔罗'],['155'],['09'],"['帕奥罗·艾夫力诺', '蒙·康菲多', 'Jeffrey Quizon']",['青年将军高约 Goyo: Ang Batang Heneral'],"['剧情', '战争']",['4.4'],['116'],[' 菲律宾语']
[' 菲律宾'],['杰罗尔德·塔罗'],['155'],['09'],"['帕奥罗·艾夫力诺', '蒙·康菲多', 'Jeffrey Quizon']",['青年将军高约 Goyo: Ang Batang Heneral'],"['剧情', '战争']",['4.4'],['116'],[' 菲律宾语']
[' 中国大陆'],"['高峰', '张馨']",['100'],['08'],"['卢秋宏', '何达', '郑昊', '杨俊生', '张永达', '冯恩鹤', '祝希娟', '马晓伟']",['浴血广昌'],"['历史', '战争']",['4.2'],['947'],[' 汉语普通话']
[' 美国'],['Steven Luke'],['85'],"['02', '10']","['汤姆·贝伦杰', 'Steven Luke', 'Mikeal Burgin', 'Aaron Courteau']",['仙境 Wunderland'],"['历史', '战争']",['4.1'],['136'],[' 英语']
[' 美国'],['Rob Pallatina'],['88'],['11'],"['Tom Sizemore', 'Dominique Swain', 'Anthony Jensen']",['大君主行动：纳粹死亡实验 Nazi Overlord'],"['动作', '科幻', '悬疑', '惊悚', '恐怖', '战争']",['3.8'],['85'],[' 英语']
[' 中国大陆'],['崔俊杰'],['92'],['04'],"['王龙', '张家豪', '成红', '毛毛', '杨树林', '宋晓峰', '关婷娜', '文松', '王金龙', '孙小飞']",['彪哥闯奉天之做梦没想到'],"['剧情', '喜剧', '战争']",['3.5'],['179'],[' 汉语普通话']
[' 中国大陆'],['宁海强'],['96'],"['11', '06']","['徐洪浩', '一龙', '彭士腾', '沈浩', '王韬', '聂远', '曹凯', '王强', '郑卫莉', '伊莉莎', '达丽雅', '一二先生', '尚', '蔡明凯', '龙天', '穆雷克']",['中国蓝盔'],"['剧情', '动作', '战争']",['3.5'],['4518'],[' 汉语普通话']
[' 中国大陆'],['韩杰'],['68'],['03'],"['黄轩', '范明', '张辛苑', '李滨']",['玩世英雄'],"['剧情', '喜剧', '战争', '奇幻']",['3.1'],['1322'],[' 汉语普通话']
[' 中国大陆'],['萧锋'],['132'],['10'],"['刘烨', '布鲁斯·威利斯', '宋承宪', '陈伟霆', '范伟', '马苏', '车永莉', '吴刚', '冯远征', '张钧甯', '耿乐', '谢霆锋', '范冰冰', '陈道明', '艾德里安·布洛迪', '雷佳', '涩谷天马', '张帆', '任达华', '吕良伟', '胡兵', '黄海冰', '拉莫·威利斯', '刘晓庆', '曹可凡', '黄圣依', '钟镇涛', '爱新觉罗·启星', '汪东城']",['大轰炸'],"['动作', '战争']",['2.7'],['8787'],[' 汉语普通话 / 英语']
[' 意大利'],['Maximiliano Hernando Bruno'],['150'],['11'],"['Francesca Amodio', 'Enrico Bergamasco', 'Valentina Bivona', 'Vincenzo Bocciarelli', 'Eleonora Bolla', 'Vittorio Boscolo', 'Leopoldo Bottero', 'Paolo Braghetto', 'Maximiliano Hernando Bruno', '桑德拉·切卡莱利', '杰拉丁·卓别林', '弗兰科·内罗', ' 迭戈·帕格托']",['血色大地 Rosso Istria'],"['剧情', '战争']",[''],[],[' 意大利语']
[' 中国大陆'],[],[],[],[],['飞虎队'],['战争'],[''],[],[]
[' 中国大陆'],['郎玉林'],[],[],[],['西沙风云'],"['剧情', '历史', '战争']",[''],[],[' 汉语普通话']
[' 美国'],['菲利普·诺伊斯'],[],[],[],['恶魔部队 The Devil&#39;s Brigade'],['战争'],[''],[],[' 德语']
[' 南非 South Africa'],['Johannes Ferdinand Van Zyl'],['120'],[],"['格雷格·克列克', 'Christia Visser', '莫里斯·卡佩德', 'Marius Weyers', 'Elsabé Daneel', 'Albert Maritz', 'Sonni Chidiebere', '格兰特·斯旺比', 'Terrence Maloyi']",['侦察兵 The Recce'],"['剧情', '动作', '战争']",[''],[],[' 南非语 Afrikaans / 英语']
[' 俄罗斯'],['Aleksandr Aravin'],['94'],[],"['Igor Petrenko', 'Alexei Vertkov', 'Aleksei Shevchenkov']",['Решение о ликвидации'],"['剧情', '动作', '惊悚', '战争']",[''],[],[]
[' 伊朗'],['Payman Maadi'],[],['02'],[],['轰炸 بمب؛ یک عاشقانه'],"['剧情', '战争']",[''],[],[' 波斯语']
[' 英国'],"['洛克·索特', '肖恩·克罗宁']",['90'],['11'],"['肖恩·克罗宁', 'Jo Stone-Fewings', 'Sarina Taylor']",['十一天 Eleven'],"['剧情', '战争']",[''],[],[' 英语']
[' 美国'],['Abishek J. Bajaj'],[],['05'],"['Valerie Bentson', '莎拉·鲍尔', '丹·雷诺兹', ""Eoin O'Brien"", 'Peter Alan Lloyd']",['M.I.A. A Greater Evil'],"['悬疑', '惊悚', '战争']",[''],[],[]
[' 美国'],[],[],[],['本尼迪克特·康伯巴奇'],['战争魔术师 The War Magician'],['战争'],[''],[],[' 英语']
[' 美国'],['西尔维斯特·史泰龙'],[],[],"['西尔维斯特·史泰龙', '亚当·德赖弗']",['坚不可摧 Tough as They Come'],"['剧情', '动作', '传记', '战争']",[''],[],[' 英语']
[' 澳大利亚'],['Storm Ashwood'],['90'],[],"['费拉斯·迪拉尼', '丽纳·欧文', 'Hugh Sheridan', 'Josh McConville', '史蒂芬·李·马奎德', '邦妮斯文', 'Jessi Robertson']",['逃离 Escape and Evasion'],"['剧情', '战争']",[''],[],[' 英语']
[' 摩爾多瓦'],['Natalia Shaufert'],['95'],['04'],"['Dana Ciobanu', 'Anatol Durbalã', 'Mircea Marco']",['怨恨 Resentment'],"['剧情', '战争']",[''],[],[' 罗马尼亚语']
[' 中国大陆'],['范博'],['60'],['09'],"['申珈伊', '刘一诺', '张子航']",['上海滩之密电风云'],"['动作', '战争']",[''],[],[' 汉语普通话']
[' 香港'],['Craig McCourry'],['108'],"['08(香港电影资料馆)"">2018']","['Harry Oram', 'Lydia Lee Tang', 'Ashley Leung']",['1941的圣诞 Christmas at the Royal Hotel'],"['剧情', '历史', '战争']",[''],[],[' 英语']
[' 葡萄牙'],['贡卡洛·加尔沃特·特雷斯'],['85'],['04'],"['Miguel Borges', 'Carminho Coelho', '约翰·尤海斯']",['百万将士 Soldado Milhões'],"['剧情', '战争']",[''],[],[' 葡萄牙语']
[' 中国大陆'],['王沛璋'],[],['06'],"['李秋凉', '高嵩', '赵琦', '杨辉']",['借箭'],"['历史', '战争']",[''],[],[' 汉语普通话']
[' 中国大陆'],['徐洋'],['87'],[],"['赵麒', '刘一莹', '孙岩', '王奇']",['四十日夜'],"['剧情', '战争']",[''],[],[' 汉语普通话']
[' 比利时 / 法国 / 德国'],['Joel Karekezi'],['91'],['09'],"['马克·泽戈', '斯特凡·巴克']",['丛林的仁慈 The Mercy of the Jungle'],"['剧情', '战争']",[''],[],[' 法语']
[' 南非 / 苏丹'],['Hajooj Kuka'],['78'],['08'],[],['A kasha'],"['剧情', '动作', '爱情', '战争']",[''],[],[' 阿拉伯语']
[' 挪威 / 西班牙 / 美国'],"['Gudmund Sand', 'Haakon Sand']",['50'],[],[],['My Guernica'],"['剧情', '历史', '战争']",[''],[],[' 挪威语']
[' 克罗地亚 / 塞尔维亚'],['Dana Budisavljevic'],[],[],"['米尔亚娜·卡拉诺维奇', 'Alma Prica', '厄明·布拉沃', 'Igor Samobor']",['Dianina lista'],"['剧情', '战争']",[''],[],[' 克罗地亚语']
[' 土耳其'],['Ümit Degirmenci'],['135'],[],[],['And: Geçmisin bedeli'],"['剧情', '战争']",[''],[],[' 土耳其语']
[' 中国大陆'],[],[],[],[],['反击'],"['动作', '战争']",[''],[],[' 汉语普通话']
[' 英国'],['Christine Edzard'],[],[],"['阿尔菲·斯图尔特', '乔·阿姆斯特朗', 'Kevin Brewer']",['好兵帅克 The Good Soldier Schwejk'],"['喜剧', '战争']",[''],[],[' 英语']
[' 中国大陆'],['安战军'],['82'],[],"['伊莉莎', '李琦', '杨静儿']",['滴血的红杜鹃'],['战争'],[''],[],[' 汉语普通话']
[' 荷兰 Netherlands'],['本·桑伯加特'],['100'],"['10(荷兰)"">2018']","['梅乐蒂·克蕾沃', 'Nabil Mallat', '麦赫迪·麦斯卡尔', 'Tine Joustra']",['Rafaël'],"['剧情', '战争']",[''],[],[' 英语 / Dutch']
[' 中国大陆'],['王明军'],[],[],"['姜斯瀚', '王子伊', '吕艳蓓', '郑中玉']",['猎影'],"['剧情', '历史', '战争']",[''],[],[' 汉语普通话']
[' 以色列'],"['约阿夫·阿拉兹', '阿米特·鲁德曼']",['80'],[],"['阿亚拉·斯瓦坦', '陈·吉瓦蒂', '玛雅·西姆奇', 'Reshef Sefer', 'Sarah Chaplin']",['格沃罗 G&#39;vurot'],"['剧情', '战争']",[''],[],[' 希伯来语']
[' 俄罗斯'],['Viktor Tatarskiy'],[],[],[],['别人的生活 Чужая жизнь'],"['剧情', '历史', '战争']",[''],[],[' 俄语']
[' 美国'],['Richard Boylan'],[],[],"['Pete Beaumont', 'Graham McNeill', 'Terry Skrinjar', 'Erik Steffens']",['近卫兵 GuardsMAN'],"['科幻', '战争']",[''],[],[' 英语']
[' 中国大陆'],"['高成岗', '柯伯龙']",['97'],[],"['叶鹏', '任晗', '曹克难', '贾康熙', '海洋']",['青春热血祭山河'],"['剧情', '战争']",[''],[],[' 汉语普通话']
[' 伊朗'],['Mohammad Ali Bashe Ahangar'],[],['02'],"['Babak Hamidian', 'Masoud Rayegany', '利萨·贝赫布迪', '米娜·沙达蒂', '胡马云·埃沙迪', 'Mahtab Nasirpour', 'Homan Bargh Navard', 'Setareh Eskandari', 'Shahram Haghighat Doost', 'Hossein Ahangar', 'Farrokh Nemati', 'Hadi Ghomeishi', 'Siavash Cheraghi Pour', 'Hasan Najarian', 'Hossein Fallah']",['水下雪松 سرو زیر آب'],"['剧情', '战争']",[''],[],[' 波斯语']
[' 斯里兰卡'],"['Asoka Handagama', 'Vimukthi Jayasundara', 'Prasanna Vithanage']",['116'],['02'],[],['她.他.别人 her. him. the other'],"['剧情', '家庭', '战争']",[''],[],[' 其他']
[' 泰国'],"['M.Mass Team', '普安农 ']",['127'],['05'],"['派特察泰·王卡姆劳', 'kohtee aramboy', 'Tik Klinsee', 'Anusorn Maneeted']",['屁民报国 ตุ๊ดตู่กู้ชาติ'],"['喜剧', '历史', '战争']",[''],[],[' 泰语']
[' 美国'],['Anthony Hornus'],[],['06'],"['唐·莫斯特', '提姆·阿贝尔', 'DJ Perry', 'Melissa Anschutz', 'Christine Marie', 'Lauren LaStrada', 'Robert Henline', 'Garry Nation', 'Shane Hagedorn', 'Anthony Hornus', '迪恩泰斯特']",['人类最好的朋友 MBF: Man&#39;s Best Friend'],"['剧情', '战争']",[''],[],[' 英语']
[' 美国'],[],[],"['06(美国)"">2018']","['托宾·贝尔', '科斯塔斯·曼迪勒', '斯科特·帕特森', '麦克斯·瑞恩', '约翰尼·扬·博施', '安东尼·阿齐兹', '安东尼·科隆', '杰米斯·巴特勒', 'Bobbie Phillips', 'Matthias Hues', '拉埃文·凯利', 'Benjamin Busch ', 'Amy Wiles', 'Jerry Todisco', 'Chase Brandon']",['The Rogue'],"['剧情', '动作', '惊悚', '战争']",[''],[],[' 英语']
[' 乌克兰'],['Zaza Buadze'],['113'],['10'],"['Oleg Shulga', 'Yulia Chepurko', 'Sergey Lefor', 'Oleg Oneshchak', 'Mikhail Ozerov', 'Marta Papich', 'Vladimir Romanko']",['呼叫班德拉斯 Позивний «Бандерас»'],"['剧情', '惊悚', '战争']",[''],[],[' 乌克兰语 / 俄语']
[' 美国'],['贾斯汀·李·柯林斯'],['92'],['11'],"['贾斯汀·李·柯林斯', '约翰尼·梅辛纳', 'Aidan Bristow']",['孤军作战 Alone We Fight'],['战争'],[''],[],[' 英语']
[' 美国'],['提诺·斯特劳克曼'],[],['11'],"['戴米恩·查帕', '奥利弗·古鲁内尔', '杰克·迪米奇']",['铁十字勋章：诺曼底之路 Iron Cross: The Road to Normandy'],"['剧情', '战争']",[''],[],[' 英语']
[' 中国大陆'],['张华'],['91'],['12'],"['名将', '安格', '梁家仁', '詹牧', '贾瑞']",['战士'],"['动作', '战争']",[''],[],[' 汉语普通话']
[' 中国大陆'],['持田健人'],['23'],['06'],['横井哲也'],['告别昨天的我们 A farewell to the old me'],"['剧情', '历史', '战争']",[''],[],[' 日语']
[' 黎巴嫩 Lebanon'],['Sara Mezher'],['16'],['10'],[],['殒落之光 ستارة'],"['剧情', '战争']",[''],[],[' 阿拉伯语 Arabic']
[' 中国大陆'],['郭小川'],['72'],['04'],"['钟艺', '周蕊', '葛帅', '徐浩然']",['佣兵之战'],"['战争', '灾难']",[''],[],[' 汉语普通话']
[' 美国'],[],[],[],[],['世界机器人大战 World War Robot'],"['动作', '战争']",[''],[],[]
[' 中国大陆'],['靳浩'],['82'],['05'],"['蔡力允', '李辛喆', '梁骞', '洪芳', '王海涛', '马修']",['战境：火线突围'],"['科幻', '战争']",[''],[],[' 汉语普通话']
[' 中国大陆'],['谢军'],['92'],['11'],"['纪宁', '刘惠', '黄一飞', '阿威']",['暗剑'],['战争'],[''],[],[' 汉语普通话']
[' 中国大陆'],['张跃平'],['110'],"['01', '08']","['张双兵', '鲁园', '许薇', '李可', '张世民', '罗永恒', '张晋', '何晋喜', '马妮']",['大寒'],"['剧情', '战争']",[''],[],[' 汉语普通话']
[' 中国大陆'],['韩志'],[],['09'],"['王佳宇', '王燕阳', '关思慧', '涂圣成']",['爱国岛'],"['剧情', '历史', '战争']",[''],[],[' 汉语普通话']
[' 以色列 Israel'],['Yona Rozenkier'],['90'],['08'],"['Claudia Dulitchi', 'Shmuel Edelman', 'Miki Marmur', 'Micha Rozenkier', 'Yoel Rozenkier', 'Yona Rozenkier', 'Daniel Sabag']",['潜水 The Dive'],"['剧情', '战争']",[''],[],[' 希伯来语 Hebrew / 意大利语']
[' 日本'],"['羽原信义', '小林诚']",[],['05'],"['小野大辅', '桑岛法子', '铃村健一', '大塚芳忠', '赤羽根健治', '国分和人', '千叶优辉', '麦人', '长岛雄一', '千叶繁', '森谷里美', '细谷佳正', '田中理惠', '东地宏树', '雨谷和砂', '石冢运升', '甲斐田裕子', '手冢秀彰', '神谷浩史', '山寺宏一', '内山昂辉', '神田沙也加', '井上和彦', '草尾毅', '池田昌子']",['宇宙战舰大和号2202 爱的战士们 第五章 宇宙戦艦ヤマト2202 愛の戦士たち 第五章'],"['科幻', '动画', '战争']",[''],[],[' 日语']
[' 日本'],[],[],['01'],"['小野大辅', '桑岛法子', '铃村健一', '神谷浩史']",['宇宙战舰大和号 爱的战士们 第四章 天命篇 宇宙戦艦ヤマト2202 愛の戦士たち 第四章 天命篇'],"['科幻', '动画', '战争']",[''],[],[' 日语']
[' 中国大陆'],['韦廉'],['115'],['05'],"['刘端端', '尹玲', '韩夫一', '卢海华', '任学海', '田雨晴', '冷海铭']",['策反'],"['剧情', '悬疑', '战争']",[''],[],[' 汉语普通话']
[' 中国大陆'],['高力强'],['95'],['11'],"['滕飞', '高海诚', '华栖龙', '王勇']",['侠骨钢拳'],"['剧情', '动作', '爱情', '历史', '战争', '运动']",[''],[],[' 汉语普通话']
[' 美国'],['杰瑞·G·安格罗'],['105'],['04'],"['杰瑞·G·安格罗', '保罗·罗根', '小伊萨克·C.辛格尔顿', 'Victoria Clare', 'Joshua Santana', 'Carolina Castro', 'Ryan Baumann']",['铁血守护者 Warfighter'],"['剧情', '动作', '爱情', '战争']",[''],[],[' 英语']
[' 中国大陆'],[],['5'],['12'],['白宇'],['故宫回声'],"['剧情', '历史', '战争']",[''],[],[' 汉语普通话']
[' 中国大陆'],['熊玮'],['102'],['12'],"['荣梓杉', '关亚军', '丁宁', '郭紫铭', '高山流水', '栾蕾英', '陈帅']",['云上日出'],"['剧情', '儿童', '战争']",[''],[],[' 汉语普通话']
[' 印度'],['J·P·杜塔'],['150'],['09'],"['阿俊·拉姆鲍', '杰奇·史洛夫', '阿明·阿卜杜勒·奎德', '索努·苏德', '索娜尔·楚罕', '伊莎 季普拉', '哈什瓦汉·拉纳', 'Monica Gill', 'Gurmeet Choudhary', 'Rohit Roy', '卢万·辛']",['帕尔坦 Paltan'],"['剧情', '动作', '历史', '战争']",[''],[],[' 印地语']
[' 中国大陆'],['房映华'],['92'],['01'],"['张美娥', '崔冬辰', '徐贝贝', '高子涵']",['鬼子也疯狂'],"['喜剧', '爱情', '战争']",[''],[],[' 汉语普通话']
[' 中国大陆'],['刘鸿志'],['16'],['08'],"['陈祉源', '丁润', '金晟', '张人文']",['花火'],"['剧情', '儿童', '战争']",[''],[],[' 日语 / 南京方言']
[' 美国'],['Alexander Raye Pimentel'],['70'],['12'],"['Alexander Raye Pimentel', 'Zachary Greene', 'Christopher Diaz', 'See full cast & crew']",['背水一战 Down River'],"['动作', '战争']",[''],[],[' 英语']
[' 印度 India'],['Simerjit Singh'],['139'],['04'],"['Gippy Grewal', '阿蒂缇·夏尔马']",['喬金德·辛格上尉 Subedar joginder singh'],"['剧情', '战争']",[''],[],[' 英语 / Punjabi']
[' 塞尔维亚'],['彼得·里斯多夫斯基'],['127'],['12'],[],['彼得一世 Kralj Petar I'],"['剧情', '历史', '战争']",[''],[],[' 塞尔维亚语']
[' 伊朗 Iran'],['Behrouz Nooranipour'],['80'],[],"['Naser Babaeian', 'Bahar Maroofi', 'Azar-Hamid Jafari']",['Dayan'],"['剧情', '家庭', '战争']",[''],[],[' Kurdish']
[' 中国大陆'],['张亚光'],['101'],['03'],['石维坚'],['一个人的冬天'],['战争'],[''],[],[' 汉语普通话']
[' 印度'],['Pankaj Batra'],['120'],['03'],"['Diljit Dosanjh', 'Yograj Singh', 'Darren Tassell']",['萨简·森戛·辛格 Sajjan Singh Rangroot'],['战争'],[''],[],[' 英语']
[' 伊朗 Iran'],['巴拉姆·塔瓦克力'],['95'],['02'],"['Javad Ezati', 'Hamid Reza Azarang', '阿米尔·扎迪迪']",['失落的海峡 تنگه ابوقریب'],"['剧情', '战争']",[''],[],[]
[' 澳大利亚'],['Benjamin Gilmour'],['78'],['06'],"['Sam Smith', 'Mohammad Mosam', 'Kefayat Lag Humani', 'Naqibullah Khan Shinwari', 'Sharif Ullah', 'Muhammad Shah Majroh', 'Sher Alam Miskeen Ustad', 'Samad Khan', 'Amir Shah Talash', 'Janaat Gul Mastana']",['尔格 Jirga'],"['剧情', '战争']",[''],[],[' 英语 / 普什图语']
[' 中国大陆'],['张嘉豪'],['70'],['07'],"['康金凯', '苗立蒙', '王凤杰']",['乱世豪杰'],"['喜剧', '战争']",[''],[],[' 汉语普通话']
[' 巴基斯坦'],['Haseeb Hasan'],[],['05'],"['Hamza Ali Abbasi', 'Ahad Raza Mir', 'Shaz Khan']",['帕瓦兹·海·尤宁 Parwaaz Hay Junoon'],"['剧情', '战争']",[''],[],[' 乌尔都语']
[' 俄罗斯'],['Pavel Drozdov'],['113'],['06'],"['安德烈·梅尔兹利金', 'Yegor Beroyev', '安娜·邱丽娜', 'Kseniya Petrukhina', 'Artur Vakha', 'Alena Chekhova', 'Andrey Smolyakov']",['不说再见 Прощаться не будем'],"['剧情', '战争']",[''],[],[' 俄语']
[' 印度'],['普里·贾加纳斯'],['152'],['05'],"['Gautam Kurup', 'Akash Puri', 'Amit Anand Raut', 'Vishu Reddy', 'Murli Sharma', 'Neha Shetty']",['爱人 Mehbooba'],"['剧情', '战争']",[''],[],[' 印度语']
[' 中国大陆'],['王明军'],[],['12'],"['潘若瑶', '王卓', '王智', '牛军', '武小虎']",['跤王战寇记'],"['历史', '战争']",[''],[],[' 汉语普通话']
[' 伊朗'],['易卜拉欣·哈塔米基亚'],['120'],"['02', '03']","['Babak Hamidian', 'Hadi Hejazifar', 'Pierre Dagher']",['大马士革时间 به وقت شام'],"['剧情', '战争']",[''],[],[' 波斯语']
[' 芬兰 / 瑞典'],['Heikki Kujanpä'],['103'],['03'],"['托米·艾荣恩', '韦萨·维耶里科', 'Jussi Nikkilä', 'Martti Suosalo', '亚尼·沃拉宁', 'Leena Pöysti']",['芬兰最有趣的人 Suomen hauskin mies'],"['剧情', '历史', '战争']",[''],[],[' 芬兰语 / 德语']
[' 日本'],"['羽原信义', '小林诚']",[],['11'],"['小野大辅', '桑岛法子', '铃村健一', '细谷佳正', '田中理惠', '石冢运升', '高垣彩阳', '神谷浩史']",['宇宙战舰大和号2202 爱的战士们 第六章 宇宙戦艦ヤマト2202 愛の戦士たち 第六章'],"['科幻', '动画', '战争']",[''],[],[' 日语']
[' 中国大陆'],['吴军'],['91'],['12'],"['侯瑞祥', '倪慕斯', '肖阳', '施羽', '姚书豪', '赵一霖']",['水族魂1944'],"['爱情', '战争']",[''],[],[' 汉语普通话']
[' 中国大陆'],['杜晓天'],['97'],['08'],"['吕文彬', '高飞', '薛斐', '敖迪', '曹建明', '刘佳玮']",['五台山儿女英雄传'],"['剧情', '战争']",[''],[],[' 汉语普通话']
[' 美国'],[],[],[],[],['战争机器 Gears of War'],"['动作', '科幻', '战争']",[''],[],[' 英语']
[' 美国'],['Christian Pichler'],[],[],"['彼得·雅克尔', 'Werner Daehn', 'Robert E. Wilhelm']",['Scorched Earth: The Other Side of World War II'],"['剧情', '动作', '战争']",[''],[],[' 英语']
