地区,导演,时长,月份,演员,电影名,类型,评分,评论数,语言
[' 英国'],['Ross MacGibbon'],['205'],['12'],"['Marianela Nuñez', 'Vadim Muntagirov', 'Elizabeth McGorian', 'Bennet Gartside', 'Alexander Campbell', 'Dancers of the Royal Ballet', 'Orchestra of the Royal Opera House']",['天鹅湖 Swan Lake'],"['音乐', '歌舞']",['9.1'],['123'],[' 英语']
[' 美国'],"['伊桑·科恩', '乔尔·科恩']",['133'],"['08', '11']","['哈利·米尔林', '佐伊·卡赞', '连姆·尼森', '詹姆斯·弗兰科', '大卫·克鲁霍尔特兹', '汤姆·威兹', '克兰西·布朗', '蒂姆·布雷克·尼尔森', '布莱丹·格里森', '比尔·赫克', '斯蒂芬·鲁特', '泰恩·黛莉', '拉尔夫·伊内森', '切尔西·罗斯', '绍尔·鲁宾内克', '琼乔·奥雷尔', '马修·维利希', '杰西·卢肯', '保罗·瑞', '葛人杰·海恩斯', '杰弗森·梅斯', '山姆·狄龙', '比利·洛克伍德', '汤姆·普罗克特', 'E·E·贝尔', '丹尼·麦卡锡', '杰克莫·巴泽尔', '伊索·阿克瑞恩']",['巴斯特·斯克鲁格斯的歌谣 The Ballad of Buster Scruggs'],"['喜剧', '歌舞', '西部']",['8.5'],['55480'],[' 英语']
[' 英国'],"['Christopher Wheeldon', 'Ross MacGibbon']",['160'],['05'],"['Ashley Andrews', 'Sophie Apollonia', 'Zoe Arshamian', '罗伯特·弗莱查尔德', 'Leanne Cope']",['一个美国人在巴黎 An American in Paris: The Musical'],['歌舞'],['8.4'],['557'],[' 英语']
[' 日本'],['大根仁'],['119'],['08'],"['筱原凉子', '广濑铃', '板谷由夏', '小池荣子', '友坂理惠', '渡边直美', '池田依来沙', '山本舞香', '野田美櫻', '田边桃子', '富田望生', '三浦春马', '中川雅也', '新井浩文', '矢本悠马']",['阳光姐妹淘 SUNNY 強い気持ち・強い愛'],"['剧情', '喜剧', '歌舞']",['8.3'],['17735'],[' 日语']
[' 中国大陆'],[],[],['12'],"['周华健', '蔡依林', '朴树', '张靓颖', '汪苏泷', '李荣浩', '李宇春', '邓紫棋', '毛不易', '刘维', '李艺彤', '薛之谦', '陈伟霆', '蔡卓妍', '钟欣潼', '张杰', '刘宇宁', '蔡一智', '蔡一杰', '苏志威', '林志玲', '林俊杰', '李响', '张纯烨', '李好']",['2019江苏卫视跨年演唱会'],"['音乐', '歌舞']",['8.3'],['561'],[' 汉语普通话']
[' 日本'],[],['240'],['12'],"['樱井翔', '广濑铃', '内村光良', '桑子真帆', '松田圣子', '松任谷由实', '北岛三郎', '林佳树', 'AKB48', 'perfume', '米津玄师', '西野加奈']",['第69届NHK红白歌会 第69回NHK紅白歌合戦'],"['音乐', '歌舞', '真人秀']",['8.2'],['2008'],[' 日语']
[' 韩国'],['姜炯哲'],['133'],['12'],"['都暻秀', '朴慧秀', '吴政世', '金民浩', '朴真珠', '白仁权', '杰瑞德·格里姆斯', '罗斯·凯特尔']",['摇摆狂潮 스윙키즈'],"['剧情', '歌舞', '战争']",['8.2'],['25465'],[' 韩语']
[' 美国'],"['凯瑞·柯克帕特里克', '杰森·雷西格']",['96'],"['10', '09']","['查宁·塔图姆', '詹姆斯·柯登', '赞达亚', '勒布朗·詹姆斯', '科曼', '吉娜·罗德里格兹', '丹尼·德维托', '吉米·塔特罗', '雅拉·沙希迪', '伊利·亨利']",['雪怪大冒险 Smallfoot'],"['喜剧', '动画', '歌舞', '冒险']",['7.4'],['17239'],[' 英语']
[' 台湾'],['崔永徽\u200b\u200b'],['96'],['06'],"['黄尚禾', '钟家骏', '李凤英', '張靈']",['只有大海知道'],"['剧情', '歌舞', '家庭', '儿童']",['7.1'],['271'],[' 汉语普通话']
[' 英国 / 美国'],['欧·帕克'],['114'],"['08', '07']","['莉莉·詹姆斯', '阿曼达·塞弗里德', '朱丽·沃特斯', '克里斯汀·芭伦斯基', '皮尔斯·布鲁斯南', '斯特兰·斯卡斯加德', '科林·费尔斯', '多米尼克·库珀', '杰瑞米·艾文', '亚历克萨·戴维斯', '杰西卡·基南·温', '乔什·迪伦', '休·斯金纳', '雪儿', '梅丽尔·斯特里普', '安迪·加西亚', '西莉亚·伊姆里', '欧米德·吉亚李利', '杰拉德·摩纳科', '森尚子', '伊川东吾', '阿纳斯塔西娅·希尔', '苏珊娜·巴克莱德', '乔纳森·戈德史密斯', '凯西·克莱尔', '班尼·安德森', '戴尔·布兰斯顿', '亚历珊德拉·福特']",['妈妈咪呀2 Mamma Mia! Here We Go Again'],"['喜剧', '爱情', '歌舞']",['7.0'],['19382'],[' 英语 / 法语 / 希腊语']
[' 印度'],['Vijay'],['130'],['08'],"['Ditya Bhande', '普拉部·地伐', '艾西瓦娅·拉杰什']",['舞术巨星 Lakshmi'],"['剧情', '歌舞']",['6.8'],['122'],[' 泰米尔语']
[' 美国'],['Damon Cardasis'],['83'],['01'],"['卢卡·凯恩', '马奎斯·罗德里格斯', '茵蒂娅·摩尔', 'MJ·罗德里格斯', '马格特·宾汉', '雷吉娜·泰勒', '史蒂芬·康拉德·摩尔', 'Evander Duck Jr.', '彼得·Y·金', 'Jaylin Fletcher']",['星期六的教堂 Saturday Church'],"['剧情', '歌舞', '奇幻']",['6.7'],['129'],[' 英语']
[' 菲律宾'],['拉夫·迪亚兹'],['234'],['02'],"['皮奥洛·帕斯奎尔', 'Angel Aquino', 'Shaina Magdayao', 'Pinky Amador', 'Joel Saracho']",['恶魔时节 Ang Panahon ng Halimaw'],['歌舞'],['6.7'],['73'],[' 菲律宾语']
[' 西班牙'],['Telmo Esnal'],['98'],['09'],[],['纵舞欢歌 Dantza'],"['剧情', '歌舞']",['6.7'],['85'],[' 西班牙语']
[' 中国大陆'],[],[],['01'],"['张嘉译', '马伊琍', '景甜', '秦海璐', '雷佳音', '王珞丹', '邓伦', '胡一天', '张若昀', '唐艺昕', '郑恺', '陆毅', '吴秀波', '林依晨', '潘粤明', '张碧晨', '高亚麟', '袁泉', '吴越', '任重', '万茜', '蒋雯丽', '李沁', '孙怡', '翟天临', '许魏洲', '俞灏明', '侯鸿亮', '胡静', '张彬彬', '乔欣', '王刚', '杨澜', '张绍刚', '周群', '余声', '王栎鑫', '凌潇肃', '张译', '许娣', '曾舜晞', '高伟光', '黄梦莹', '祝绪丹', '王紫璇', '六小龄童', '于和伟', '张凯丽', '柴碧云', '邓家佳', '杜丽莎', '姬他', '刘进', '倪大红', '檀健次', '王东', '王晓晨', '肖顺尧', '殷桃', '朱泳腾']",['2017国剧盛典'],"['音乐', '歌舞']",['6.7'],['259'],[' 汉语普通话']
[' 美国'],['罗伯·马歇尔'],['130'],['12'],"['艾米莉·布朗特', '梅丽尔·斯特里普', '科林·费尔斯', '朱丽·沃特斯', '安吉拉·兰斯伯瑞', '艾米莉·莫迪默', '本·卫肖', '迪克·范·戴克', '大卫·沃纳', '林-曼努尔·米兰达', '杰里米·斯威夫特', '寇布勒·霍尔德布鲁克-史密斯', '匹克西·戴夫斯', '吉姆·诺顿', '贝恩·科拉科', '迈克尔·科布', '伯纳多·桑托斯', '乔安娜·希雅', '露丝·霍洛克斯', '贾格·帕特尔']",['欢乐满人间2 Mary Poppins Returns'],['歌舞'],['6.7'],['5962'],[' 英语']
[' 美国'],['保罗·霍恩'],['94'],['02'],"['梅格·唐纳利', 'Milo Manheim', '艾米利亚·麦卡锡', 'Megan Trainer', 'Kylee Russell', 'Kingston Foster', 'Trevor Tordjman', '金·罗伯特', 'Marie Ward', '托尼·纳波', '奈奥米·斯尼克斯', 'Ramona Milano', 'Bianca Melchior', 'Paul Hopkins', 'Alex McCooeye']",['僵尸高校 Z-O-M-B-I-E-S'],"['爱情', '歌舞']",['6.5'],['277'],[' 英语']
[' 法国'],['加斯帕·诺'],['95'],"['05', '09']","['索菲亚·波多拉', 'Romain Guillermic', 'Souheila Yacoub', 'Kiddy Smile', 'Claude Gajan Maull', 'Giselle Palmer', 'Taylor Kastle', 'Thea Carla Schott', 'Sharleen Temple', 'Lea Vlamos']",['高潮 Climax'],"['剧情', '惊悚', '歌舞']",['6.3'],['3395'],[' 法语 / 英语']
[' 美国'],['安妮·弗莱彻'],['110'],['12'],"['丹妮尔·麦克唐纳', '詹妮弗·安妮斯顿', '奥德娅·拉什', '麦迪·贝里欧', '贝克斯·泰勒-克劳斯', '卢克·本沃德', '乔姬·弗劳瑞斯', '德芙·卡梅隆', '哈罗德·佩里诺', '凯茜·纳基麦', '希拉里·贝格利', '丹·芬纳蒂', '安德鲁·弗莱彻', '奥图姆·戴尔', '布茹克·哈特佐格', '塔根·伯恩斯']",['饺子公主 Dumplin&#39;'],"['剧情', '喜剧', '歌舞']",['5.9'],['845'],[' 英语']
[' 中国大陆'],[],['247'],['11'],"['陈赫', '黄渤', '吴谨言', '王鹤润', '热依扎', '米兰达·可儿', '阿伦·艾弗森', '渡边直美', '马云', '易烊千玺', '杨颖', '玛丽亚·凯莉', '秦岚']",['2018天猫双十一狂欢夜'],"['歌舞', '真人秀']",['5.8'],['289'],[' 汉语普通话']
[' 印度 India'],['Atul Manjrekar'],['130'],['08'],"['艾西瓦娅·雷', '亚尼·卡普', '拉吉·库玛', '迪维亚·达塔', 'Anaitha Nair', 'Pihu Sand']",['印度巨星 Fanney Khan'],"['剧情', '喜剧', '歌舞']",['5.5'],['295'],[' 印地语']
[' 中国大陆'],['安德胜'],['260'],['12'],"['何炅', '汪涵', '王俊凯', '王源', '易烊千玺', '朱一龙', '杨紫', '刘涛', '陈翔', '武艺', '王鹤棣', '沈月', '马思超', '冯绍峰', '秦岚', '金志文', '于文文', '杨钰莹', '谭维维', '宋茜', '罗志祥', '徐佳莹', '汪东城', '田馥甄', '吴青峰', '程潇', '韩红']",['2018-2019湖南卫视跨年演唱会'],"['音乐', '歌舞', '真人秀']",['5.2'],['554'],[' 汉语普通话']
[' 美国'],"['大卫·莱维奥', '艾力克斯·鲁津斯基']",['120'],['04'],"['本·丹尼尔斯', '艾利斯·库柏', '约翰·传奇', 'Brandon Victor Dickson', '莎拉·巴莱勒斯', '诺姆·刘易斯', 'Erik Gronwall', 'Abby Corrigan']",['耶稣基督万世巨星现场音乐会 Jesus Christ Superstar Live in Concert'],['歌舞'],['5.1'],['64'],[' 英语']
[' 中国大陆'],['杨东升'],['109'],['03'],"['任鲁豫', '康辉', '朱迅', '尼格买提·热合曼', '李思思', '张也', '吕继宏', '张凯丽', '孙涛', '王小玮', '霍思燕', '常远', '乌兰图雅', '李谷一', '汪正正', '王祖蓝', '李亚男', '王晰', '师鹏', '塔斯肯', '皓天', '汤非', '孙楠', '白鸽']",['2018年中央电视台元宵晚会'],"['音乐', '歌舞', '真人秀']",[''],[],[' 汉语普通话']
[' 中国大陆'],[],[],['09'],"['李宇春', '张杰', '韩磊', '张信哲', '杨宗纬', '谭维维', '佘诗曼', '吴克群', '林志炫']",['汉风秋月2018中秋晚会'],"['音乐', '歌舞']",[''],[],[' 汉语普通话']
[' 中国大陆'],[],[],[],"['撒贝宁', '朱迅', '高博', '李红', '毛不易', '廖俊涛']",['2018年CCTV网络春晚'],"['音乐', '歌舞', '真人秀']",[''],[],[' 汉语普通话']
[' 中国大陆'],[],[],['03'],[],['2018东方卫视元宵晚会'],"['音乐', '歌舞']",[''],[],[' 汉语普通话']
[' 英国'],[],[],['02'],"['Clara Amfo', 'Anne-Marie', 'Ro Ashika', '米莉·波比·布朗', 'Cheryl', '柯特妮·考克斯', '娜丁·科伊尔', 'Amber Davies', 'Perrie Edwards', 'Ella Eyre', '帕洛玛·费丝', 'Caroline Flack', '安娜·弗莱尔', '利亚姆·加拉格尔', '艾丽·戈尔丁', '詹妮弗·哈德森', 'Rochelle Wiseman', '哈里·凯恩', '麦莉妮·克拉斯', '肯德里克·拉马尔', 'Lorde', '凯莉·米洛', '奥利·莫尔斯', '瑞塔·奥拉', '利亚姆·佩恩', 'Louise Redknapp', '艾德·希兰', '萨姆·史密斯', '哈里·斯泰尔斯', '贾斯汀·汀布莱克', '杰克·怀特霍尔', '霍莉·威洛比']",['2018年全英音乐奖颁奖典礼 The BRIT Awards 2018'],"['音乐', '歌舞', '真人秀']",[''],[],[' 英语']
[' 美国'],['Simón Wilches'],['27'],['11'],"['阿伦·阿尔达', '杰夫·丹尼尔斯', '约翰·厄尔利', '蒂姆·海德克', 'Matt Hobby', '艾丽森·皮尔', '加伯里艾尔·圣迪']",['皇帝的新装 The Emperor&#39;s Newest Clothes'],"['喜剧', '动画', '歌舞', '家庭', '奇幻']",[''],[],[' 英语']
[' 美国'],['Diesel Schwarze'],[],[],"['戴恩·德哈恩', '鲁妮·玛拉']",['步步前进 Ziggy'],['歌舞'],[''],[],[]
[' 美国'],['Nick Lang'],['112'],['12'],"['Jon Matteson', 'Lauren Lopez', 'Joey Richter', 'Jaime Lyn Beatty', 'Corey Dorris', 'Robert Manion', 'Mariah Rose Faith', 'Jeff Blim']",['The Guy Who Didn&#39;t Like Musicals'],"['喜剧', '歌舞']",[''],[],[' 英语']
[' 美国'],['Nanea Miyata'],[],['11'],"['凯莉·杰科', '钱德拉·威尔森', '亚当·梅菲尔德', '皮特·波特', '萨莉·斯特拉瑟斯', '李·加林顿', 'Aden Schwartz']",['圣诞和谐 Christmas Harmony'],"['剧情', '喜剧', '歌舞']",[''],[],[' 英语']
[' 美国'],"['Don Mischer', 'Jeff Roe']",[],['11'],"['道恩·强森', '克里斯汀·贝尔', '汤姆·霍兰德', '温迪·麦克伦登-考威', '亚历克·鲍德温', '萨拉·海蓝德']",['Mickey&#39;s 90th Spectacular'],"['音乐', '歌舞']",[''],[],[' 英语']
[' 韩国'],[],[],['02'],"['朴正洙', '金多贤']",['第七届Gaon Chart K-POP Awards 2018 가온 차트 K-POP 어워드'],"['音乐', '歌舞']",[''],[],[' 韩语']
[' 台湾'],['Esther Veronin'],['77'],[],"['黄柏钧', '袁艾菲', '林辰唏', '路斯明', '聂云', 'Kaori Kayano', 'Jerry C', 'Maggie Chang', 'Amber Yo', 'Alice Huang']",['明日之星'],"['剧情', '音乐', '歌舞']",[''],[],[' 汉语普通话']
[' 中国大陆'],[],[],['12'],"['温岚', '赵聪', '张卫健', '罗大佑', '郁可唯', '林志炫']",['启航2019'],"['歌舞', '真人秀']",[''],[],[' 汉语普通话']
[' 中国大陆'],[],['140'],['12'],"['容祖儿', '徐佳莹', '方大同', '侧田', '小雨乐队', '腾格尔']",['四川卫视2019花开天下跨年演唱会'],"['音乐', '歌舞']",[''],[],[' 汉语普通话']
[' 韩国'],[],[],['10'],[],['2018年MBC釜山音乐庆典 MBC 2018 BOF Opening Concert'],"['音乐', '歌舞']",[''],[],[' 韩语']
[' 法国'],['Quentin Papapietro'],['77'],['07'],"['Victor Bournerias', 'Giuila Longo', 'Hugues Perrot', 'Quentin Papapietro', '尤金·格林']",['烟雾 En fumée'],"['喜剧', '歌舞']",[''],[],[' 法语']
[' 印度'],['米拉帕·扎韦里'],['140'],['08'],"['约翰·亚伯拉罕', '马诺杰·巴杰帕伊', '阿姆鲁塔·可汗维卡尔', 'Aisha Sharma']",['真理战胜 Satyameva Jayate'],"['剧情', '动作', '歌舞', '犯罪']",[''],[],[' 印地语 Hindi']
[' 美国'],[],[],['11'],"['Isabel Leonard', 'Janis Kelly', 'Denyce Graves', 'Iestyn Davies', 'Christopher Maltman']",['尼克·缪利《玛妮》 &#34;The Metropolitan Opera HD Live&#34; Muhly: Marnie'],['歌舞'],[''],[],[' 英语']
[' 英国'],['德比·伊斯特'],[],['11'],"['西莉亚·伊姆里', '海伦·乔治', '安娜·钱斯勒', '梅拉·沙尔', '鲁思·琼斯', '休·丹尼斯', 'Richard Price', '尼克·欧文福特', 'Gabriel Vick', 'Craig Revel Horwood', '加里·戴维斯', 'Daniel Boys']",['Nativity Rocks!'],"['喜剧', '歌舞']",[''],[],[' 英语']
[' 中国大陆'],[],[],['02'],[],['2018年AcFun春节联欢晚会'],"['喜剧', '动画', '音乐', '歌舞']",[''],[],[' 汉语普通话']
[' 美国'],['乔什·克劳斯纳'],['90'],['04'],"['塔特·艾灵顿', '塔拉·萨莫斯', 'Victoria Clark', '哈里斯·于林', '德鲁·鲍威尔', '道格拉斯·霍奇斯', '阿德普波·奥杜耶', '德丽·海明威', 'Jack Dishel', '罗纳德·格特曼', '温迪·麦凯纳', 'Adelind Horan', '奥斯汀·潘德尔顿', '马塞林·休格特', 'Migs Govea', 'Rhonda Keyser']",['漫游国度 Wanderland'],"['喜剧', '歌舞', '冒险']",[''],[],[' 英语']
[' 中国大陆'],[],[],['02'],"['田亮', '叶一茜', '李艺彤', '霍尊', '吕一', '钱泳辰']",['2018重庆市春节联欢晚会'],"['音乐', '歌舞']",[''],[],[' 汉语普通话']
[' 美国'],['Jillian Clare'],[],['03'],"['Laura Krystine', 'Brisa Lalich, Jayden Bartels']",['舞动节拍 To The Beat!'],"['剧情', '喜剧', '歌舞', '家庭']",[''],[],[' 英语']
[' 中国大陆'],"['李申', '景欣']",['150'],['09'],"['孟盛楠', '鲁健', '任鲁豫', '陈旻', '李毅', '孟庭苇', '闫妮', '杨坤', '唐嫣', '胡德夫', '成方圆', '周笔畅', '尚雯婕', '周一围', '宁静', '容祖儿', '许茹芸', '姜育恒', '赵雅芝', '黄恺杰', '杨培安', '白雪', '苏芮', '韩雪', '张卫健', '黄绮珊', '迪玛希', '雷佳', '霍尊', '茜拉']",['2018年中央广播电视总台中秋晚会'],"['音乐', '歌舞']",[''],[],[' 汉语普通话']
[' 中国大陆'],['孙文宸'],['65'],['11'],"['田野', '付龙儿', '朱超']",['舞力崛起'],['歌舞'],[''],[],[' 汉语普通话']
[' 哈萨克斯坦 / 拉脱维亚 / 美国'],['Jeff Vespa'],['90'],['04'],"['本·奥德里基', '菲利普·布罗迪', '艾比·考尼什', 'Erkebulan Daiynov', 'Lelde Dreimane', 'Patrick J. Gorman', 'Telman Guzhevsky', 'Christian Hillborg', 'Candace Kita', 'Rihards Lepers', '桑扎尔·马季耶夫', 'Kaspars Znotins']",['阿姆雷 Paris Song'],"['剧情', '爱情', '歌舞', '传记', '历史']",[''],[],[' 英语']
[' 也门'],['Amr Gamal'],['122'],['08'],"['Hadeel AbdulHakeem', 'Abeer AbdulKareem', 'Noor Abdullah', 'Fatema Adulbqawi', 'Ansaf Alawi', 'Hashem AlSayyed', 'Bakkar Basharaheel', 'Matloob Gharamah', 'Hesham Hammadi', 'Huda Hassan']",['婚前十日 10 أيام قبل الزفة'],"['剧情', '喜剧', '爱情', '歌舞']",[''],[],[' 阿拉伯语']
[' 中国大陆'],['张里航'],['87'],['08'],['李健'],['舞力全开'],['歌舞'],[''],[],[' 汉语普通话']
[' 比利时'],['Eva Cools'],[],[],"['安娜·法兰西斯卡·雅格', '友兰达·梦露', 'Natali Broods', 'Martha Canga Antonio', '扬·哈梅内克', '露西·德拜', 'Roy Aernouts', '大卫·木贺嘉', '大卫·木贺嘉 David Murgia', 'Koen De Sutter']",['Cléo'],['歌舞'],[''],[],[' 法语']
[' 美国'],['AJ Singh'],[],[],"['布里安娜·豪伊', '阿努潘·凯尔', 'Annapurna Sriram', 'Remington Hoffman', '普佳.芭特拉', 'Rachelle Carson', 'Shane Paul McGhie']",['Singh in the Rain'],['歌舞'],[''],[],[]
[' 中国大陆'],['鄂布斯'],[],[],[],['呼啸歌者'],['歌舞'],[''],[],[' 汉语普通话']
[' 新西兰'],"['Michael Riddell', 'Stephen Riddell']",['73'],[],"['Hannah Gaisford', 'Phillip Leslie-Collins', 'Emanuel E. Garcia', 'Jordan Rivers', 'Victoria Seymour', 'A.J. Murtagh', 'Jutta Giggenbach', 'Brodie MacGregor', 'Stacey Duncan']",['Portrait of a Knight'],"['剧情', '喜剧', '爱情', '歌舞', '奇幻']",[''],[],[' 英语']
[' 美国'],['小J.B.古曼'],['46'],[],"['Hillary Tuck', '科尔顿·福特', '小J.B.古曼']",['The Art of Being'],"['动画', '歌舞', '奇幻', '冒险']",[''],[],[' 英语']
[' 土耳其'],['Kivanç Baruönü'],[],['01'],"['Cem Yilmaz', '奥赞·居文']",['科幻豪杰总动员2 Arif V 216'],"['喜剧', '动作', '爱情', '科幻', '音乐', '歌舞', '家庭', '奇幻']",[''],[],[' 土耳其语']
[' 美国'],['尼克·莫里斯'],[],['04'],[],['The Toxic Avenger: The Musical'],['歌舞'],[''],[],[' 英语']
[' 中国大陆'],[],[],['06'],"['季冠霖', '江映蓉', '鞠萍', '平安', '扎西顿珠', '王紫凝', '苏诗丁', '任鲁豫', '刘姵贤', '刘洺君', '胡丽芝']",['2018动漫音乐会'],"['音乐', '歌舞', '真人秀']",[''],[],[' 汉语普通话']
[' 英国'],['基思·华纳'],['206'],['12'],"['约纳斯·考夫曼', '迈克·阿格雷斯塔']",['奥赛罗 Otello'],"['歌舞', '戏曲']",[''],[],[' 意大利语']
[' 美国'],['拉里·弗拉什·詹金斯'],['135'],['12'],"['Ernest Thomas', 'Jazsmin Lewis', 'Larry Flash Jenkins', 'Ellia English', 'Chaz Lamar Shepherd', '安东尼·冈萨雷斯', 'Malik Barnhardt']",['福音真理 The Gospel Truth'],['歌舞'],[''],[],[' 英语']
[' 美国'],[],[],[],[],['白雪公主 Snow White'],"['歌舞', '家庭', '奇幻']",[''],[],[' 英语']
[' 中国大陆'],[],[],[],"['康辉', '任鲁豫', '李思思', '张凯丽', '周杰伦', '阎维文', '殷秀梅', '李健', '张嘉译', '扎西顿珠', '平安']",['2018年央视五一晚会'],"['歌舞', '真人秀']",[''],[],[' 汉语普通话']
[' 日本'],[],[],[],['Perfume'],['Perfume 7th Tour 2018 ｢FUTURE POP｣'],"['音乐', '歌舞']",[''],[],[' 日语']
[' 英国'],[],[],['08'],[],['2018:Bernstein On the Town'],['歌舞'],[''],[],[' 英语']
[' 美国'],['阿里·桑德尔'],[],['10'],[],['Monster High'],"['歌舞', '奇幻']",[''],[],[' 英语']
[' 美国'],['Joe DeMaio'],['120'],['10'],"['拉里·巴格比', '索拉·伯奇', '赵牡丹', 'Patrick Cook', 'Gabe De Guzman']",['The Hocus Pocus 25th Anniversary Halloween Bash'],"['音乐', '歌舞']",[''],[],[' 英语']
[' 中国大陆'],[],[],['02'],"['戴玉强', '李玉刚', '邓紫棋', '赵雅芝', '腾格尔', '降央卓玛', '关牧村', '孙茜', '蔡远航', '秦凯', '何姿', '齐秦', '张韶涵', '陈思思']",['2018丝路春晚'],"['音乐', '歌舞', '真人秀']",[''],[],[' 汉语普通话']
[' 意大利'],"['Gianfranco Cabiddu', 'Mario Tronco']",['83'],['10'],"['法布里齐奥·本蒂沃利奥', 'Ernesto Lopez Maturell', 'Violetta Zironi']",['维托里奥广场的魔笛 Il flauto magico di Piazza Vittorio'],"['剧情', '爱情', '歌舞']",[''],[],[' 意大利语']
[' 美国'],['Steven Soderbergh'],[],[],"['Ray Winstone', 'Catherine Zeta-Jones']",['克利奥 Cleo'],"['剧情', '爱情', '歌舞']",[''],[],[' 英语']
[' 美国'],"['加里·戈达尔', '布莱恩·辛格']",[],[],"['休·杰克曼', '克里斯蒂娜·阿奎莱拉', '哈维·费斯特恩', '丽娅·萨隆加', '马修·莫里森']",['Broadway 4D'],['歌舞'],[''],[],[' 英语']
[' 中国大陆'],[],[],[],"['常光希', '李思思', '尼格买提·热合曼', '陈苏', '耿晨晨', '腾格尔', '尚雯婕', '伍思凯', '平安', '戴荃', '扎西顿珠']",['世界动漫之夜'],"['音乐', '歌舞', '真人秀']",[''],[],[' 汉语普通话']
[' 美国'],['Gus Krieger'],['82'],['01'],"['Rhaechyl Walker', 'John Merchant', 'Dominique Toney']",['My Name Is Myeisha'],"['剧情', '歌舞', '犯罪']",[''],[],[' 英语']
[' 俄罗斯'],['Alina Chevik'],['132'],['06'],"['Andrey Alexandrin', 'Karine Asiryan', 'Olga Belyaeva', 'Andrey Birin', 'Natalia Bystrova', 'Denis Demkiv', 'Dmitri Ermak', '叶卡捷琳娜·古谢娃', 'Vlad Kiryukhin', 'Valeriya Lanskaya']",['音乐剧-安娜·卡列尼娜 Anna Karenina Musical'],['歌舞'],[''],[],[' 俄语']
[' 美国'],[],[],['10'],"['Aleksandrs Antonenko', 'Dmitri Belosselsky', 'Ryan Speedo Green', 'Quinn Kelsey', 'Anna Netrebko', 'Anita Rachvelishvili']",['威尔第《阿依达》 &#34;The Metropolitan Opera HD Live&#34; Verdi: Aida'],['歌舞'],[''],[],[' 意大利语']
[' 中国大陆'],['米夏埃尔·贝尔'],['124'],[],"['宗平', '姜昆']",['美丽的蓝色多瑙河'],"['音乐', '歌舞', '戏曲']",[''],[],[' 汉语普通话']
[' 美国'],[],[],['10'],"['Eva-Maria Westbroek', 'Jonas Kaufmann', 'Carlo Bosi', 'Željko Lučić', 'Michael Todd Simpson', 'Matthew Rose', 'Oren Gradus']",['普契尼《西部女郎》 &#34;The Metropolitan Opera HD Live&#34; Puccini: La Fanciulla del West'],['歌舞'],[''],[],[' 意大利语']
[' 美国'],"['格伦·维斯', 'Gregg Gelfand', 'Stan Morse']",['180'],['10'],"['卡迪·B', 'Camila Cabello', '玛丽亚·凯莉', 'The Chainsmokers', 'Ciara', 'Florida Georgia Line', 'Halsey', 'Khalid', 'Dua Lipa', '詹妮弗·洛佩兹', 'Post Malone', '肖恩·蒙德兹', '瑞塔·奥拉', 'Panic! at the Disco', '泰勒·斯威夫特', 'Twenty One Pilots', '嘉丽·安德伍德', 'Zedd']",['第46届全美音乐大奖颁奖典礼 American Music Awards 2018'],"['音乐', '歌舞', '真人秀']",[''],[],[' 英语']
[' 中国大陆'],[],[],['08'],"['朱一龙', 'TF家族', '韩东君', '至上励合', 'SNH48', '陈立农', '林彦俊', '王子异', '王琳凯', '尤长靖', '周锐', '郑锐彬', '刘人语', '陈瑶', '袁冰妍', '郭俊辰', '陈子由', '李斯丹妮', '钟易轩', '张睿', '赵天宇', '马伯骞', '周震南', '梁靖康', '吴希泽', '王鹤棣', '官鸿', '秦子墨', '左叶', '王菊', '陈乔恩', '徐海乔', '张雪迎', '郭麒麟', '韩沐伯', '靖佩瑶', '田一德', '程潇', '许靖韵']",['2018粉丝嘉年华盛典 2018 Weibo Fan Festival'],"['音乐', '歌舞', '脱口秀']",[''],[],[' 汉语普通话']
[' 中国大陆'],[],['360'],['07'],"['鞠婧祎', '黄婷婷', '李艺彤', '冯薪朵', '陆婷', '赵粤', '许佳琪', '张语格', '莫寒', '戴萌', '邱欣怡']",['“砥砺前行”SNH48 GROUP第五届偶像年度人气总决选演唱会'],"['音乐', '歌舞', '真人秀']",[''],[],[' 汉语普通话']
[' 中国大陆'],['郑小东'],['92'],['08'],"['尤天翔', '张颖冰', '秦汉擂', '郑梦琪', '侯耀华']",['三十那年'],"['爱情', '歌舞']",[''],[],[' 汉语普通话']
[' 意大利'],['Mario Gas'],['151'],['10'],"['Ermonela Jaho', 'Enkelejda Shkosa', 'Jorge de Leon', 'Angel Odena']",['蝴蝶夫人 Madama Butterfly'],"['音乐', '歌舞', '戏曲']",[''],[],[' 意大利语']
[' 意大利'],['David McVicar'],['133'],['09'],"['Renato Palumbo', 'Ermonela Jaho', 'Francesco Demuro', 'Juan Jesús Rodríguez', 'Joan Matabosch']",['茶花女 La Traviata'],"['爱情', '音乐', '歌舞', '戏曲']",[''],[],[' 意大利语']
[' 中国大陆'],[],[],['07'],"['李晨', '陈赫', '鹿晗', '邓超', '郑恺', '杨颖', '林俊杰', '陈立农', '宋茜', '容祖儿', '张韶涵', '张杰', '毛不易', '李荣浩', '孟美岐', '吴宣仪', '杨超越', '段奥娟', 'Yamy', '赖美云', '张紫宁', '杨芸晴', '李紫婷', '傅菁', '徐梦洁', '周洁琼']",['奔跑嘉年华'],"['音乐', '歌舞', '真人秀']",[''],[],[' 汉语普通话']
[' 中国大陆'],[],[],['08'],"['李宇春', '朱一龙', '钟欣潼', '陈立农', '张云龙', 'SNH48', '杨迪', '马伯骞', '何炅', '张若昀', '马可', '陈楚生', '汪苏泷', '郑业成', '张杰', '林更新', '大张伟', '许晓诺', '曾轶可', '包贝尔', '丁宁']",['青春芒果夜'],"['音乐', '歌舞', '真人秀']",[''],[],[' 汉语普通话']
[' 中国大陆'],"['程倩', '陈学武']",[],['10'],"['王力宏', '李宇春', '汪峰', '宋茜', '邓紫棋', '李荣浩', '潘玮柏', '陶晶莹', '秦岚', '刘维', '魏大勋', '蔡徐坤', '陈粒', '大张伟', '关晓彤', '罗志祥']",['浙江卫视秋季盛典'],"['歌舞', '真人秀']",[''],[],[' 汉语普通话']
[' 中国大陆'],[],[],[],"['吴映香', '易烊千玺', '蔡国庆', '康妮·塔波特', '王俊凯', '王源']",['2018年中央广播电视总台六一晚会'],"['音乐', '歌舞', '儿童', '真人秀']",[''],[],[' 汉语普通话']
[' 中国大陆'],[],['130'],['01'],[],['相聚中国节·出发2018'],"['歌舞', '真人秀']",[''],[],[' 汉语普通话']
[' 英国'],[],['110'],['12'],['马修·伯恩'],['马修·伯恩之灰姑娘 Matthew Bourne’s Cinderella'],"['爱情', '歌舞', '戏曲']",[''],[],[' 英语']
[' 中国大陆'],[],[],['03'],"['大张伟', '薛之谦', '胡彦斌', '何洁', '汪苏泷', '腾格尔']",['2018江苏卫视元宵晚会'],"['音乐', '歌舞']",[''],[],[' 汉语普通话']
[' 美国'],['艾力克斯·鲁津斯基'],['118'],['08'],"['艾瑞莎·弗兰克林', '布蕾克·莱弗利', '米莉·波比·布朗', '奥立薇娅·玛恩', '麦当娜', '阿曼德拉·斯坦伯格 ', '詹妮弗·洛佩兹', '凯文·哈特', '妮琪·米娜', '爱莉安娜·格兰德', '蒂凡尼·哈迪斯', '薛·米契尔', '科甘-迈克尔·凯', '科曼', '蓝尼·克罗维兹', '瑞塔·奥拉', '肖恩·蒙德兹', 'DJ卡拉德', '利亚姆·佩恩', 'Gucci Mane', 'Aerosmith']",['2018 MTV音乐录影带颁奖典礼 2018 MTV Video Music Awards'],"['音乐', '歌舞', '真人秀']",[''],[],[' 英语']
[' 美国'],['托姆·齐穆尼'],['153'],['12'],"['布鲁斯·斯普林斯汀', 'Patti Scialfa']",['斯普林斯汀：百老汇音乐会 Springsteen on Broadway'],"['音乐', '歌舞']",[''],[],[' 英语']
[' 中国大陆'],[],['120'],['03'],"['王俊凯', '张一山', '杨紫', '郭富城', '张靓颖']",['年轻造未来浙江卫视春季盛典'],"['歌舞', '真人秀']",[''],[],[' 汉语普通话']
[' 美国'],[],[],['10'],"['Roberto Alagna', 'Elīna Garanča', 'Laurent Naouri', 'Elchin Azizov', 'Dmitry Belosselskiy']",['圣桑《参孙与达丽拉》 &#34;The Metropolitan Opera HD Live&#34; Saint-Saëns: Samson et Dalila'],['歌舞'],[''],[],[' 法语']
[' 中国大陆'],[],[],['02'],"['吉祥三宝', '大张伟', '薛之谦', '何洁', '胡彦斌', 'Mike', '金Samuel', '汪苏泷', '蔡国庆', '陈明', '张明敏']",['幸福中国年 2018江苏卫视春节联欢晚会'],"['音乐', '歌舞']",[''],[],[' 汉语普通话']
[' 中国大陆'],['王健'],['75'],['02'],"['孔雪儿', '刘雨昕', '罗姝涵', '张希雅', '关凯元', '许和琪', '张悠然']",['蜜蜂少女队'],"['剧情', '音乐', '歌舞']",[''],[],[' 汉语普通话']
[' 中国大陆'],['陈学武'],[],['12'],"['成龙', '邓超', '李健', '林俊杰', '鹿晗', '杨颖', '张靓颖', '范丞丞', '蔡徐坤', '李晨', '陈赫', '郑恺', '王祖蓝', '胡彦斌', '谭维维', '王嘉尔', '黄日华', '魏大勋', '黄明昊', '朱正廷', '尤长靖', '毕雯珺', '丁泽仁', '李权哲', '黄新淳', '贾乃亮', '韩雪', '苏青', '王晓晨', '檀健次', '钟楚曦', '哈妮克孜', '王以太', '王北车', '小潘潘', '大壮']",['浙江卫视领跑2019爱你依旧演唱会'],"['歌舞', '真人秀']",[''],[],[' 汉语普通话']
[' 中国大陆'],[],[],['02'],[],['哔哩哔哩2018拜年祭'],"['动画', '同性', '音乐', '歌舞', '真人秀']",[''],[],[' 汉语普通话 / 日语']
[' 中国大陆'],"['阎清秀', '于德安']",['90'],['11'],"['玉米提', '古丽米娜·麦麦提', '金星']",['你美丽了我的人生'],"['爱情', '音乐', '歌舞']",[''],[],[' 汉语普通话']
[' 日本'],['いのうえひでのり'],[],['03'],"['天海祐希', '古田新太', '龙星凉', '清水ゆみ', '三宅弘城', '山本 亨', '梶原善', '古田新太 Arata Furuta']",['修罗天魔～骷髅城的七人 Season极 修羅天魔～髑髏城の七人 Season極'],"['歌舞', '奇幻', '古装']",[''],[],[' 日语']
[' 英国'],['加里·哈勒沃尔森'],[],['11'],"['Na Young Jeon', 'Connor Mason', 'Ruthie Ann Miles', '凯莉·奥哈拉', 'Naomi Sue', '渡边谦']",['国王与我 The King and I'],"['剧情', '爱情', '歌舞']",[''],[],[' 英语']
[' 中国大陆'],[],['195'],['03'],"['何炅', '吴昕', '华晨宇', '袁娅维', '范湉湉', '瞿颖', '靳梦佳', '李锐', '乔杉', '张小斐', '何欢', '大张伟', '张云龙', '韩东君', '沈梦辰', '金婧', '陶奕希', '李谷一', '崔雅涵', '李莎旻子', '刘烨', '林依晨', '潘粤明', '刘宪华', '霍尊', '徐海乔', '任嘉伦', '李熹子']",['湖南卫视元宵喜乐会2018'],"['音乐', '歌舞', '真人秀']",[''],[],[' 汉语普通话']
[' 韩国'],[],[],['12'],"['全炫茂', '赵宝儿']",['2018 SBS歌谣大战 2018 SBS 가요대전'],"['音乐', '歌舞']",[''],[],[' 韩语']
[' 中国大陆'],[],[],['03'],"['张信哲', '潘玮柏', '邓紫棋', '许魏洲', '金志文', '小沈龙', '郦波', '巩汉林']",['2018安徽卫视元宵晚会'],"['音乐', '歌舞']",[''],[],[' 汉语普通话']
[' 韩国'],[],[],['12'],"['全炫茂', '赵宝儿']",['2018 SBS歌谣大战 2018 SBS 가요대전'],"['音乐', '歌舞']",[''],[],[' 韩语']
[' 美国'],['Leon Knoles'],['120'],['04'],"['麦莉·赛勒斯', 'Lady Gaga', '埃尔顿·约翰', '卡莎', '米兰达·莱伯特', '约翰·传奇', '克里斯·马汀', '肖恩·蒙德兹']",['Elton John: I&#39;m Still Standing - A Grammy Salute'],"['音乐', '歌舞']",[''],[],[' 英语']
[' 美国'],['哈密什·汉密尔顿'],['144'],['11'],"['海莉·斯坦菲尔德', '琳赛·洛翰', '黛比·瑞恩', '迈克尔·佩纳', '迭戈·卢纳', '泰瑞·克鲁斯', '妮琪·米娜', '哈尔希', '伊万·罗斯', '珍妮·杰克逊', '阿什丽·辛普森', '卓丹·邓', 'Jason Derulo', '大卫·库塔']",['2018年MTV欧洲音乐大奖 MTV Europe Music Awards'],"['音乐', '歌舞', '真人秀']",[''],[],[' 英语']
[' 法国'],['Marc Fouchard'],[],[],"['萨巴纳·奥扎尼', '凯文·米契尔']",['霹雳舞 BREAK'],"['喜剧', '歌舞']",[''],[],[' 法语']
[' 美国'],[],[],['12'],"['Diana Damrau', 'Juan Diego Flórez', 'Quinn Kelsey']",['威尔第《茶花女》 &#34;The Metropolitan Opera HD Live&#34; Verdi: La Traviata'],['歌舞'],[''],[],[' 意大利语']
[' 巴基斯坦'],['Nabeel Qureshi'],['135'],['08'],"['Fahad Mustafa', 'Mehwish Hayat']",['加载婚礼 Load Wedding'],"['喜剧', '爱情', '歌舞']",[''],[],[' 乌尔都语']
[' 美国 / 加拿大 Canada'],"['Ishi Rudell', 'Katrina Hadley']",['44'],['07'],"['阿什莉·鲍尔', '安德莉亚·利布曼', 'Rebecca Shoichet', '塔比莎·杰曼', '塔拉·斯特朗', '泰根·摩斯', '詹姆斯·柯克', '山姆·文森特', '史葛·麦克尼尔', 'Richard Newman', 'Kazumi Evans']",['小马国女孩 一波三折的友谊 My Little Pony Equestria Girls: Rollercoaster of Friendship'],"['剧情', '动画', '歌舞', '家庭', '奇幻']",[''],[],[' 英语']
[' 中国大陆'],['陈学武'],[],['12'],"['成龙', '邓超', '李健', '林俊杰', '鹿晗', '杨颖', '张靓颖', '范丞丞', '蔡徐坤', '李晨', '陈赫', '郑恺', '王祖蓝', '胡彦斌', '谭维维', '王嘉尔', '黄日华', '魏大勋', '黄明昊', '朱正廷', '尤长靖', '毕雯珺', '丁泽仁', '李权哲', '黄新淳', '贾乃亮', '韩雪', '苏青', '王晓晨', '檀健次', '钟楚曦', '哈妮克孜', '王以太', '王北车', '小潘潘', '大壮']",['浙江卫视领跑2019爱你依旧演唱会'],"['歌舞', '真人秀']",[''],[],[' 汉语普通话']
[' 中国大陆'],[],['92'],['03'],"['关晓彤', '潘长江', '任嘉伦']",['2018北京卫视元宵晚会'],"['音乐', '歌舞']",[''],[],[' 汉语普通话']
[' 中国大陆'],['郭志荣'],['90'],['06'],"['张黎', '李洪大']",['我，在贵州等你'],"['剧情', '爱情', '歌舞']",[''],[],[' 汉语普通话']
[' 中国大陆'],[],[],['02'],"['叶童', '赵雅芝', 'Jessie J', '杨宗纬', '苏诗丁', '张碧晨', '沙宝亮']",['文化中国 四海同春 2018全球华侨华人春节大联欢'],"['音乐', '歌舞']",[''],[],[' 汉语普通话']
[' 美国'],['Alessandro Carloni'],[],[],"['Annelies van de Velde', '乔什·加德']",['我和我的影子 Me and My Shadow'],"['动画', '音乐', '歌舞']",[''],[],[' 英语']
[' 中国大陆'],[],['180'],['10'],"['李艺彤', '冯薪朵', '陆婷', '莫寒', '赵粤', '许佳琪', '戴萌', '钱蓓婷 Beiting Qian', '吴哲晗', '孔肖吟', '苏杉杉', '段艺璇', '张语格', '吕一', '李宇琪', '孙芮', '何晓玉', '谢妮', '费沁源', '洪珮雲', '林楠', '万丽娜', '许杨玉琢', '陈琳', '陈韫凌', '杨冰怡', '张丹三', '陈美君', '胡丽芝', '胡晓慧', '刘姝贤', '林溪荷', '青钰雯', '沈小爱', '孙晓艳', '田姝丽', '熊素君', '闫明筠', '张梦慧', '杨鑫', '陈倩楠', '马玉灵', '张笑盈', '刘胜男', '冯思佳', '李娜', '李想', '杨一帆', '顼凘炀', '陈雅钰', '房蕾', '葛司琪', '黄恩茹', '何阳青青', '金锣赛', '李泓瑶', '刘闲', '任心怡', '孙语姗', '王雨煊', '杨晔', '叶苗苗', '张怀瑾', '刘一菲', '杨宇馨', '彭嘉敏', '周湘', '熊鑫', '张丹丹', '李丽满', '程宇璐', '陈珂', '高源婧', '张琼予', '朱怡欣', '肖文铃', '刘力菲', '卢静', '唐莉佳', '刘倩倩', '郑丹妮', '陈桂君', '王炯义', '王偲越', '杜秋霖', '余芷媛', '韩家乐', '赵佳蕊', '王诗蒙', '孙敏', '司珀琳', '李慧', '卢天惠', '赖梓惜', '付紫琪', '高志娴', '郑洁丽', '张羽涵', '王雨兰', '张爱静', '李晴', '王菲妍', '冉蔚', '柏欣妤', '李姗姗', '毛译晗', '谯玉珍', '王露皎', '郝婧怡', '韩林芹', '郭静', '高山峰', '张雨鑫', '海陆']",['SNH48 GROUP x 米娜mina 第四届年度风尚大赏'],"['音乐', '歌舞', '真人秀']",[''],[],[' 汉语普通话']
[' 中国大陆'],[],[],['02'],"['费玉清', '罗志祥', '谭维维', '潘长江', '王小利', '贾冰', '大壮', '周涛', '杭天琪', '程琳', '甘萍']",['幸福出发 2018山东卫视春节联欢晚会'],"['音乐', '歌舞']",[''],[],[' 汉语普通话']
[' 美国'],"['Denny Lu', 'Mike Myhre', 'Jim Miller']",['44'],['10'],"['塔拉·斯特朗', '安德莉亚·利布曼', '阿什莉·鲍尔', '塔比莎·杰曼', '凯西·薇瑟乐克', '约翰·德·兰西', '山姆·文森特', '加里·切克', 'Meaghan Hommy', '史葛·麦克尼尔', 'Ingrid Nilson', 'Sean Thomas', '安德鲁·弗朗西斯', '布瑞特·麦考利普', 'Alison Wandzura', 'Asia Mattu', 'Rebecca Shoichet', 'Kazumi Evans', '珊农·陈-肯特']",['我的小马驹：2018圣诞特辑 My Little Pony: Best Gift Ever'],"['喜剧', '动画', '歌舞', '家庭']",[''],[],[' 英语']
[' 韩国'],[],[],['01'],"['金希澈', '金所泫', '申东烨']",['2017首尔歌谣大赏'],"['音乐', '歌舞']",[''],[],[' 韩语']
[' 中国大陆'],[],[],['02'],"['李宇春', '五月天', 'S.H.E', '蔡依林', '梁朝伟', '井柏然', '白百何', '柳岩', '吴莫愁', '许飞', '沙溢', '胡可', '杨佑宁', '张俪', '凤凰传奇', '霍尊', '李玉刚', '贾玲', '宋小宝']",['2018浙江卫视春节联欢晚会'],"['音乐', '歌舞']",[''],[],[' 汉语普通话']
[' 中国大陆'],[],[],['02'],"['李宇春', '成龙', '吴京', '谢楠', '黄晓明', '林心如', '关晓彤', '景甜', '潘粤明', '陈冲', '刘晓庆', '斯琴高娃', '张瑜', '秦岚', '刘芸', '靳东', '袁泉', '秦俊杰', '任嘉伦', '许魏洲', '曹云金', '蔡国庆', '徐帆', '冯小刚', '冯巩', '宋小宝']",['Go精彩 Go幸福 2018北京卫视春节联欢晚会'],"['音乐', '歌舞']",[''],[],[' 汉语普通话']
[' 中国大陆'],['杨东升'],['109'],['03'],"['任鲁豫', '康辉', '朱迅', '尼格买提·热合曼', '李思思', '张也', '吕继宏', '张凯丽', '孙涛', '王小玮', '霍思燕', '常远', '乌兰图雅', '李谷一', '汪正正', '王祖蓝', '李亚男', '王晰', '师鹏', '塔斯肯', '皓天', '汤非', '孙楠', '白鸽']",['2018年中央电视台元宵晚会'],"['音乐', '歌舞', '真人秀']",[''],[],[' 汉语普通话']
[' 中国大陆'],[],[],['02'],"['潘玮柏', '邓紫棋', '许魏洲', '张信哲', '刘谦', 'SNH48', '郭冬临', '巩汉林', '凤凰传奇', '金志文', '韩再芬', '雷佳', '苗阜', '王声', '邵峰']",['江淮欢腾新时代 2018安徽卫视春节联欢晚会'],"['音乐', '歌舞']",[''],[],[' 汉语普通话']
[' 中国大陆'],[],[],['02'],"['孙俪', '毛不易', '胡一天', '于谦', '郭麒麟', '岳云鹏', '张鹤伦', '郑业成', '小沈阳', '宋小宝', '肖央', '王迅', '乔杉', '蔡国庆', '许魏洲', '李健', '邓紫棋', '侯明昊', '冯绍峰', '包贝尔']",['春满东方 2018东方卫视春节晚会'],"['音乐', '歌舞']",[''],[],[' 汉语普通话']
[' 中国大陆'],[],[],['03'],"['张国立', '王刚', '张铁林', '张嘉译', '杨幂', '马伊俐', '王凯', '吴奇隆', '黄晓明', '刘涛', '张晨光', '胡杏儿', '何润东', '俞灏明', '许娣', '刘佩琦', '翟天临', '颖儿', '孙俪', '张译', '江疏影', '武大靖', '保剑锋', '陈龙', '袁泉', '郭京飞']",['剧耀东方 2018电视剧品质盛典'],"['音乐', '歌舞']",[''],[],[' 汉语普通话']
[' 菲律宾'],['Jason Paul Laxamana'],['105'],['08'],"['Vance Larena', 'Nikko Natividad', 'Devon Seron']",['荞麦男孩 Bakwit Boys'],['歌舞'],[''],[],[' 菲律宾语 / 他加禄语']
[' 中国大陆'],[],['286'],['12'],"['汪峰', '张惠妹', '崔健', '韩磊', '杨坤', '郑钧', '周冬雨', '张韶涵', '关晓彤', '潘粤明', 'ONER', '许魏洲', '腾格尔', '金志文', '吴莫愁', '周笔畅', '于朦胧', '熊梓淇', '张震岳', '花泽香菜', '冯提莫', '阿肆', '阿里郎', '侯明昊', 'SNH48', '张信哲', '迪玛希', '动力火车', '南征北战']",['北京卫视2019环球跨年冰雪盛典'],"['音乐', '歌舞']",[''],[],[' 汉语普通话']
[' 美国'],[],[],[],[],['The Last Breakfast Club'],['歌舞'],[''],[],[]
