地区,导演,时长,月份,演员,电影名,类型,评分,评论数,语言
[' 中国大陆 / 香港'],['张艺谋'],['116'],"['09', '09']","['邓超', '孙俪', '郑恺', '王千源', '王景春', '胡军', '关晓彤', '吴磊', '封柏']",['影'],"['剧情', '动作', '武侠', '古装']",['7.2'],['412006'],[' 汉语普通话']
[' 中国大陆'],['张萌'],['78'],['07'],"['明俊臣', '刘语乔', '郭凯', '孔子曰', '王紫垣']",['夺命剑之风云再起'],"['悬疑', '武侠', '古装']",['6.5'],['298'],[' 汉语普通话']
[' 中国大陆 / 香港'],['徐克'],['132'],['07'],"['赵又廷', '冯绍峰', '林更新', '阮经天', '马思纯', '刘嘉玲', '盛鉴', '杨一威', '唐古特·宝日夫', '张傲月', '孙蛟龙', '汪汐潮', '铁男', '李炳雷', '许明虎']",['狄仁杰之四大天王'],"['动作', '悬疑', '奇幻', '武侠', '古装']",['6.1'],['208985'],[' 汉语普通话']
[' 中国大陆'],['张萌'],['68'],['07'],"['明俊臣', '刘语乔', '郭凯', '孔子曰', '王紫垣']",['夺命剑之喋血江湖'],"['悬疑', '武侠', '古装']",['5.9'],['153'],[' 汉语普通话']
[' 中国大陆'],"['项秋良', '项河生']",['77'],['11'],"['陈子由', '刘林城', '康宁']",['四大名捕之入梦妖灵'],"['动作', '悬疑', '武侠']",['5.2'],['1072'],[' 汉语普通话']
[' 中国大陆'],['张哲'],['73'],['04'],"['谢苗', '廖威廉', '付小仙']",['刺客荣耀·荆轲'],['武侠'],['5.1'],['270'],[' 汉语普通话']
[' 中国大陆'],['林珍钊'],['104'],['05'],"['赵文卓', '唐文龙', '韦娜', '李璐兵', '陈晨', '李炳渊', '魏小欢', '许政国']",['黄飞鸿之南北英雄'],"['动作', '武侠']",['4.6'],['5409'],[' 汉语普通话']
[' 中国大陆'],['武越'],[],['04'],"['刘旭阳', '刘馨棋', '于轩洪灏', '山长凯']",['盛唐妖异志'],"['武侠', '古装']",['4.4'],['180'],[' 汉语普通话']
[' 中国大陆'],['张著麟'],['80'],['01'],"['袁布', '夏阳', '文东俊', '郑亚飞']",['白门五甲'],"['动作', '奇幻', '武侠', '古装']",['4.2'],['139'],[' 汉语普通话']
[' 中国大陆'],['刘轩狄'],['68'],['04'],"['曹国涛', '林枫烨', '腾艺', '王佳希']",['伏妖开封府之御猫展昭'],"['动作', '奇幻', '武侠']",['3.9'],['157'],[' 汉语普通话']
[' 中国大陆'],['王子'],['86'],['04'],"['晋松', '张姮儿', '李雅男', '辛新', '郑茜', '关美婷']",['疯魔鲁智深'],"['动作', '传记', '武侠', '古装']",['3.6'],['277'],[' 汉语普通话']
[' 中国大陆'],['麦子善'],['91'],['12'],"['赵文卓', '母其弥雅', '韦娜', '李璐兵', '陈晨', '魏小欢', '郜玄铭', '泽田谦也']",['黄飞鸿之怒海雄风'],"['动作', '武侠']",['3.6'],['1416'],[' 汉语普通话']
[' 中国大陆 / 香港'],['刘伟强'],['104'],['12'],"['古天乐', '陈学冬', '郭碧婷', '包贝尔', '王太利', '周冬雨', '吴樾', '潘斌龙', '孔连顺', '刘浩', '梁大维', '许君聪', '方中信', '何润东', '薛凯琪', '颖儿', '李灿森', '卢惠光']",['武林怪兽'],"['喜剧', '奇幻', '武侠']",['3.5'],['20846'],[' 汉语普通话']
[],[],['84'],['08'],"['吴卓羲', '李熹子', '李亚男', '赵闪闪']",['蜀山降魔传'],"['动作', '爱情', '武侠']",['2.6'],['409'],[]
[' 中国大陆'],"['鞠觉亮', '王艺']",['92'],['04'],"['杜淳', '甘婷婷', '陈龙']",['天伤星武松'],"['动作', '武侠', '古装']",[''],[],[' 汉语普通话']
[' 中国大陆'],['饶仿'],['72'],['07'],"['陈亚雷', '郭金', '刘凌伟']",['刀马镇之永贞'],"['武侠', '古装']",[''],[],[' 汉语普通话']
[' 中国大陆'],"['轩祥杰', '杨德志']",['80'],['03'],"['李梦羲', '王瀚（小羽）', '叶子茂']",['特殊管理局'],"['喜剧', '动作', '武侠']",[''],[],[' 汉语普通话']
[' 中国大陆'],['周昊'],['70'],['05'],"['张瀚文', '叶沛', '孙曳汐', '马丹阳']",['龙水降'],"['喜剧', '动作', '悬疑', '武侠']",[''],[],[' 汉语普通话']
[' 中国大陆'],['王腾飞'],['95'],['08'],"['胡高峰', '罗雅文', '文力']",['隐天子之大话江湖'],"['剧情', '武侠']",[''],[],[' 汉语普通话']
[' 中国大陆'],['田少波'],['86'],['07'],"['程琢', '熊玉婷', '杜玉明', '尹泽强']",['广东十虎黄澄可之逢凶化吉'],"['剧情', '动作', '武侠', '古装']",[''],[],[' 汉语普通话']
[' 中国大陆'],['胡海涛'],[],['08'],"['逯爱岩', '撖荣', '王侃', '朱瑞祥', '鲁文秀', '于慧涛', '姜昊', '刘子兮']",['战红颜'],"['剧情', '武侠', '古装']",[''],[],[' 汉语普通话']
[' 中国大陆'],['徐俊'],['91'],[],"['诺瑶', '方帅', '金宁', '钱昱旭', '郑惜月']",['风流剑客'],"['动作', '爱情', '武侠', '古装']",[''],[],[' 汉语普通话']
[' 中国大陆'],['高扬'],[],['12'],"['刘晓涵', '丞磊']",['少女侠之长生诀'],"['喜剧', '动作', '爱情', '武侠']",[''],[],[' 汉语普通话']
[' 中国大陆'],['罗誉'],['90'],['09'],"['陈叶玲', '景研竣', '于函冰', '岳小弦', '郭美林子', '杨晓波', '王瀚博', '韩金明', '李振', '龙亦龙']",['少年忍师—司徒家1'],"['动作', '冒险', '武侠']",[''],[],[' 汉语普通话']
[' 中国大陆'],['吴桐'],['66'],['09'],"['黄一荣', '余俪', '马永康', '陈升卫']",['仙剑伏魔：倩女玄姬'],"['爱情', '武侠', '古装']",[''],[],[' 汉语普通话']
[' 中国大陆'],['田少波'],['85'],['11'],"['程琢', '孙丹丹', '金宁', '关伟君']",['广东十虎黄澄可之云起龙骧'],"['剧情', '动作', '武侠', '古装']",[''],[],[' 汉语普通话']
[' 中国大陆'],['张宴尘'],['90'],['04'],"['何为', '黄诗佳', '赵思玫', '王鑫尧', '胡天成', '王海洋', '张元洲', '哈松']",['飞鸿笑传之黑蝙蝠'],"['喜剧', '动作', '爱情', '历史', '冒险', '武侠', '古装']",[''],[],[' 汉语普通话']
[' 中国大陆'],['李承达'],['83'],['01'],"['古亚鹏', '郑伇奇', '邰靖懿', '王硕']",['飘逸法师之冥界女妖'],"['剧情', '喜剧', '爱情', '奇幻', '冒险', '武侠', '古装']",[''],[],[' 汉语普通话']
[' 中国大陆'],['黄松'],['91'],[],"['张帆', '蒿雨雨', '赵小锐', '石小满', '张博豪 ', '李圣雄']",['江湖英雄联盟之血瞳杀机'],['武侠'],[''],[],[' 汉语普通话']
[' 中国大陆'],['田少波'],['86'],[],"['程琢', '孙文雪', '杨军', '钟卫华']",['广东十虎黄澄可之荆天棘地'],"['剧情', '动作', '悬疑', '武侠', '古装']",[''],[],[' 汉语普通话']
[' 中国大陆'],['资承'],['87'],['04'],['戴乾宇'],['别了江湖之亡命仙女山'],"['喜剧', '动作', '武侠']",[''],[],[' 汉语普通话']
[' 中国大陆'],"['潘礼平', '奉万里']",[],[],"['祁晟原', '释小松', '杨知周', '李俊豪', '陈舒宜', '周巧诒', '黄林依阳', '周冉', '马英智']",['小戏骨：包青天之铡庞昱'],"['剧情', '悬疑', '儿童', '武侠', '古装']",[''],[],[' 汉语普通话']
[' 中国大陆'],['黄松'],['93'],[],"['杨旸', '薛江涛', '杨梓铎']",['江湖英雄联盟之毒手仁心'],"['剧情', '动作', '爱情', '悬疑', '武侠', '古装']",[''],[],[' 汉语普通话']
[' 中国大陆'],['陆春伟'],[],[],"['梁家仁', '李智雪', '楼学贤', '秦天宇']",['九面怪侠'],"['动作', '武侠', '古装']",[''],[],[' 汉语普通话']
[' 中国大陆'],['何明'],['91'],[],"['崔友斌', '瞿璘', '李岩', '钱晨杰', '方帅']",['草莽春秋（下）'],"['剧情', '动作', '悬疑', '武侠', '古装']",[''],[],[' 汉语普通话']
[' 中国大陆'],['梅志刚'],['87'],"['03(中国大陆)"">2018']",[],['山寨之王'],"['剧情', '喜剧', '悬疑', '武侠', '古装']",[''],[],[' 汉语普通话']
[' 中国大陆'],['智慧杰'],[],[],[],['张三丰传奇'],"['动作', '武侠']",[''],[],[' 汉语普通话']
[' 中国大陆'],['战波'],['90'],[],[],['修仙学院'],"['爱情', '科幻', '武侠', '古装']",[''],[],[' 汉语普通话']
[' 中国大陆'],['黄松'],['91'],[],"['杨钧承', '田鑫雨', '龍昇']",['江湖英雄联盟之暴走士兵'],"['剧情', '动作', '武侠', '古装']",[''],[],[' 汉语普通话']
[' 中国大陆'],['何明'],['92'],[],"['崔友斌', '瞿璘', '李岩', '钱晨杰']",['草莽春秋（上）'],"['剧情', '动作', '悬疑', '武侠', '古装']",[''],[],[' 汉语普通话']
[' 中国大陆'],['陈咏歌'],['95'],[],"['刘凯', '樊伟鹏', '钱琦', '应媛']",['半步崩拳'],"['剧情', '动作', '武侠', '古装']",[''],[],[' 汉语普通话']
[' 中国大陆'],['赵箭'],['88'],[],"['施骏喆', '辛诗琪', '李圣雄', '穆萨']",['百家拳之董海川'],"['剧情', '动作', '武侠', '古装']",[''],[],[' 汉语普通话']
[' 中国大陆'],['王崴'],['87'],[],"['李易霖', '王思捷', '许可', '辛伯颖']",['御林九处之千钧镇'],"['剧情', '动作', '悬疑', '武侠', '古装']",[''],[],[' 汉语普通话']
[' 中国大陆'],['王崴'],['84'],[],"['李易霖', '王思捷', '许可', '辛伯颖']",['御林九处之百重杀'],"['剧情', '动作', '悬疑', '武侠', '古装']",[''],[],[' 汉语普通话']
[' 中国大陆'],['曾伏虎'],[],[],[],['水飞燕'],['武侠'],[''],[],[' 英语 / 法语 / 粤语']
[' 中国大陆'],['王玉'],['84'],[],"['于方一', '罗彬', '张雍 Yong Zhang']",['凌云山庄传奇之擒凶'],"['剧情', '武侠', '古装']",[''],[],[' 汉语普通话']
[' 中国大陆'],['楚人勤'],[],[],"['付赫安琪', '杨乾龙', '孙海洋', '李沛槿', '周敬峰', '何蕊孜']",['妖梦西游之蝎精女儿国'],"['喜剧', '动作', '悬疑', '奇幻', '冒险', '武侠', '古装']",[''],[],[' 汉语普通话']
[' 中国大陆'],['王玉'],[],[],"['于方一', '罗彬', '张雍']",['凌云山庄传奇之杀机'],"['剧情', '动作', '武侠', '古装']",[''],[],[' 汉语普通话']
[' 中国大陆'],['黄松'],['89'],[],"['李圣雄', '张文婷', '爱戴', '彭沐怡']",['江湖英雄联盟之奇门惊情'],"['剧情', '动作', '武侠', '古装']",[''],[],[' 汉语普通话']
[' 中国大陆'],['张延斌'],['65'],['04'],"['宗峰岩', '孙昊', '蒋奕夫', '卿雯', '朱嘉镇', '高毅']",['八侍卫之王者天下'],"['动作', '悬疑', '武侠']",[''],[],[' 汉语普通话']
[' 中国大陆'],['龙仕京'],[],"['06(中国大陆)"">2018']","['游佳菲', '梁小龙']",['别闹了'],"['剧情', '动作', '悬疑', '恐怖', '犯罪', '武侠']",[''],[],[' 汉语普通话']
[' 中国大陆'],['杨新磊'],['115'],['12'],['王嬿雯 / 倪婷 / 刘雨 / 解正民 / 齐高礼 /  张博升 / 孙叶彤 / 王延军 / 毛小东 / 李海军 / 罗天社 / 刘晓东 / 郭红娟 / 张永安 / 牛波 / 张华 / 曹光新 / 樊亚莉 / 孙会臣 / 颜争趣 / 刘景花 / 常青 /  厍梦娜 / 杨海鱼 /  苏琦 /  裴万全'],['法门寺之侠女神器'],"['剧情', '动作', '悬疑', '武侠', '古装']",[''],[],[' 汉语普通话']
[' 中国大陆'],['黄庆奇'],['89'],[],"['张雍', '李易霖', '李旭东', '梅玲']",['非常四侠之杀手廿一'],"['剧情', '动作', '武侠', '古装']",[''],[],[' 汉语普通话']
[' 中国大陆'],['王玉'],[],[],"['于方一', '罗彬', '张雍']",['凌云山庄传奇之夺权'],"['剧情', '武侠', '古装']",[''],[],[' 汉语普通话']
[' 中国大陆'],['吴俊贤'],[],['03'],"['李泽鹏', '黄语森', '金泰伶', '庄瀚']",['跃影江湖之龙门之约'],"['武侠', '古装']",[''],[],[' 汉语普通话']
[' 中国大陆'],['何明'],[],[],"['何李宁', '袁中方']",['纵横江湖'],"['剧情', '动作', '冒险', '武侠', '古装']",[''],[],[' 汉语普通话']
[' 中国大陆'],['黄庆奇'],['90'],[],"['张雍', '李易霖', '李旭东', '梅铃']",['非常四侠之初入公门'],"['剧情', '动作', '武侠', '古装']",[''],[],[' 汉语普通话']
[' 中国大陆'],['孙传林'],['87'],[],"['李广斌', '李岩', '佴文', '杨丑蟾', '赵永占']",['锦衣卫之初露锋芒'],"['剧情', '动作', '悬疑', '武侠', '古装']",[''],[],[' 汉语普通话']
[' 中国大陆'],['周礼银'],['87'],['11'],"['王琳迪', '杨景超']",['千年白狐'],"['爱情', '奇幻', '武侠', '古装']",[''],[],[' 汉语普通话']
[' 中国大陆'],"['孙准', '郭岳华']",[],['05'],"['赵杰', '孙梦纯']",['修罗狱之彼岸花'],"['剧情', '动作', '武侠', '古装']",[''],[],[' 汉语普通话']
[' 中国大陆'],['杨翼'],['72'],['02'],"['王鹤鸣', '黄浩', '董立范', '胡悦']",['大明贱客'],"['喜剧', '武侠', '古装']",[''],[],[' 汉语普通话']
[' 中国大陆'],['高博'],['90'],['12'],"['李昂', '孟浩强', '于雷']",['刀剑道'],"['动作', '武侠']",[''],[],[' 汉语普通话']
[' 中国大陆'],['杨振豪'],['90'],['04'],"['申琦', '张颖颖', '石天龙', '常海波']",['最后的锦衣卫'],"['动作', '武侠']",[''],[],[' 汉语普通话']
[' 中国大陆'],['张文东'],['95'],['10'],"['陈雨成', '汤婴皓', '王永强', '周升']",['反叛者'],"['动作', '爱情', '武侠', '古装']",[''],[],[]
[' 中国大陆'],['张文东'],['95'],['09'],"['徐海为', '宋晨', '宋靖雯']",['锦衣喋血'],"['动作', '爱情', '武侠', '古装']",[''],[],[' 汉语普通话']
[' 中国大陆'],['罐头'],[],['08'],"['陈意涵', '刘铠维', '吴昊泽']",['大唐妖物志杀人凤凰'],"['悬疑', '武侠', '古装']",[''],[],[]
[' 中国大陆'],['徐俊'],[],['05'],"['徐少强', '郑惜月', '沈保平', '钱门超', '孙奉招', '温海波', '孟航', '周懿函', '张春仲']",['刀震江湖'],"['动作', '武侠', '古装']",[''],[],[' 汉语普通话']
[' 中国大陆'],['司淑斌'],['88'],"['02(中国大陆)"">2018']","['商蓉', '李振起', '韩帅', '张倍瑜']",['侠义神捕之对弈'],"['剧情', '武侠', '古装']",[''],[],[' 汉语普通话']
[' 中国大陆'],['丁伦'],[],['11'],"['李孟羲', '杨欢', '何其炜']",['新七侠五义之屠龙案'],"['悬疑', '武侠', '古装']",[''],[],[' 汉语普通话']
[' 中国大陆'],['栗心博'],[],['07'],"['冼色丽', '徐子力', '宋星翰', '飞尔多斯', '王伟安']",['方世玉之人在江湖'],"['喜剧', '动作', '历史', '犯罪', '武侠', '古装']",[''],[],[' 汉语普通话']
[' 中国大陆'],['刘鸿志'],['83'],['11'],"['何蓝逗', '森竣']",['盖世英雄'],"['动作', '爱情', '武侠']",[''],[],[' 汉语普通话']
[' 中国大陆'],['轲然'],['60'],['02'],"['兰斯禹', '李想', '李小明']",['猫妖传2018'],"['奇幻', '武侠']",[''],[],[' 汉语普通话']
[' 中国大陆'],['张磊'],['96'],['10'],"['崔友斌', '鲁筱冉', '李岩', '杨晓波']",['乾阳侠曲'],"['剧情', '动作', '武侠', '古装']",[''],[],[' 汉语普通话']
[' 中国大陆'],['张磊'],['96'],[],"['杨竣羽', '彭静', '刘倬廷']",['玄武门之殇'],"['剧情', '爱情', '历史', '武侠', '古装']",[''],[],[' 汉语普通话']
[' 中国大陆'],['项晖'],[],[],"['黄健', '翟璘', '陈佳佳']",['愤怒的拳头'],"['剧情', '动作', '武侠', '古装']",[''],[],[' 汉语普通话']
[' 中国大陆'],['霍穗强'],['125'],['06'],"['钟政均', '张亚奇', '朱丽岚', '杜康', '赵帅']",['镇魔司·四象伏魔'],"['动作', '武侠', '古装']",[''],[],[' 汉语普通话']
[' 中国大陆'],"['谢宜', '孙瑜']",['82'],[],"['张博', '陈琳', '张仲', '樊樊']",['神探袁可立'],"['剧情', '动作', '悬疑', '武侠', '古装']",[''],[],[' 汉语普通话']
[' 中国大陆'],['高博'],['92'],['12'],"['张晓飞', '孟浩强', '方星野', '周铁']",['红尘客栈'],"['动作', '武侠', '古装']",[''],[],[' 汉语普通话']
[' 中国大陆'],"['金睿', '殷博']",['60'],['06'],"['金禹伯', '孙童心', '程思嘉', '纪云', '黄黉']",['钟馗捉妖记之梦魇传说'],"['剧情', '喜剧', '武侠']",[''],[],[' 汉语普通话']
[' 中国大陆'],['管晓杰'],['90'],['12'],"['金尤美', '文卓', '婉儿', '黎真安', '郑金宇', '杨韵然', '赵静沛', '姜迪', '金宁', '徐小琴']",['绝代偃师之玉女掌门'],"['武侠', '古装']",[''],[],[' 汉语普通话']
[' 中国大陆'],['张召旺'],['71'],['12'],"['程昱泓', '汪以时', '李沐子']",['大明妖异录'],"['悬疑', '武侠']",[''],[],[]
[' 中国大陆'],['吴俊贤'],[],['03'],"['李泽鹏', '马熙米', '金泰伶', '黄语森', '庄翰']",['跃影江湖之森罗万象'],"['武侠', '古装']",[''],[],[' 汉语普通话']
[' 中国大陆'],['司淑斌'],['88'],"['01(中国大陆)"">2018']","['商蓉', '陈熙锋', '于歆童', '张倍瑜', '任宇']",['侠义神捕之请君入瓮'],"['悬疑', '武侠']",[''],[],[' 汉语普通话']
[' 中国大陆'],['司淑斌'],['85'],"['02(中国大陆)"">2018']","['商蓉', '齐景斌', '张仁博', '邱云鹤', '张倍瑜']",['侠义神捕之边城迷案'],"['剧情', '武侠', '古装']",[''],[],[' 汉语普通话']
[' 中国大陆'],['司淑斌'],['89'],"['01(中国大陆)"">2018']","['商蓉', '郭秋成', '刘泊潇', '张倍瑜', '肜耀忠']",['侠义神捕之诡影'],"['武侠', '古装']",[''],[],[' 汉语普通话']
[' 中国大陆'],['周望'],[],['02'],"['陈信喆', '朱庭辰', '程思寒', '陈诺']",['伏藏师'],"['喜剧', '动作', '爱情', '奇幻', '冒险', '武侠']",[''],[],[' 汉语普通话']
[' 中国大陆'],['席东绪'],['77'],['04'],"['于利', '马德华', '罗家英', '张宝雯']",['白骨夫人大战狼妖'],"['喜剧', '武侠']",[''],[],[' 汉语普通话']
[' 中国大陆'],['苗述'],['96'],['12'],"['何翔', '张永华', '陈超 ', '赵飞燕', '张宝飞', '陈国良', '董志华', '周小飞', '陈美行', '肖红']",['铁臂双雄'],"['动作', '爱情', '武侠']",[''],[],[' 汉语普通话']
[' 中国大陆'],['霍穗强'],['71'],['02'],"['钟政均', '赵帅', '吴浚诚', '王子清']",['最后的武林2铁砂掌'],"['喜剧', '武侠']",[''],[],[' 汉语普通话']
[' 中国大陆'],['玄子'],[],['11'],"['雷承昆', '李江', '张楠', '陈慧敏', '尹泽强', '张永康', '段富超', '王志强']",['荒漠游侠'],"['动作', '武侠', '古装']",[''],[],[' 汉语普通话']
[' 中国大陆'],['霍穗强'],['71'],['02'],"['钟政均', '赵帅', '吴浚诚', '王子清']",['最后的武林2铁砂掌'],"['喜剧', '武侠']",[''],[],[' 汉语普通话']
[' 中国大陆'],['玄子'],[],['11'],"['雷承昆', '李江', '张楠', '陈慧敏', '尹泽强', '张永康', '段富超', '王志强']",['荒漠游侠'],"['动作', '武侠', '古装']",[''],[],[' 汉语普通话']
[' 中国大陆'],"['张洪', '任文国']",['90'],['08'],"['田理', '许妙嘉', '王子', '洛麒', '卢勇', '马岩']",['大宋断狱神手之陈情伞'],"['动作', '悬疑', '历史', '武侠', '古装']",[''],[],[' 汉语普通话']
[' 中国大陆'],['马应寿'],[],['09'],"['吴赫伦', '周睿君', '王耿豪', '杨森', '奇凌', '王玮']",['桃花劫'],"['喜剧', '武侠', '古装']",[''],[],[' 汉语普通话']
[' 中国大陆'],['罗乐'],[],['09'],"['李先时', '宗一童', '齐欣', '杨舒枫']",['降妖天师'],"['动作', '奇幻', '武侠']",[''],[],[]
[' 中国大陆'],['严高山'],['84'],['11'],"['吴雯璇', '阿里木江·阿迪力', '文东俊', '马冬']",['黄金刀客'],"['剧情', '动作', '武侠', '古装']",[''],[],[' 汉语普通话']
[' 中国大陆'],['吴俊贤'],['90'],['03'],"['李泽鹏', '黄语森', '金泰伶', '庄瀚', '贾晓龙']",['跃影江湖之唐家诀'],"['剧情', '武侠']",[''],[],[' 汉语普通话']
[' 中国大陆'],['郭彤'],[],[],"['田鑫雨', '温晴', '李思睿', '靳飞']",['花名册之血海深仇'],['武侠'],[''],[],[' 汉语普通话']
