地区,导演,时长,月份,演员,电影名,类型,评分,评论数,语言
[' 美国'],['拉娜·沃卓斯基'],['151'],['06'],"['裴斗娜', '杰米·克莱顿', '蒂娜·德赛', '塔彭丝·米德尔顿', '马克思·雷迈特', '米格尔·安赫尔·西尔维斯特', '布莱恩·J·史密斯', '托比·奥伍梅尔', '弗莉玛·阿吉曼', '普拉布 科里', '阿方索·埃雷拉', '泰伦斯·曼', '达丽尔·汉纳', '纳威恩·安德利维斯', '奈斯鲍提斯塔', '斯蒂芬·鲍克思', '阿米拉·加扎拉', '约书亚·格罗斯', '埃伦迪拉·伊瓦拉', '雅丽·乔维尔', '西尔维斯特·迈可伊', 'Annie Munch', '埃文特·斯特朗', '马克斯·毛夫']",['超感猎杀：完结特别篇 Sense8 Finale Special'],"['剧情', '科幻', '同性']",['9.2'],['30882'],[' 英语']
[' 日本'],['安彦良和'],['84'],['05'],"['池田秀一', '潘惠美', '银河万丈', '渡边明乃', '三宅健太', '古谷彻', '柿原彻也', '古川登志夫', '福圆美里', '大塚明夫']",['机动战士高达THE ORIGIN VI 赤色彗星诞生 機動戦士ガンダム THE ORIGIN 誕生 赤い彗星'],"['科幻', '动画']",['8.8'],['2171'],[' 日语']
[' 美国'],"['鲍勃·佩尔西凯蒂', '彼得·拉姆齐', '罗德尼·罗斯曼']",['116'],"['12', '12']","['沙梅克·摩尔', '杰克·约翰逊', '海莉·斯坦菲尔德', '马赫沙拉·阿里', '布莱恩·泰里·亨利', '莉莉·汤姆林', '劳伦·维勒斯', '佐伊·克罗维兹', '约翰·木兰尼', '金可·格伦', '尼古拉斯·凯奇', '凯瑟琳·哈恩', '列维·施瑞博尔', '克里斯·派恩', '娜塔丽·莫瑞丝', '奥斯卡·伊萨克', '格里塔·李', '斯坦·李', '乔玛·塔科内', '华金·科西奥', '蕾克·贝尔', '梅勒妮·海恩斯', '尼克·杰恩', '穆尼卜·拉赫曼', '卡洛斯·萨拉戈萨', '黛西·罗斯·布莱内斯', '里夫·霍顿', '哈里森·奈特', '莱克斯·朗', '凯特琳·麦肯纳-威尔金森', '斯科特·门维尔', '克里斯托弗·米勒', '德维卡·帕利赫', '柯特妮·佩尔顿', '克里斯蒂·法瑞斯', '杰奎琳·皮诺尔', '贾斯汀·沉卡罗', '梅利莎·斯特姆']",['蜘蛛侠：平行宇宙 Spider-Man: Into the Spider-Verse'],"['动作', '科幻', '动画', '冒险']",['8.7'],['346647'],[' 英语 / 西班牙语']
[' 美国'],['史蒂文·斯皮尔伯格'],['140'],"['03', '03', '03']","['泰伊·谢里丹', '奥利维亚·库克', '本·门德尔森', '马克·里朗斯', '丽娜·维特', '森崎温', '赵家正', '西蒙·佩吉', 'T·J·米勒', '汉娜·乔恩-卡门', '拉尔夫·伊内森', '苏珊·林奇', '克莱尔·希金斯', '劳伦斯·斯佩尔曼', '佩蒂塔·维克斯', '艾萨克·安德鲁斯']",['头号玩家 Ready Player One'],"['动作', '科幻', '冒险']",['8.7'],['789962'],[' 英语 / 日语 / 汉语普通话']
[' 日本'],['谷口悟朗'],['140'],['05'],"['福山润', '樱井孝宏', '野上尤加奈', '小清水亚美', '名塚佳织', '绿川光', '金井美香', '伊藤沙织', '高田裕司', '真殿光昭', '仓田雅世', '桧山修之', '私市淳', '加濑康之', '水岛大宙', '成田剑', '千叶纱子', '白鸟哲', '井上喜久子', '新井里美', '大原沙耶香', '折笠富美子', '杉山纪彰', '保志总一朗', '后藤邑子', '井上伦宏', '三户耕三', '内田聪明', '中田让治', '皆川纯子', '幸野善之', '渡边明乃', '山野井仁', '河城英之介', '百百麻子', '若本规夫']",['代号基亚斯：反叛的鲁路修3之皇道 コードギアス 反逆のルルーシュⅢ 皇道'],"['动作', '科幻', '动画']",['8.3'],['895'],[' 日语']
[' 美国'],"['安东尼·罗素', '乔·罗素']",['149'],"['05', '04', '04']","['小罗伯特·唐尼', '克里斯·海姆斯沃斯', '克里斯·埃文斯', '马克·鲁弗洛', '乔什·布洛林', '佐伊·索尔达娜', '本尼迪克特·康伯巴奇', '克里斯·帕拉特', '汤姆·赫兰德', '伊丽莎白·奥尔森', '保罗·贝坦尼', '斯嘉丽·约翰逊', '查德维克·博斯曼', '塞巴斯蒂安·斯坦', '唐·钱德尔', '汤姆·希德勒斯顿', '安东尼·麦凯', '本尼迪克特·王', '戴夫·巴蒂斯塔', '布莱德利·库珀', '范·迪塞尔', '凯伦·吉兰', '利蒂希娅·赖特', '庞·克莱门捷夫', '凯莉·库恩', '汤姆-沃恩-劳勒', '海登·瓦尔希', '迈克尔·詹姆斯·肖', '泰瑞·诺塔里', '本尼西奥·德尔·托罗', '彼特·丁拉基', '罗斯·马昆德', '丹娜·奎里拉', '温斯顿·杜克', '弗洛伦丝·卡松巴', '塞缪尔·杰克逊', '雅各布·巴特朗', '斯坦·李']",['复仇者联盟3：无限战争 Avengers: Infinity War'],"['动作', '科幻', '奇幻', '冒险']",['8.1'],['589704'],[' 英语']
[' 澳大利亚'],['雷·沃纳尔'],['100'],"['03', '06']","['罗根·马歇尔-格林', '梅拉里·沃列何', '哈里森·吉尔伯特森', '本尼迪克·哈迪', '克里斯托弗·卡比', '理查德·考索恩', '琳达·克罗珀', '贝蒂·加布里埃尔', '罗斯科·坎贝尔', '理查德·阿纳斯塔西奥斯', '史蒂夫·丹尼尔森', '迈克尔·M·福斯特', '雷纳·加拉赫', '克莱顿·雅各布森']",['升级 Upgrade'],"['动作', '科幻', '惊悚']",['8.1'],['87299'],[' 英语']
[' 西班牙'],['奥里奥尔·保罗'],['128'],['11'],"['阿德里亚娜·乌加特', '奇诺·达林', '阿尔瓦罗·莫奇', '诺拉·纳瓦斯', '哈维尔·古铁雷斯', '米格尔·费南德斯', '克拉拉·塞古拉', '米玛·里埃拉', '艾娜·克洛特', '阿尔伯特·佩雷斯', '弗兰塞斯克·奥雷利亚', '阿娜·瓦格纳', '西尔维亚·阿隆索', '贝伦·鲁埃达']",['海市蜃楼 Durante la tormenta'],"['科幻', '悬疑', '惊悚']",['7.8'],['184009'],[' 西班牙语']
[' 日本'],['石田秀范'],['101'],['05'],"['藤田富', '鷹山仁', '谷口贤志', '武田玲奈']",['假面骑士亚马逊们剧场版 最后的审判 仮面ライダーアマゾンズ THE MOVIE 最後ノ審判'],"['动作', '科幻']",['7.6'],['417'],[' 日语']
[' 美国'],['伊桑·斯波尔丁'],['78'],['02'],"['詹姆斯·阿诺德·泰勒', '德怀特·舒尔茨', '特罗伊·贝克', '诺兰·诺斯', '格蕾·德丽斯勒', '卡里·佩顿', '艾瑞克·鲍扎', '汤姆·肯尼', '菲尔·拉马', '凯文·迈克尔·理查德森', '凯特·米库奇', '瓦内萨·马歇尔', '迪·布拉雷·贝克尔', '杰森·斯皮萨克', '奥德丽·瓦西莱夫斯基']",['乐高DC超级英雄：闪电侠 Lego DC Comics Super Heroes: The Flash'],"['动作', '科幻', '动画']",['7.5'],['2689'],[' 英语']
[' 美国'],"['杰克·卡斯托雷纳', '刘山姆']",['81'],['07'],"['杰瑞·奥康奈尔', '丽贝卡·罗梅恩', '雷恩·威尔森', '罗莎里奥·道森', '内森·菲利安', '克里斯托弗·戈勒姆', '马特·兰特尔', '谢默·摩尔', '耐姆比·耐姆比', '杰森·奥玛拉', '乔纳森·亚当斯', '洛奇·卡罗尔', '特雷弗·德瓦', '保罗·伊丁', '帕特里克·法比安', '詹妮弗·黑尔', '马克斯·迈特尔曼', '托克斯·奥拉贡多耶']",['超人之死 The Death of Superman'],"['动作', '科幻', '动画']",['7.4'],['8549'],[' 英语']
[' 美国'],['大卫·雷奇'],['119'],['05'],"['瑞恩·雷诺兹', '乔什·布洛林', '朱利安·迪尼森', '斯蒂芬·卡皮契奇', '莎姬·贝兹', 'T·J·米勒', '莱斯利·格塞斯', '卡兰·索尼', '布里安娜·希德布兰德', '莫蕾娜·巴卡琳', '杰克·凯西', '埃迪·马森', '忽那汐里', '兰德尔·瑞德', '尼古莱·维切尔', '赛尔·哈里斯', '罗伯·德兰尼', '刘易斯·谭', '比尔·斯卡斯加德', '泰瑞·克鲁斯', '布拉德·皮特', '罗伯特·梅耶', '艾伦·图代克', '马特·达蒙', '海莉·塞尔斯', '麦克·多普德', '卢克·勒斯勒尔', '亨特·狄龙', '大卫·雷奇', '山姆·哈格雷夫', '尼古拉斯·霍尔特']",['死侍2：我爱我家 Deadpool 2'],"['喜剧', '动作', '科幻', '冒险']",['7.3'],['284377'],[' 英语']
[' 日本'],"['植田泰史', '中村亮太']",['106'],['05'],"['三浦春马', '白石麻衣']",['世界奇妙物语 2018年春季特别篇 世にも奇妙な物語 ’18春の特別編'],"['科幻', '悬疑', '惊悚', '恐怖']",['7.3'],['8115'],[' 日语']
[' 美国'],['佩顿·里德'],['118'],"['08', '07']","['保罗·路德', '伊万杰琳·莉莉', '迈克尔·佩纳', '汉娜·乔恩-卡门', '沃尔顿·戈金斯', '鲍比·坎纳瓦尔', '朱迪·格雷尔', 'T.I.', '大卫·达斯马齐连', '艾比·莱德·弗特森', '兰道尔·朴', '米歇尔·菲佛', '劳伦斯·菲什伯恩', '迈克尔·道格拉斯', '戈兰·卡斯蒂克', '罗布·阿切尔', '肖恩·克莱尔', '本·戴维斯', '迈克尔·瑟沃瑞斯', '达克斯·格里芬', '海莉·洛维特', '玛德琳·麦格劳', '蒂姆·海德克', '布莱恩·赫斯基', '朱莉娅·维拉', '布莱恩·卢戈', '托里·沃格尔', '汤姆·夏普林', '斯坦·李', '约瑟夫·阿梅', '安迪·阿尼斯', '威廉·W·巴伯', '玛塞拉·布拉吉奥', '塞尔吉奥·布里奥内斯', '乔·布卡罗三世', '蒂莫西·卡尔', '贾迈尔·钱伯斯', '扎卡里·卡伯森', '雅各布·埃文斯', '米歇尔·方', '盖尔·甘布尔', '克里斯·加恩', '约翰·盖蒂尔', '杰克·汉森', '卡茜·亨德利']",['蚁人2：黄蜂女现身 Ant-Man and the Wasp'],"['动作', '科幻', '冒险']",['7.3'],['345169'],[' 英语']
[' 美国'],['大卫·雷奇'],['119'],['05'],"['瑞恩·雷诺兹', '乔什·布洛林', '朱利安·迪尼森', '斯蒂芬·卡皮契奇', '莎姬·贝兹', 'T·J·米勒', '莱斯利·格塞斯', '卡兰·索尼', '布里安娜·希德布兰德', '莫蕾娜·巴卡琳', '杰克·凯西', '埃迪·马森', '忽那汐里', '兰德尔·瑞德', '尼古莱·维切尔', '赛尔·哈里斯', '罗伯·德兰尼', '刘易斯·谭', '比尔·斯卡斯加德', '泰瑞·克鲁斯', '布拉德·皮特', '罗伯特·梅耶', '艾伦·图代克', '马特·达蒙', '海莉·塞尔斯', '麦克·多普德', '卢克·勒斯勒尔', '亨特·狄龙', '大卫·雷奇', '山姆·哈格雷夫', '尼古拉斯·霍尔特']",['死侍2：我爱我家 Deadpool 2'],"['喜剧', '动作', '科幻', '冒险']",['7.3'],['284288'],[' 英语']
[' 日本'],['上堀内佳寿也'],['66'],['08'],"['犬饲贵丈', '赤楚卫二', '高田夏帆', '武田航平', '水上剑星', '前川泰之', '泷裕可里', '越智友己', '小久保丈二', '木山廉彬', '胜村政信', '藤井隆', '松井玲奈', '池田沙绘美', '吉田爱梨', '内村麻美']",['剧场版 假面骑士创骑 合而为一 劇場版 仮面ライダービルド Be The One'],"['动作', '科幻']",['7.2'],['483'],[' 日语']
[' 日本'],"['本广克行', '上村泰', '鈴木清崇']",['135'],['09'],"['林原惠美', '泽城美雪', '水濑祈', '福山润', '村中知', '中泽匡智', '黑泽朋世', '井上喜久子', '大仓孝二', '菅生隆之', '浦山迅', '铃木黎子']",['特别的她 Progressive 劇場版 フリクリ\u3000プログレ'],"['剧情', '科幻', '动画']",['7.2'],['233'],[' 日语']
[' 美国 / 中国大陆'],['鲁本·弗雷斯彻'],['112'],"['11', '10']","['汤姆·哈迪', '米歇尔·威廉姆斯', '里兹·阿迈德', '斯科特·黑兹', ' 瑞德·斯科特', '珍妮·斯蕾特', '梅洛拉·沃尔特斯', '伍迪·哈里森', '佩吉·陆', '马尔科姆·C·默里', '索佩·阿卢科', '韦恩·佩雷', '米歇尔·李', '库尔特·岳', '克里斯·奥哈拉', '埃米里奥·瑞弗拉', '阿里亚当娜·约瑟夫', '袁之正', '朴云龙', '麦克·勃兰特', '尼克·图恩', '山姆·麦地那', '迪塞尔·马德金斯', '简·麦克尼尔', '维克托·麦凯', '马丁·巴特斯·布拉德福德', '布兰顿·莫拉莱斯', '马修·康威尔', '斯坦·李', '韦德·威廉姆斯', '约瑟夫·阿梅', '威廉·W·巴伯', '玛塞拉·布拉吉奥', '卡特·伯奇', '克里斯蒂安·康佛瑞', '詹姆斯·富尔特斯', '丹妮拉·加斯基', '约翰·盖蒂尔', '艾米丽塔·T·冈萨雷斯', '杰克·汉森', '安东尼·B·哈里斯', '卡茜·亨德利', '罗恩·彼得·琼斯', '霍梅洛·洛佩兹', '万恩·姆约维奇']",['毒液：致命守护者 Venom'],"['动作', '科幻', '惊悚']",['7.2'],['553210'],[' 英语 / 汉语普通话']
[' 美国 / 英国'],['亚历克斯·嘉兰'],['115'],"['04', '02']","['娜塔莉·波特曼', '詹妮弗·杰森·李', '吉娜·罗德里格兹', '泰莎·汤普森', '奥斯卡·伊萨克', '水野索诺娅', '大卫·吉雅西', '图娃·诺沃妮', '本尼迪克特·王', '约翰·施瓦布', '萨米·海曼', '乔希·丹福德', '克里斯汀·麦加里蒂']",['湮灭 Annihilation'],"['剧情', '科幻', '惊悚']",['7.1'],['249300'],[' 英语']
[' 美国'],['苏珊娜·比尔'],['124'],"['12', '12']","['桑德拉·布洛克', '崔凡特·罗兹', '约翰·马尔科维奇', '莎拉·保罗森', '杰基·韦佛', '罗莎·萨拉查', '丹妮尔·麦克唐纳', '里尔·莱尔·哈瓦瑞', '汤姆·霍兰德', '机关枪凯利', '黄荣亮', '普路特·泰勒·文斯', '维维恩·莱拉·布莱尔', '帕敏德·纳格拉', '丽贝卡·彼得根', '艾米·古麦尼克', '泰勒·汉德雷', '海皮·安德森', '大卫·达斯马齐连', '基思·雅各', '克里斯托弗洛根', '弗兰克·莫特克', '泰德·霍利斯', '麦特·伦纳德']",['蒙上你的眼 Bird Box'],"['剧情', '科幻', '惊悚']",['7.1'],['26348'],[' 英语']
[' 意大利'],['保拉·兰迪'],['90'],['01'],"['瓦莱里奥·马斯坦德雷亚', '克蕾曼丝·波西', 'Luca Esposito', 'Chiara Stella Riccio', 'Miguel Herrera', '约翰·基奥', 'Gianfelice Imparato', 'Natalie Spencer', '亨特·特里梅恩', 'Eric Masip', 'Sebastian Montecino']",['迪多小子 Tito e gli alieni'],"['喜剧', '科幻']",['7.0'],['115'],[' 意大利语 / 英语']
[' 美国 / 中国大陆'],['特拉维斯·奈特'],['114'],['12'],"['海莉·斯坦菲尔德', '小豪尔赫·兰登伯格', '约翰·塞纳', '杰森·德鲁克', '帕梅拉·阿德龙', '斯蒂芬·施耐德', '里卡多·霍约斯', '约翰·奥提兹', '格林·特鲁曼', '兰·卡琉', '格蕾丝·达斯恩妮', '弗里德·杜莱尔', '蓝尼·雅各布森 ', '梅金·普莱斯', '萨钦·巴特', '蒂姆·马丁·格里森', '安东尼奥·查丽蒂', '艾德文·霍德吉', '拉斯·斯兰德', '迪伦·奥布莱恩', '彼特·库伦', '安吉拉·贝塞特', '贾斯汀·塞洛克斯', '大卫·索博洛夫', '格蕾·德丽斯勒', '史蒂夫·布卢姆', '安德鲁·莫尔加多', '威廉·W·巴伯', '罗伯特·切斯纳特', '米歇尔·方', '克里斯蒂安·哈切森', '里克·理查森', '瓦内萨·罗斯', '波士顿·拉什·弗里曼', '托尼·托斯特', '迪娜·特鲁迪', '艾蒂安·维克']",['大黄蜂 Bumblebee'],"['动作', '科幻', '冒险']",['7.0'],['264890'],[' 英语']
[' 日本 / 美国'],"['本广克行', '鈴木清崇', '上村泰']",['135'],['09'],"['新谷真弓', '美山加恋', '吉田有里', '饭田里穗', '田村睦心', '小西克幸', '永冢拓马', '铃木崚汰', '伊藤美纪', '真坂真帆', '森功至', '松谷彼哉', '青山穰']",['特别的她 Alternative 劇場版 フリクリ オルタナ'],"['剧情', '科幻', '动画']",['7.0'],['262'],[' 日语']
[' 英国 / 美国'],['大卫·斯雷德'],['90'],['12'],"['菲恩·怀特海德', '克雷格·帕金森', '爱丽丝·洛维', '阿西姆·乔杜里', '威尔·保尔特', '塔露拉·哈登', '卡特里奥·诺克斯', '保罗·布拉德利', '乔纳森·阿里斯', 'A·J·霍顿', '弗勒尔·基思', '劳拉·埃弗兰', '阿伦·阿萨德', '苏珊妮·伯登', '杰夫·明特', '乔恩-乔·英克彭', '汤姆·麦卡尔', '埃利·皮尔西', '斯蒂芬·拉什布鲁克', '罗森达·桑德尔', '桑德拉·特蕾丝']",['黑镜：潘达斯奈基 Black Mirror: Bandersnatch'],"['剧情', '科幻', '悬疑', '惊悚']",['6.9'],['54261'],[' 英语']
[' 美国'],['朗·霍华德'],['135'],"['05', '05']","['阿尔登·埃伦瑞奇', '艾米莉亚·克拉克', '伍迪·哈里森', '唐纳德·格洛弗', '保罗·贝坦尼', '乔纳斯·索塔莫', '菲比·沃勒-布里奇', '沃维克·戴维斯', '坦迪·牛顿', '克林特·霍华德', '伊安·肯尼', '理查德·迪克森']",['游侠索罗：星球大战外传 Solo: A Star Wars Story'],"['动作', '科幻', '冒险']",['6.9'],['43742'],[' 英语']
[' 美国'],['刘山姆'],['78'],"['01', '02']","['布鲁斯·格林伍德', '詹妮弗·卡朋特', '克里斯·考克斯', '约翰·迪·玛吉欧', '大卫·福塞思', '格蕾·德丽斯勒', '安东尼·海德', '鲍勃·乔尔斯', '尤里·洛文塔尔', '林肯·梅尔彻', '斯科特·帕特森', '威廉·赛莱耶', '塔拉·斯特朗', '布鲁斯·提姆', '卡瑞·伍尔']",['蝙蝠侠：煤气灯下的哥谭 Batman: Gotham by Gaslight'],"['动作', '科幻', '动画', '悬疑', '犯罪']",['6.8'],['3851'],[' 英语']
[' 西班牙'],['Manolo Munguia'],['105'],['10'],"['Rubèn Serrano', 'Roc Esquius', 'Míriam Tortosa']",['密码秘战 H0us3'],"['科幻', '惊悚']",['6.8'],['89'],[' 西班牙语']
[' 美国 / 西班牙'],['胡安·安东尼奥·巴亚纳'],['128'],"['06', '06']","['克里斯·帕拉特', '布莱丝·达拉斯·霍华德', '贾斯蒂斯·史密斯', '伊莎贝拉·瑟蒙', '拉菲·斯波', '托比·琼斯', '泰德·拉文', '詹姆斯·克伦威尔', '黄荣亮', '丹妮艾拉·皮内达', '杰拉丁·卓别林', '杰夫·高布伦', '卡米尔·雷米泽斯基', '丹尼尔·斯蒂森', '皮特·杰森', '迈克尔·帕帕约翰', '罗伯特·埃姆斯', '罗南·萨莫尔斯', '麦克斯·贝克', '丹尼尔·厄根', '戴维·奥拉瓦莱·阿印德']",['侏罗纪世界2 Jurassic World: Fallen Kingdom'],"['动作', '科幻', '冒险']",['6.7'],['281409'],[' 英语']
[' 西班牙'],"['凯撒·埃斯特万·阿伦达', '何塞·埃斯特万·阿伦达']",['96'],['04'],"['哈维尔·苏亚雷伊', '玛利亚·莱昂', 'Juan Carlos Sánchez', '玛丽·帕斯·德萨亚戈', 'Paco Ochoa', 'Roberto Campillo', 'Asencio Salas']",['并非尽头 Sin fin'],"['剧情', '爱情', '科幻']",['6.7'],['70'],[' 西班牙语']
[' 日本'],['山口恭平'],['100'],['12'],"['奥野壮', '犬饲贵丈', '押田岳', '大幡诗绘理', '渡边圭祐', '赤楚卫二', '高田夏帆', '武田航平', '水上剑星', '佐藤健']",['假面骑士平成世代 FOREVER 仮面ライダー平成ジェネレーションズ FOREVER'],"['动作', '科幻', '儿童']",['6.7'],['981'],[' 日语']
[' 日本'],"['园子温', '山内健司', '太田光', '児玉裕一']",['105'],['04'],"['浅野忠信', '马场富美加', '满岛真之介', '中岛塞娜', '尾野真千子', '稻垣吾郎', '香取慎吾', '草剪刚', '富手麻妙', '神乐坂惠', '野崎萌香', '古馆宽治', '伊藤健太郎']",['臭小子与美丽世界 クソ野郎と美しき世界'],"['动作', '爱情', '科幻']",['6.6'],['339'],[' 日语']
[' 日本'],"['静野孔文', '濑下宽之']",['101'],['05'],"['宫野真守', '樱井孝宏', '花泽香菜', '杉田智和', '梶裕贵', '诹访部顺一', '三宅健太', '堀内贤雄', '中井和哉', '山路和弘', '山本兼平', '上田丽奈', '小泽亚李', '柳田淳一', '石谷春贵', '藤井隼', '佐佐健太', '辻井健吾', '小松奈生子', '洲崎绫', '谷口淳志', '山本满太', '山村勇人', '须崎成幸', '滨田洋平', '高桥伸也', '田岛章宽']",['哥斯拉：决战之都 GODZILLA 決戦機動増殖都市'],"['动作', '科幻', '动画']",['6.6'],['4359'],[' 日语']
[' 日本'],['佐藤信介'],['127'],['04'],"['木梨宪武', '佐藤健', '本乡奏多', '二阶堂富美', '三吉彩花', '福崎那由他', '滨田麻里', '齐藤由贵', '伊势谷友介']",['犬屋敷 真人版 いぬやしき'],"['动作', '科幻']",['6.6'],['6346'],[' 日语']
[' 英国'],['安德鲁·哈默'],['93'],['06'],"['Jan Anderson', '戴维·甘特', '肯尼斯·克拉德']",['菲茨罗伊 The Fitzroy'],"['喜剧', '科幻']",['6.6'],['108'],[' 英语']
[' 美国 / 加拿大'],['朱利叶斯·艾弗里'],['110'],"['09', '11']","['约翰·艾德坡', '怀亚特·罗素', '马蒂尔德·奥利维耶', '皮鲁·埃斯贝克', '约翰·马加罗', '伊恩·德·卡斯泰克', '雅各布·安德森', '多米尼克·阿普尔怀特', '博基姆·伍德拜因', '恩里奇·雷德曼', '马克·麦克肯纳', '海莉·卡迈克尔', '米迦勒·埃普', '罗斯·汤姆林森', '本·特瓦索里', '安迪·韦勒姆', '帕特里克·布拉莫尔', '肖恩·狄克逊', '豪尔赫·莱昂·马丁内斯', '伊娃·马格亚']",['霸主 Overlord'],"['动作', '科幻', '恐怖', '战争']",['6.5'],['14004'],[' 英语 / 俄语 / 法语 / 德语']
[' 美国 / 南非 / 韩国 / 澳大利亚'],['瑞恩·库格勒'],['134'],"['03', '02']","['查德维克·博斯曼', '露皮塔·尼永奥', '迈克尔·B·乔丹', '丹娜·奎里拉', '马丁·弗瑞曼', '丹尼尔·卡卢亚', '利蒂希娅·赖特', '温斯顿·杜克', '斯特林·K·布朗', '安吉拉·贝塞特', '福里斯特·惠特克', '安迪·瑟金斯', '弗洛伦丝·卡松巴', '约翰·卡尼', '大卫·S·李', '娜比娅·毕']",['黑豹 Black Panther'],"['动作', '科幻', '冒险']",['6.5'],['332248'],[' 斯瓦希里语 / 英语 / 科萨语 / 韩语']
[' 俄罗斯'],['迪米特里·图灵'],['98'],['02'],"['Kristina Brodskaya', '叶莲娜·利亚多娃', 'Alexander Korshunov']",['激战阵线 Рубеж'],"['科幻', '战争']",['6.4'],['73'],[' 俄语']
[' 美国'],['比尔·奥利弗'],['95'],"['04', '11']","['安塞尔·艾尔高特', '苏琪·沃特豪斯', '派翠西娅·克拉克森', '马特·波莫', '道格拉斯·霍奇斯', '苏利芒·西尔·萨瓦内', '舒诺里·拉马纳森', '乔·埃根德尔']",['乔纳森 Jonathan'],"['剧情', '科幻']",['6.4'],['575'],[' 英语']
[' 美国'],['布拉德·佩顿'],['107'],['04'],"['道恩·强森', '娜奥米·哈里斯', '杰弗里·迪恩·摩根', '玛琳·阿克曼', '杰克·莱西', '乔·曼根尼罗', '玛丽·谢尔顿', 'P·J·伯恩', '德米垂斯·格罗斯', '杰克·奎德', '布里安·希尔', '马特·杰拉德', '李威尹', '尤里亚·费伯', '布鲁斯·布莱克希尔', '杰森·莱尔斯', '马克·威尔斯', '阿莉莎·布鲁克', '亚当·希泰凯尔', '加里·维克斯', '阿诺德·陈']",['狂暴巨兽 Rampage'],"['动作', '科幻', '冒险']",['6.4'],['116402'],[' 英语']
[' 日本'],['志水淳儿'],['94'],['01'],"['森久保祥太郎', '茅野爱衣', '上坂堇', '花江夏树', '关俊彦', '小清水亚美', '森田顺平', '石冢运升', '藤原启治', '宫迫博之', '朴璐美', '高木涉', '菊池正美', '岛田敏', '盐屋浩三', '田所梓', '山口胜平', '伊藤美来', '藤原贵弘', '川原庆久', '新井良平', '荒井聪太', '服卷浩司', '半田裕典', '利根健太朗', '村田太志', '平井启二', '藤本隆弘', '织田优成', '武田幸史', '三浦祥朗', '植田佳奈', '本渡枫', '田中亮一', '田上真里奈', '长江里加', '木村遥', '森下由树子', '东城日沙子', '松岛美野里', '石丸博也']",['魔神Z 劇場版 マジンガーZ / INFINITY'],"['科幻', '动画', '灾难']",['6.4'],['1416'],[' 日语']
[' 美国 / 新西兰'],['克里斯蒂安·瑞沃斯'],['128'],['12'],"['海拉·西尔玛', '雨果·维文', '金吉', '罗伯特·席安', '莱拉·乔治', '史蒂芬·朗', '弗兰基·亚当斯', '凯伦·皮斯托里斯', '科林·萨蒙', '安德鲁斯·李斯', '莎拉·慕恩', '罗南·拉夫特瑞', '乔尔·托贝克', '帕特里克·麦拉海德', '史蒂芬·乌瑞', '马尼克·古纳拉塔尼', '菲利普·里夫', '纳撒尼尔·利斯', '雷吉-让·佩吉', '卡卢姆·吉廷斯', '安佑森', '马克·哈德洛', '马克米钦森', '索菲·考克斯', '莎拉·皮尔斯', '奇·陈', '约瑟夫·米卡-亨特', '特里·诺瑞斯', '安龙·杰克森', '梅根·爱德华兹', '尼克·布雷克', '玛丽亚·沃克', '阿曼·韦弗', '玛德琳·亚当斯', '马丁·郭', '罗德尼·库克']",['掠食城市 Mortal Engines'],"['动作', '科幻', '冒险']",['6.4'],['39932'],[' 英语']
[' 美国'],['安德鲁·鲍勒'],['104'],['11'],"['阿萨·巴特菲尔德', '苏菲·特纳', '斯凯勒·吉桑多', '奥布雷·雷诺兹', '约瑟夫·朴', '凯登·J·格雷戈尔', '科洛尔·钱伯斯', '马克·布洛克维奇', '玛丽莲·米勒', '威廉·佩尔茨']",['时间怪客 Time Freak'],"['喜剧', '爱情', '科幻']",['6.3'],['1762'],[' 英语']
[' 德国 / 美国 / 加拿大'],['安德鲁·尼科尔'],['100'],"['05', '05']","['克里夫·欧文', '阿曼达·塞弗里德', '科鲁姆·费奥瑞', '索尼亚·瓦格尔', '马克·奥布莱恩', '乔·平格', '伊多·戈德堡', '塞巴斯蒂安·皮戈特', '瑞秋·罗伯茨', '马克·格拉齐尼', '康拉德·科茨', '梅寇·阮', '萨拉·米蒂奇', '达蒙·伦延']",['匿名者 Anon'],"['科幻', '惊悚']",['6.3'],['5812'],[' 英语']
[' 美国'],['迈克尔·J·格拉赫'],['83'],['10'],"['佩顿·李斯特', '罗根·保罗', '马修·格拉夫', '卡勒姆·沃西', '莉亚·玛瑞·约翰逊', '艾米·帕夫拉特', '劳拉·哈灵', '查尔斯·梅尔顿']",['人类削减计划2 The Thinning: New World Order'],"['科幻', '惊悚']",['6.2'],['77'],[' 英语']
[' 美国'],['瑞恩·艾斯林格'],['88'],['09'],"['艾利克斯·夏普', '艾拉·珀内尔', '大卫·斯特雷泽恩', '吉莲·安德森', '纳撒尼尔·赛兹莫尔', 'Benjamin Beatty', 'Denise Barone', 'Angela Duggins', 'Lea Hutton Beasmore', 'Carly Tamborski', 'Myra Zimmerman Grubbs', 'Susan Kile']",['幽浮档案 UFO'],"['动作', '科幻', '惊悚']",['6.2'],['184'],[' 英语']
[' 德国 / 法国 / 英国 / 波兰 / 美国'],['克莱尔·德尼'],['113'],['09'],"['罗伯特·帕丁森', '朱丽叶·比诺什', '安德雷·本杰明', '米娅·高斯', '阿加塔·布泽克', '拉斯·艾丁格', '克莱尔·陈', '伊万·米切尔', '格洛里亚·奥比安约', '杰西·罗斯', '维克多·班纳杰']",['太空生活 High Life'],"['剧情', '科幻']",['6.2'],['2318'],[' 英语']
[' 英国 / 中国大陆 / 波多黎各 / 美国'],['杰弗利·纳赫马诺夫'],['107'],['11'],"['基努·里维斯', '爱丽丝·伊芙', '艾米丽·阿琳·林德', '托马斯·米德蒂奇', '恩杰伊·安东尼', '约翰·奥提兹', '尼亚切·海邓迪', '艾莉亚·莱蕊克·勒布', '艾梅柏·里维拉', '艾梅柏·汤森', '杰弗里·霍尔斯曼', '桑娴·洛格罗诺', '奥马尔·克鲁兹·索托', '伊万·J·托雷斯·拉桑塔', '让·皮埃尔·普拉茨', '伊夫林·迪安-奥姆斯特德']",['克隆人 Replicas'],"['科幻', '悬疑', '犯罪']",['6.1'],['10734'],[' 英语']
[' 印度'],['S·尚卡尔'],['148'],['11'],"['拉吉尼坎塔', '阿克谢·库玛尔', '艾米·杰克逊', '阿迪勒·侯赛因', '苏丹舒·潘迪', '卡拉巴万·沙约翰', '阿南特·纳拉扬·马哈德凡', '梅伊尔萨米', '伊莎里·加内什', '凯扎德·科特瓦尔', '巴拉斯·雷迪', '玛雅·S·克里希南']",['宝莱坞机器人2.0：重生归来 2.0'],"['喜剧', '动作', '科幻']",['6.1'],['2200'],[' 泰米尔语 / 泰卢固语 / 印地语']
[' 中国大陆 / 加拿大'],"['安恪温', '龙子乔']",['90'],['09'],"['韩莹棣', '郑海音', '冯远征', '石班瑜', '涂松岩', '杨婷', '查琳·易', '约翰·卡拉辛斯基', '杰森·苏戴奇斯', '大卫·克罗斯', '迈克尔·佩纳', '吴恬敏', '杰特·尤尔根斯米尔', '安娜·阿卡娜']",['未来机器城'],"['科幻', '动画', '冒险']",['6.0'],['3808'],[' 英语 / 汉语普通话']
[' 日本'],['吉沢俊一'],['90'],['11'],"['榎木淳弥', '村中知', '松浦爱弓', '梅原裕一郎', '村濑步', '古川慎', '盐田朋子', '寺杣昌纪', '中井和哉', '山路和弘', '星野贵纪', '佐藤せつじ', '驹田航', '荒井勇树', '岛田岳洋', '玉野井直樹', '中村文徳', '横沟菜帆']",['机动战士高达NT 機動戦士ガンダム NT（ナラティブ）'],"['科幻', '动画', '战争']",['6.0'],['752'],[' 日语']
[' 美国'],['朱利叶斯·约拿'],['102'],['02'],"['古古·姆巴塔-劳', '大卫·奥伊罗', '丹尼尔·布鲁尔', '约翰·奥提兹', '克里斯·奥多德', '阿卡塞尔·亨涅', '章子怡', '伊丽莎白·德比茨基', '罗杰·戴维斯', '唐纳尔·罗格', '苏珊·克莱尔', '肯·奥林', '西蒙·佩吉', '格雷戈·格伦伯格']",['科洛弗悖论 The Cloverfield Paradox'],"['科幻', '悬疑', '惊悚']",['6.0'],['14366'],[' 英语 / 汉语普通话']
[' 美国'],['德雷克·多雷穆斯'],['104'],"['04', '07']","['伊万·麦克格雷格', '蕾雅·赛杜', '拉什达·琼斯', '提奥·詹姆斯', '马修·格雷·古柏勒', '米兰达·奥图', '克里斯蒂娜·阿奎莱拉', '海伦·约翰斯', '凯尔·盖特豪斯', '斯蒂芬妮·吴', '崔斯坦·D·拉勒']",['佐伊 Zoe'],"['爱情', '科幻']",['6.0'],['1095'],[' 英语']
[' 日本'],['吉沢俊一'],['90'],['11'],"['榎木淳弥', '村中知', '松浦爱弓', '梅原裕一郎', '村濑步', '古川慎', '盐田朋子', '寺杣昌纪', '中井和哉', '山路和弘', '星野贵纪', '佐藤せつじ', '驹田航', '荒井勇树', '岛田岳洋', '玉野井直樹', '中村文徳', '横沟菜帆']",['机动战士高达NT 機動戦士ガンダム NT（ナラティブ）'],"['科幻', '动画', '战争']",['6.0'],['750'],[' 日语']
[' 台湾 / 中国大陆 / 美国 / 法国'],['何蔚庭'],['107'],"['09', '10']","['李鸿其', '黄璐', '丁宁', '张国柱', '谢章颖', '石锦航', '路易丝·格林贝格', '尹馨', '高捷']",['幸福城市'],"['剧情', '科幻', '犯罪']",['5.9'],['405'],[' 汉语普通话']
[' 法国 / 加拿大'],['丹尼尔·罗比'],['89'],['04'],"['罗曼·杜里斯', '欧嘉·柯瑞兰寇', '芳汀·阿杜安', '米歇尔·罗班', '安娜·盖洛', '埃尔加·马拉蒂耶', '亚历克西斯·曼蒂']",['呼吸 Dans la brume'],"['科幻', '灾难']",['5.9'],['2604'],[' 法语 / 英语']
[' 葡萄牙 / 法国 / 巴西'],"['加布里埃尔·阿布兰特斯', '丹尼尔·施密特']",['92'],['05'],['卡里托·科塔'],['迪亚曼蒂诺 Diamantino'],"['剧情', '喜剧', '科幻', '奇幻']",['5.8'],['249'],[' 葡萄牙语']
[' 日本'],"['静野孔文', '濑下宽之']",['90'],"['11', '11']","['宫野真守', '樱井孝宏', '花泽香菜', '杉田智和', '梶裕贵', '小野大辅', '堀内贤雄', '中井和哉', '山路和弘', '上田丽奈', '小泽亚李', '铃村健一', '早见沙织', '诹访部顺一', '三宅健太', '山本兼平', '堀越富三郎', '柳田淳一', '石谷春贵', '小松奈生子', '洲崎绫', '池田海咲', '滨崎奈奈', '滨田洋平', '佐佐健太', '岩泽俊树']",['哥斯拉：噬星者 GODZILLA 星を喰う者'],"['动作', '科幻', '动画']",['5.8'],['3852'],[' 日语']
[' 美国'],['本·扬'],['95'],['07'],"['迈克尔·佩纳', '丽兹·卡潘', '伊瑟尔·布罗萨德', '麦克·柯尔特', '艾玛·布斯', '莱斯·施拉普内尔', '埃丽卡·特伦布莱', '莉莉·阿斯佩尔', '汤姆·莱利', '伊万娜·基夫科维奇', '阿梅利亚·克劳奇', '桑德拉·特蕾丝', '尼古拉·肯特']",['灭绝 Extinction'],"['科幻', '惊悚']",['5.8'],['4546'],[' 英语']
[' 美国'],['塞巴斯蒂安·古提耶雷兹'],['105'],"['03', '08']","['阿比·丽', '卡拉·古奇诺', '塞伦·希德', '迪伦·贝克', '马修·比尔德']",['收割伊丽莎白 Elizabeth Harvest'],"['科幻', '惊悚']",['5.8'],['1945'],[' 英语']
[' 美国'],"[""Federico D'Alessandro""]",['97'],['06'],"['麦卡·梦露', '艾德·斯克林', '加里·奥德曼', 'Fiston Barek', 'Ivana Zivkovic', 'Sharon D. Clarke', 'Ian Virgo', 'Paul Leonard Murray', 'Dragoljub Ljubicic', 'Irene Chiengue Chiendjo', 'Greg De Cuir', 'Danijel Korsa', 'Sasa Tomic']",['智慧囚屋 Tau'],"['科幻', '惊悚']",['5.8'],['2370'],[' 英语']
[' 中国大陆'],['陈廖宇'],['89'],['06'],"['张鹤来', '张栩儿', '刘思童', '吴旭', '孙博', '陈子平', '崔志刚', '廖伟', '郭笑', '孙照博', '将小北', '胖妞']",['吃货宇宙'],"['喜剧', '科幻', '动画']",['5.8'],['2435'],[' 汉语普通话']
[' 日本'],['坂本浩一'],['90'],['03'],"['滨田龙臣', '山本千寻', '长谷川真优', '小泽雄太', '本仮屋唯佳', '青柳尊哉', '石黑英雄', '小西克幸', '三森铃子', '潘惠美', '浅沼晋太郎', '宫野真守', '绿川光', '神谷浩史', '关智一', '入野自由', '田中秀幸', '池田昌子', '西冈德马']",['捷德奥特曼 剧场版：连接吧！心愿！！ 劇場版ウルトラマンジード：つなぐゼ！願い！！'],"['动作', '科幻', '动画']",['5.8'],['1161'],[' 日语']
[' 俄罗斯 Russia'],['谢尔盖·马克利斯基'],['112'],['05'],"['Nikita Volkov', '斯维里娅·雅努索斯凯伊特', '尤利娅·别列希尔德']",['草稿 Черновик'],['科幻'],['5.8'],['96'],[' 俄语 Russian']
[' 美国 / 中国大陆 / 香港'],['乔·德特杜巴'],['115'],['08'],"['杰森·斯坦森', '李冰冰', '雷恩·威尔森', '鲁比·罗丝', '赵文瑄', '佩吉·肯尼迪', '杰西卡·麦克娜美', '奥拉维尔·达里·奥拉夫松', '罗伯特·泰勒', '蔡书雅', '丘增', '克利夫·柯蒂斯', '安佑森', '罗伯·基帕-威廉姆斯', '维他亚·潘斯林加姆', '安得烈·格兰杰', '蒂姆·王', '史蒂文·A·戴维斯', '托万达·马尼莫', '买红妹']",['巨齿鲨 The Meg'],"['动作', '科幻', '惊悚']",['5.7'],['159552'],[' 英语 / 汉语普通话 / 泰语']
[' 美国'],['瑞德·穆拉诺'],['93'],"['01', '09']","['彼特·丁拉基', '艾丽·范宁', '夏洛特·甘斯布', '保罗·吉亚玛提']",['此刻只有你共我 I Think We&#39;re Alone Now'],['科幻'],['5.7'],['934'],[' 英语']
[' 中国大陆'],['曾庆杰'],['75'],['08'],"['陈思宇', '王子清', '小夕', '徐凡', '梁辰羽']",['天才J之谜题里的倒计时'],"['科幻', '悬疑']",['5.6'],['772'],[' 汉语普通话']
[' 澳大利亚'],['约翰 V 索托'],['90'],"['02', '05']","['杰奎琳·麦根斯', '麦尔斯·珀拉德', '海莉·麦克尔希尼', '本·莫特利', '香农·贝里', '特洛伊·考沃德', '亚当·T·帕金斯', '瑞安·帕尼萨', '约翰·麦克菲尔森', '贾格·潘努', '雪莉·图希', '史蒂夫·伯里奇']",['平行世界之门 The Gateway'],['科幻'],['5.6'],['1108'],[' 英语']
[' 意大利'],['加布里埃莱·萨尔瓦托雷斯'],['93'],['01'],"['瓦莱丽亚·戈利诺', '西尔维亚·布苏约克', '克谢尼娅·拉波波尔特', 'Kristof Konrad', 'Maurizio Lombardi', '丹尼尔·维维安', 'Ivan Franek', 'Emilio De Marchi']",['少年透明人2 Il ragazzo invisibile: Seconda generazione'],"['科幻', '奇幻']",['5.6'],['154'],[' 意大利语 / 俄语']
[' 中国大陆'],"['关奇聪', '张甲君']",[],['05'],['边江'],['空气侠'],"['科幻', '动画']",['5.6'],['281'],[' 汉语普通话']
[' 美国 / 中国大陆'],['斯蒂文·S·迪奈特'],['111'],['03'],"['约翰·博耶加', '斯科特·伊斯特伍德', '卡莉·史派妮', '景甜', '查理·戴', '伯恩·戈曼', '张晋', '亚德里亚·霍纳', '菊地凛子', '卡兰·布拉尔', '黄恺杰', '伊万娜·萨赫诺', '新田真剑佑', '吉丽', '雪莉·罗德里格斯', '拉哈特·亚当斯', '列维·米登', '达斯汀·克莱尔', '陈梓童', '于小伟', '钱泳辰', '郭家铭', '蓝盈莹', '金桢勋', '菊池润美', '丹尼尔·弗雷里格尔', '齐柏林·汉密尔顿', '尼克·塔拉贝', '布里德基·萨蒂纳', '小蒂姆·约翰逊', '玛德琳·麦格劳', '乔什·斯坦伯', '斯蒂芬妮·阿琳', '卢克·朱迪']",['环太平洋：雷霆再起 Pacific Rim: Uprising'],"['动作', '科幻', '冒险']",['5.5'],['176839'],[' 英语 / 汉语普通话']
[' 美国'],['杰拉德·麦克穆雷'],['98'],['07'],"['伊兰·诺尔', '莱克斯·斯科特·戴维斯', '乔瓦恩·韦德', '马加', '帕奇·德拉奇', '玛丽莎·托梅', '劳伦·维勒斯', '克丽丝滕·索利斯', '莫·麦克雷', '史蒂夫·哈里斯', '米切尔·爱德华兹', '伊恩·布莱克曼', '梅罗妮·迪亚兹', '迪德尔·古德温', '丽维·陈', '阿兰·皮特鲁塞泽维斯基', '洛根·克劳福德', '约翰·麦克金蒂']",['人类清除计划4 The First Purge'],"['科幻', '惊悚', '犯罪']",['5.4'],['10245'],[' 英语']
[' 美国'],['拉敏·巴哈尼'],['100'],"['05', '05']","['迈克尔·B·乔丹', '索菲亚·波多拉', '迈克尔·珊农', '梅寇·阮', '迪伦·泰勒', 'Saad Siddiqui', '莉莉·辛格', '德鲁·尼尔森', '雷欧·巴奈扎', '凯尔·杜拉', '乔安妮·博兰德', '林恩·格里芬', 'Zachary Wiseman', 'Alexander Yarwood', 'Scott Edgecombe', '杜安·莫瑞', '马丁·唐文', '乔·平格', '大卫·托帕', '提姆·波斯特', '查得卡米列里', '坎蒂·亚历山大', '格蕾丝·林恩·孔', '简·莫凡特', '肖恩·琼斯', '丹尼尔·祖尔格哈德利', 'Michael Sercerchi']",['华氏451 Fahrenheit 451'],"['剧情', '科幻', '惊悚']",['5.4'],['2484'],[' 英语']
[' 美国'],['韦斯·鲍尔'],['142'],['01'],"['迪伦·奥布莱恩', '卡雅·斯考达里奥', '李起弘', '托马斯·布罗迪-桑斯特', '罗莎·萨拉查', '德克斯特·达登', '艾丹·吉伦', '威尔·保尔特', '吉安卡罗·埃斯波西托', '沃尔顿·戈金斯', '派翠西娅·克拉克森', '巴里·佩珀']",['移动迷宫3：死亡解药 Maze Runner: The Death Cure'],"['动作', '科幻', '冒险']",['5.3'],['62459'],[' 英语']
[' 中国大陆'],['黄璜'],['75'],['01'],"['谢治勋', '王歆霆', '张杨智子']",['花悸'],"['爱情', '科幻', '惊悚']",['5.3'],['467'],[' 汉语普通话']
[' 美国'],['吕寅荣'],['104'],['08'],"['阿曼德拉·斯坦伯格 ', '曼迪·摩尔', '格温多兰·克里斯蒂', '布莱德利·惠特福德', '哈里斯·迪金森', '马克·奥布莱恩', '韦德·威廉姆斯', '华莱士·朗翰', '帕特里克·吉布森', '高顿·布鲁克斯', '司盖兰·布鲁克斯', '凯萨琳·戴尔', '米娅·切赫', '佩顿·威奇', '凯蕾·里维拉', '查尔斯·格林', '卡尔森·霍尔姆斯', '莉娅·朱厄特', '盖奇·劳森']",['黑暗心灵 The Darkest Minds'],"['科幻', '惊悚']",['5.2'],['2021'],[' 英语']
[' 日本'],['元永庆太郎'],['98'],['05'],"['花江夏树', '三森铃子', '细谷佳正', '田村睦心', '吉田仁美', '榎木淳弥', '池田纯矢', '市道真央', '荒川美穗', '坂本千夏', '重松花鸟', '山口真弓', '樱井孝宏', '山田蘑菇', '松本美和', '竹内顺子', '德光由禾', '森下由树子', '浪川大辅', '青山穰', '武内骏辅', '松泽千晶', '千叶进步', '小松郁', '岩濑周平', '小林直人', '井上宝', '滨田洋平', '平田广明']",['数码宝贝大冒险tri. 第6章：我们的未来 デジモンアドベンチャー tri. 第6章 ぼくらの未来'],"['科幻', '动画', '冒险']",['5.2'],['2522'],[' 日语']
[' 韩国'],['金知云'],['138'],['07'],"['姜栋元', '韩孝周', '郑雨盛', '金武烈', '韩艺璃', '许峻豪', '崔珉豪', '申银秀', '崔镇浩', '玉子妍', '李济延', '李东河', '李率求', '沈昭英', '郑元中', '金宰荣', '刘尚宰', '郑基燮', '刘志龙', '金范来', '金哲允', '林智亨', '朴秉恩', '文艺媛', '全汝彬', '张元亨', '洪仁', '朴晟泽', '金炫俊', '文在元', '姜贤重 ', '朴正植 ', '郑米楠', '朴亨洙', '林哲亨', '朴珠熙', '金贤昌']",['人狼 인랑'],"['动作', '爱情', '科幻']",['5.2'],['3525'],[' 韩语']
[' 塞尔维亚'],['拉扎尔·博德罗扎'],['85'],['02'],"['塞巴斯蒂安·卡瓦扎', '斯托雅', '玛鲁萨·马杰尔', '科斯蒂·贝斯特曼']",['人工性智能 Ederlezi Rising'],"['剧情', '爱情', '科幻']",['5.2'],['393'],[' 英语']
[' 美国'],['斯科特·邓恩'],['74'],['12'],"['斯科特·邓恩', 'Alexandre Chen']",['曼道还魂 Mandao of the Dead'],"['喜剧', '科幻', '恐怖']",['5.2'],['87'],[' 英语']
[' 美国'],"['乔纳森·贝克', '乔西·贝克']",['102'],['08'],"['詹姆斯·弗兰科', '佐伊·克罗维兹', '丹尼斯·奎德', '凯莉·库恩', '杰克·莱诺', '马克·奥布莱恩', '伊恩·马休斯', '肖恩·J·汉密尔顿', '高莉莉', '乔纳森·切里', '罗曼诺·欧萨里', '迈尔斯·特鲁伊特', '布里·沃西伦科', '加万·福克斯']",['同族 Kin'],"['动作', '科幻', '惊悚']",['5.2'],['943'],[' 英语']
[' 加拿大'],['杰森·斯通'],['91'],['03'],"['斯戴芬妮·斯考特', '西奥多·佩尔兰', '萨伊德·塔格马奥', '珀西·海恩斯·怀特', '凯特·伯顿', '雅内-莱恩·格林', '贾密尔·弗伦奇', '克莉丝汀·布丝', '肖恩迪瓦恩', '亚历山大·戈麦斯']",['第一缕曙光 First Light'],"['科幻', '惊悚']",['5.1'],['388'],[' 英语']
[' 美国 / 加拿大'],['沙恩·布莱克'],['107'],"['10', '09', '09']","['波伊德·霍布鲁克', '崔凡特·罗兹', '雅各布·特伦布莱', '科甘-迈克尔·凯', '奥立薇娅·玛恩', '斯特林·K·布朗', '托马斯·简', '阿尔菲·艾伦', '奥古斯托·阿奎莱拉', '杰克·布塞', '伊冯娜·斯特拉霍夫斯基', '布赖恩·A·普林斯', '麦克·多普德', '尼尔迈特', '加里·切克', '艾米·阿内克', '弗雷泽·艾奇逊', '简·波斯', '洛奇林·莫罗', '叶芳华', '里斯·威廉姆斯', '萨奇·布洛克勒班克', '肖恩·O.罗伯茨', '柯林·科里根', '帕特里克·萨邦圭', '弗雷泽·科比特', '阿隆·克拉文', '安德鲁·詹金斯']",['铁血战士 The Predator'],"['动作', '科幻', '惊悚', '冒险']",['5.0'],['40719'],[' 英语 / 西班牙语']
[' 英国'],['Johnny Kevorkian'],['91'],['10'],"['大卫·布拉德利', 'Abigail Cruttenden', 'Neerja Naik']",['等待指示 Await Further Instructions'],"['科幻', '悬疑', '恐怖']",['4.9'],['602'],[' 英语']
[' 英国 / 德国'],['邓肯·琼斯'],['126'],['02'],"['亚历山大·斯卡斯加德', '保罗·路德', '贾斯汀·塞洛克斯', '罗伯特·席安', '谢妮布·萨利赫', '罗伯特·卡辛斯基', '多米尼克·莫纳汉', '山姆·洛克威尔', '丹尼尔·法瑟斯', '诺埃尔·克拉克', '弗洛伦丝·卡松巴', '克斯腾·布劳克', '安杰伊·布卢门菲尔德', '尼基·兰伯恩', '卡罗琳·彼得斯', '劳拉·德波尔', '马蒂·博斯泰特', '杰尼斯·纽沃纳', '安妮娜·沃尔特', '尤金·鲍德尔']",['缄默 Mute'],"['科幻', '悬疑', '惊悚']",['4.9'],['2262'],[' 英语 / 德语']
[' 美国'],"['Christopher Caldwell', 'Zeek Ear']",['98'],"['03', '11']","['佩德罗·帕斯卡', '杰伊·杜普拉斯', 'Sophie Thatcher']",['致命勘探 Prospect'],"['剧情', '科幻', '惊悚']",['4.9'],['643'],[' 英语']
[' 中国大陆'],['王子鸣'],['92'],['03'],"['秦岚', '王冠逸', '施予斐', '杨树林', '郑嘉颖', '应采儿', '甘薇', '尹艺夫']",['超级APP'],"['喜剧', '爱情', '科幻']",['4.7'],['310'],[' 汉语普通话']
[' 英国'],['Hasraf Dulull'],['94'],['06'],"['凯缇·萨克霍夫', '雷·费隆', '朱莉·考科斯']",['2036来历不明 2036 Origin Unknown'],"['科幻', '惊悚']",['4.7'],['787'],[' 英语']
[' 美国'],['Matthew Charles Santoro'],['92'],['05'],"['乔丹·莘森', '朗·埃达德', '科鲁姆·费奥瑞', '奥斯汀·斯托维尔', '杰德·泰勒', '汤姆·怀特', 'Winston James Francis', '理查德·波特诺', '梅·梅纳康', '玛丽·贾菲', '劳拉·玛高丽丝', '奥玛·杜姆', '林克·汉德', '理查德·多顿', 'Fitz Houston']",['救世超能：永无止境 Higher Power'],"['动作', '科幻', '惊悚']",['4.7'],['441'],[' 英语']
[' 美国'],['Don Michael Paul'],[],['05'],"['杰米·肯尼迪', '迈克尔·格罗斯', '坦娅·范·格拉恩', 'Jamie-Lee Money', '珍娜·厄普顿', '格雷格·克列克']",['异形魔怪：极寒之日 Tremors: A Cold Day in Hell'],"['动作', '科幻', '恐怖']",['4.7'],['814'],[' 英语']
[' 美国'],['托马斯·亨尼赛'],['89'],['09'],"['贾斯汀·哈特雷', '阿莉尔·凯贝尔', '詹姆斯·凯森·李', '阿兰·皮特鲁塞泽维斯基', '马克·瓦雷', '杰克·麦克劳克林', '塔克·斯莫尔伍德', '艾登·洛夫坎普', '克里斯尔·斯塔休斯', 'Ethan Cohn', '卡尔·T·怀特', 'Julia Parker', '托马斯·亨尼赛']",['另一个时间 Another Time'],"['剧情', '喜剧', '爱情', '科幻']",['4.7'],['559'],[' 英语']
[' 美国'],['Don Michael Paul'],[],['05'],"['杰米·肯尼迪', '迈克尔·格罗斯', '坦娅·范·格拉恩', 'Jamie-Lee Money', '珍娜·厄普顿', '格雷格·克列克']",['异形魔怪：极寒之日 Tremors: A Cold Day in Hell'],"['动作', '科幻', '恐怖']",['4.7'],['814'],[' 英语']
[' 英国'],['斯戴芬·卢佐维茨基'],['93'],['08'],"['娜塔莉·多默尔', '马特·史密斯', '克莱夫·斯坦登', '斯坦利·图齐', '约翰·C·布莱德利', '安娜斯塔西亚·哈罗德', '阿格妮丝·迪恩', '豪尔赫·莱昂·马丁内斯', '皮帕·贝内特-华纳', '詹姆斯·诺斯科特', '柯林·麦克法兰', '蒂利亚纳·布克丽瓦']",['零号病人 Patient Zero'],"['动作', '科幻', '恐怖']",['4.7'],['1204'],[' 英语']
[' 新西兰'],['Tim van Dammen'],['79'],['07'],"['Anton Tennet', 'Jonny Brugh', 'Milo Cawthorne', 'Hetty Gaskall-Hahn', 'Josh McKenzie', 'Arlo Gibson', 'Jaya Beach-Robertson', 'Axl Scott', 'Tian Tan', 'Mick Innes']",['超时空犯罪小队 Mega Time Squad'],"['喜剧', '动作', '科幻', '犯罪', '冒险']",['4.7'],['230'],[' 英语']
[' 美国 / 英国'],['伦纳特·拉夫'],['97'],"['10', '03']","['萨姆·沃辛顿', '泰勒·席林', '汤姆·威尔金森', '阿格妮丝·迪恩', '娜塔莉·伊曼纽尔', '诺亚·尤佩', '克里·约翰逊', '亚历山大·约瓦诺维奇', '迪耶戈·博内塔', '亚伦·赫弗南', '娜奥米·巴特里克', '史蒂芬·克里', '娜塔莉·波萨', '弗朗西斯科·加里多', '凯尔·索列尔', '本·奥德里基', '古斯塔沃·萨尔梅龙']",['超能泰坦 The Titan'],"['科幻', '惊悚']",['4.6'],['7748'],[' 英语']
[' 美国'],['富尔维奥·塞斯蒂托'],['82'],['09'],"['彼得·斯特曼', '乔丹·莘森', '马丁·桑斯梅耶', '唐·斯达克', '迪·沃伦斯', '莱安·卡勒斯', '克劳德·杜哈梅尔', '丹尼埃尔·布鲁吉奥', '迈克尔·本耶尔']",['不期而遇 Beyond The Sky'],"['科幻', '悬疑', '惊悚']",['4.6'],['459'],[' 英语']
[' 英国'],['保罗·拉希德'],['90'],['08'],"['肖娜·麦克唐纳', '奥德·菲尔', '爱丽达·阿察瑞儿']",['白室 White Chamber'],"['科幻', '惊悚', '恐怖']",['4.5'],['84'],[' 英语']
[' 美国'],['Ray Raghavan'],['85'],['04'],"['大卫·刘易斯', '艾米莉·霍尔姆斯', '麦肯锡·葛雷']",['暴力治愈 Violentia'],"['剧情', '科幻']",['4.5'],['182'],[' 英语']
[' 美国'],['奥利弗·达利'],['100'],['08'],"['托马斯·简', '贝姬·戈麦斯', '多米尼克·瑞恩斯', '特德·麦金利', '亚历克斯·诺伊施泰特', '斯黛茜·阿伦·拉布', '埃里克·艾特巴里', '萨姆·厄普顿', '玛德琳·贝塔尼', '乔纳森·坎普', '多里安·金']",['机器猛犬 A.X.L.'],"['科幻', '冒险']",['4.4'],['1675'],[' 英语']
[' 美国'],['A.T. White'],[],['09'],"['维吉尼亚·加德纳', '克里斯蒂娜·马斯特森', 'Eric Beecroft', '可宜', 'Shannon Hollander', 'Elias Brett', 'Matthew Thomas Brown']",['海星 Starfish'],"['剧情', '科幻', '恐怖']",['4.4'],['118'],[' 英语']
[' 美国'],['安东尼·C·费兰特'],['90'],['08'],"['塔拉·雷德', '乔纳森·本内特', '薇薇卡·福克斯', '卡茜·瑟波', '伊恩·齐林', '查克·西汀格', 'Lucia Oskerova', 'Alexandre Ottoni', 'Raine Michaels', 'Roxanna Bina']",['鲨卷风6：最后的鲨卷风 The Last Sharknado: It&#39;s About Time'],"['喜剧', '科幻', '恐怖']",['4.3'],['215'],[' 英语']
[' 中国大陆'],['陈加玲'],['92'],['03'],"['李昇炫', '郭碧婷', '白冰', '李笑男', '李贤宰', '张亮', '王梓轩', '蔡宛珊']",['宇宙有爱浪漫同游'],"['喜剧', '爱情', '科幻']",['4.2'],['822'],[' 汉语普通话']
[' 美国'],['Ken Locsmandi'],['93'],['12'],"['Holt McCallany', 'Zulay Henao', 'Dave Sheridan']",['穿越白色空间 White Space'],"['科幻', '惊悚']",['4.1'],['185'],[' 英语']
[' 英国'],['Carl Strathie'],['90'],['06'],"['史蒂文·奥格', '爱丽丝·洛维']",['迫日营救 Solis'],"['动作', '科幻', '冒险']",['4.1'],['398'],[' 英语']
[' 美国'],['Darin Scott'],['94'],"['04', '04']","['丹妮尔·萨夫雷', '罗勃·梅耶斯', '迈克尔·比奇', 'Nathan Lynn', 'Kim Syster', 'Jeremy Boado', 'Adrian Collins', 'Cameron Robertson', '达伦-迈耶', 'Marc Hyland', 'Tamer Burjaq', 'Gino Lee', 'Liza Scholtz', 'Kelton Goertz', 'Dominique Mabille']",['深海狂鲨2 Deep Blue Sea 2'],"['动作', '科幻', '恐怖']",['4.0'],['1170'],[' 英语']
[' 中国大陆'],"['李伟', '张楠']",['88'],['06'],"['梁静', '赵立新', '李兰迪', '王佳佳', '周明汕', '胡晓光', '杨轶', '董大庆', '贺宽', '李圣佳']",['伊阿索密码'],"['科幻', '悬疑', '惊悚']",['4.0'],['712'],[' 汉语普通话']
[' 美国 / 印度 / 阿联酋'],['Maurice Haeems'],['80'],['02'],"['亨利·伊安·库斯克', '凯瑟琳·奎南', 'Erika Ervin', '詹娜·哈里森', 'Karishma Ahluwalia', 'Jennifer Gjulameti', 'Raviv Haeems', 'Kaavya Jayaram', 'Lawrence Sampson']",['怪兽应变 Chimera Strain'],"['剧情', '科幻', '惊悚']",['3.9'],['216'],[' 英语']
[' 加拿大 / 美国'],['彼得·休伊特'],['96'],['02'],"['吉娜·卡拉诺', '约翰·汉纳', '瑞安·罗宾斯', '帕特里克·萨邦圭', '帕特里克·吉尔莫', '迪恩·S·贾格尔', 'Luvia Petersen']",['焦土作战 Scorched Earth'],"['动作', '科幻']",['3.9'],['241'],[' 英语']
[' 美国'],['Rob Pallatina'],['88'],['11'],"['Tom Sizemore', 'Dominique Swain', 'Anthony Jensen']",['大君主行动：纳粹死亡实验 Nazi Overlord'],"['动作', '科幻', '悬疑', '惊悚', '恐怖', '战争']",['3.8'],['85'],[' 英语']
[' 英国'],"['Freddie Hutton-Mills', '巴特·鲁斯波利']",['113'],"['04', '07(英国)"">2018']","['奥利维亚·格兰特', '约翰·汉纳', '沃伦·布朗', '埃德·斯托帕德', '里克·沃登', '威廉· 史乃普', '温迪·格伦', '斯蒂法诺·布拉奇', '爱丽达·阿察瑞儿', '保罗·尼科尔斯', '希克·奥孔科沃', 'Ben Shafik', 'Jack Healy', 'Francesca Cherruault', 'Robert Boulter']",['人工智能：灭绝危机 Genesis'],['科幻'],['3.8'],['1139'],[' 英语']
[' 美国 / 塞尔维亚'],['Eric Zaragoza'],['89'],['05'],"['斯科特·阿金斯', '阿隆·麦克卡斯克', '阿拉·萨菲', '多米尼克·鲍尔', 'Arkie Reece', 'Lukas Loughran', 'Michelle Lehane', 'Milorad Kapor']",['炮火将至 Incoming'],"['动作', '科幻', '惊悚']",['3.7'],['277'],[' 英语']
[' 美国'],['艾娃·德约列'],['109'],['03'],"['斯托姆·瑞德', '奥普拉·温弗瑞', '瑞茜·威瑟斯彭', '敏迪·卡灵', '莱维·米勒', '德里克·麦凯布', '克里斯·派恩', '古古·姆巴塔-劳', '扎克·加利凡纳基斯', '迈克尔·佩纳', '安德烈·霍兰', '罗温·布兰查德', '贝拉米·扬', '大卫·奥伊罗', '康拉德·罗伯茨']",['时间的皱折 A Wrinkle in Time'],"['科幻', '奇幻', '冒险']",['3.7'],['1711'],[' 英语']
[' 印度'],['Shakti Soundar Rajan'],['130'],['06'],"['杰亚姆·拉维', 'Nivetha Pethuraj', 'V. Jayaprakash', '拉梅什·蒂拉克', 'Rethika Srinivas', 'Aarav', '伦阿兹', 'Vincent Ashokan', 'Aathma Patrick', 'Arjunan']",['炸星记 Tik Tik Tik'],"['动作', '科幻', '冒险']",['3.5'],['246'],[' 泰米尔语']
[' 美国'],['Ryan Bellgardt'],['86'],['05'],"['Perrey Reeves', 'Ryan Merriman', 'Cate Jones', 'Katie Burgess', 'Rett Terrell', 'Kaye Brownlee-France', '布鲁斯·戴维斯']",['侏罗纪游戏 The Jurassic Games'],"['科幻', '惊悚']",['3.4'],['116'],[' 英语']
[' 澳大利亚'],['Luke Sparke'],['119'],['07'],"['特穆拉·莫里森', '布鲁斯·斯宾斯', '杰奎琳·麦根斯']",['占领 Occupation'],"['动作', '科幻']",['3.4'],['305'],[' 英语']
[' 美国'],"['James Kondelik', 'Jon Kondelik']",['85'],['12'],"['Mark Valeriano', 'Shellie Sterling', 'Madison West', 'Sallieu Sesay']",['山寨大黄蜂 Hornet'],['科幻'],['3.4'],['79'],[' 英语']
[' 美国'],"['詹姆斯·弗兰科', 'Bruce Thierry Cheung']",['90'],['05'],"['詹姆斯·弗兰科', '米拉·乔沃维奇', '刘玉玲', '史努比狗狗', '苏琪·沃特豪斯', '马索·曼恩', '玛格丽塔·列维耶娃', '卡门·阿尔根齐亚诺', '斯科特·黑兹', '威尔莫·卡德隆']",['未来世界 Future World'],['科幻'],['3.3'],['869'],[' 英语']
[' 美国'],['Wallace Brothers'],['93'],['09'],"['C.J. Baker', 'Ethan McDowell', '爱德华多·古斯特斯', 'Gregory Niebel', 'Whitney Nielsen']",['异形远征队 Alien Expedition'],['科幻'],['3.1'],['195'],[' 英语']
[' 中国大陆'],['叶小舟'],['95'],['01'],"['欧阳佳', '高翔', '雷诺儿', '马筱哲', 'Warin Samrit']",['时空终点'],"['科幻', '悬疑', '惊悚']",['3.1'],['247'],[' 汉语普通话']
[' 美国'],['Johnny Xeno'],[],['07'],"[""Tim O'Leary"", 'Nova Gaver', 'Chad Crenshaw', 'Mindy Marie Miller', 'Nathan Varnson', 'Sheilah Griggs', 'Kevin Gagnepain', 'Charley Schwinger', 'Tom Beaver', 'Joe Hammerstone', 'Emma Ve', 'Megan Newsham']",['没有好英雄 No Good Heroes'],"['剧情', '喜剧', '科幻', '恐怖']",['3.1'],['132'],[' 英语']
[' 美国'],['贾瑞德·科恩'],['85'],['03'],"['斯蒂夫·理查德·哈里斯', '贾瑞德·科恩', '约瑟夫·迈克尔·哈里斯', 'Paul Logan', 'Lindsay Elston', 'Jenna Enns', 'Liz Fenning', 'Xavi Israel', 'Tammy Klein', 'Michael Marcel', 'Teagan Sirset', 'Terry Woodberry']",['环大西洋2 Atlantic Rim: Resurrection'],"['动作', '科幻']",['3.0'],['637'],[' 英语']
[' 美国 / 加拿大 Canada'],['Chris Le'],['90'],['02'],"['丹尼·特雷霍', '艾利克斯·哈特曼', 'Blake Webb', 'Amy Savannah', '布拉德·施密特', 'Flo Donelli', 'Adam Scorgie', 'Nathan Day', 'Marlon V. Gaines', 'Jay Whittaker']",['血战机械人 Juarez 2045'],"['动作', '科幻', '冒险']",['2.9'],['143'],[' 英语']
[' 美国'],['Richard Lowry'],['83'],['06'],"['Hunter Alexes Parker', 'Shane Samples', 'Justin Lebrun']",['启示录叛乱 Apocalypse Rising'],"['喜剧', '科幻', '恐怖', '奇幻']",['2.7'],['130'],[]
[' 澳大利亚'],['Michael Miller'],['94'],['01'],"['Jesse Richardson', 'Ellen Williams', 'Michael Thomson', 'James Storer', 'Leigh Walker', 'Darrell Plumridge', 'Samuel Peacock', 'Katie Anderson']",['太平洋战场 Pacific Theater'],['科幻'],['2.6'],['120'],[' 英语']
[' 美国'],['Justin Price'],['82'],['08'],"['Franziska Schissler', 'Khu', 'Alexander Kane', 'Jason Skeen', 'Alex Giuffreda', 'Leonard Jackson', ""Michael 'Big Smooth' Frazier"", 'Carl Bailey', 'Emily Bertels', 'Marc Chicoine', 'Ordan Matlock']",['寻找黎明 The Dawnseeker'],"['科幻', '恐怖']",['2.5'],['225'],[' 英语']
[' 英国'],['Nicholas Agnew'],['84'],[],"['凯特·阿什菲尔德', '尼古拉斯·班克斯', 'Daniel Brennan']",['座位25 Seat 25'],"['剧情', '科幻']",[''],[],[' 英语']
[' 日本'],['高岡忠一'],['70'],[],"['有原あゆみ', '杏樹', '岩尾隆明']",['Sex and the Deathnote'],"['剧情', '科幻', '情色']",[''],[],[' 日语']
[' 美国'],['Kodi Zene'],[],[],"['Donna Swan', 'Devin Leigh', 'Jim D. Madewell']",['Monochrome'],"['动作', '科幻', '冒险']",[''],[],[' 英语']
[' 中国大陆'],"['光良', '胡升忠']",[],[],[],['未完成的童话'],['科幻'],[''],[],[]
[' 中国大陆'],['袁明涛'],[],[],"['田渤', '杜禹彤', '钱漪', '郑淳璟', '王锦', '张姝阳', '施骏喆', '钱宝鑫', '阴韫韬', '句号']",['神探云笔记2'],"['剧情', '动作', '爱情', '科幻', '悬疑', '冒险']",[''],[],[' 汉语普通话']
[' 美国'],['Aleem Hossain'],['82'],[],"['Brian Silverman', 'Clay Wilcox', 'Anslem Richardson']",['After We Leave'],"['剧情', '科幻']",[''],[],[' 英语']
[' 英国'],['Mark Morris'],['44'],['01'],[],['The Matt Preston Files'],"['科幻', '恐怖']",[''],[],[' 英语']
[' 中国大陆'],['孙敬季'],[],[],"['高洋', '孙敬季', '李岷城']",['寻找外星人'],"['剧情', '科幻']",[''],[],[' 汉语普通话']
[' 日本'],['陣寺甚多'],['75'],['07'],"['莲实克蕾儿', '春原未来']",['マイティーナイト・アルテミス2'],"['动作', '科幻']",[''],[],[' 日语']
[' 日本'],['松浦幹三'],['60'],['01'],"['辰巳唯', '奥原さやか']",['新・ヒロイン危機一髪!!12 JKB・アンダーカバー'],['科幻'],[''],[],[' 日语']
[' 中国大陆'],['袁哲'],['78'],['02'],"['邢昀', '陈圆 Yuan Chen', '金铂林', '王辰昊']",['监禁外太空'],"['科幻', '悬疑']",[''],[],[' 汉语普通话']
[' 日本'],['松浦幹三'],['60'],['02'],['藤波さとり'],['Ｔフロンティア'],"['动作', '科幻']",[''],[],[' 日语']
[' 美国'],['Brad Rau'],[],['05'],"['迪·布拉雷·贝克尔', '约翰·博耶加', '吉姆·库宁斯', '戴夫·菲洛尼', '艾什莉·埃克斯坦', '泰勒·格雷', '奥莉维亚·海克', '马克·哈米尔', '瓦内萨·马歇尔', '露皮塔·尼永奥', '黛西·雷德利', '蒂娅·希尔卡', 'Catherine Taber', '马修·伍德', '谢尔碧·杨']",['星球大战：命运的力量 第四辑 Star Wars Forces of Destiny: Volume 4'],"['科幻', '动画', '家庭', '冒险']",[''],[],[' 英语']
[' 日本'],['松浦幹三'],['60'],['06'],"['あさおか倖', '奥原さやか']",['新・ヒロイン危機一髪!!13 武捜戦隊サイレンジャー外伝 サイブレイズ・サーガ 毒婦コルビーナの恐怖'],"['动作', '科幻']",[''],[],[' 日语']
[' 比利时 / 法国'],['Jelle Stroo'],['78'],[],"['Gert De la Marche', 'Alix Vega', 'Julien Vieuloup']",['等待 La Deuxième'],"['剧情', '科幻', '悬疑']",[''],[],[' 法语']
[' 日本'],['東村宗介'],[],['06'],"['池田裕子', '須田理夏子', '凜カオリ']",['ヒロインピンチオムニバス22 炎聖神 ガルーディア'],"['动作', '科幻']",[''],[],[' 日语']
[' 日本'],['羹灼'],['196'],['08'],['内山まい'],['チャージマーメイド ～最凶の敵～'],"['动作', '科幻']",[''],[],[' 日语']
[' 美国'],['尼尔·约翰逊'],[],[],"['欧嘉·柯瑞兰寇', '亚伦·保尔']",['仿真机器人 Android'],['科幻'],[''],[],[]
[' 中国大陆'],['陈志安'],['80'],['08'],"['林扬', '王艺颖', '钟意', '李未来']",['续命空间'],"['喜剧', '科幻']",[''],[],[' 汉语普通话']
[' 美国'],['Mark Polonia'],['75'],['08'],"['Bob Dennis', 'Natalie Hallead', 'Jeff Kirkendall']",['Alien Surveillance'],"['科幻', '惊悚']",[''],[],[' 英语']
[' 中国大陆'],['徐展'],['94'],['08'],"['谢文婷', '颜煜忱', '杨心如']",['葫芦七星'],"['科幻', '动画']",[''],[],[' 汉语普通话']
[' 美国'],['Charles Band'],['62'],['09'],['William Hickey'],['血碉堡01：木偶大师：闪电大屠杀 Bunker of Blood: Chapter 1 - Puppet Master: Blitzkrieg Massa'],"['科幻', '恐怖']",[''],[],[' 英语']
[' 美国'],['Sonny Marler'],[],['11'],"['Clayne Crawford', 'Christian Kane', 'Wilmer Calderon', 'See full cast & crew']",['Tinker&#39;'],"['剧情', '科幻', '家庭']",[''],[],[' 英语']
[' 美国'],['Danny Ramirez'],['16'],['12'],"['Steven T. Bartlett', 'Jesse Gomez', 'Dupree Jones', 'Bradley Klein', 'Marik Knight', 'Catherine LaSalle']",['Vader: A Star Wars Theory Fan Film'],['科幻'],[''],[],[' 英语']
[' 美国'],['布莱恩·辛格'],[],[],[],['严肃的月亮 Uprising'],['科幻'],[''],[],[' 英语']
[' 中国大陆'],['李奥'],[],['07'],"['林韦辰', '邱东江', '卓衍彤', '金泽源', '麦子云', '钟思华', '傅力璇']",['基因迷途'],"['科幻', '悬疑']",[''],[],[' 汉语普通话']
[' 中国大陆'],['甄福群'],['73'],['04'],"['梁俊一', '张裴恩', '王希']",['末路还生'],"['科幻', '悬疑']",[''],[],[' 汉语普通话']
[' 中国大陆'],['江耀鑫'],['94'],['01'],"['郭鑫', '范野子', '马皓原']",['摩登之旅'],"['爱情', '科幻']",[''],[],[' 汉语普通话']
[' 中国大陆 / 韩国 / 美国'],['巴里·库克'],[],[],[],['悟空'],"['科幻', '动画', '奇幻', '冒险']",[''],[],[]
[' 中国大陆'],['陆微'],[],['06'],"['明俊臣', '苏宇凡', '腾晓鹏', '王天楚']",['我爱女导演'],"['剧情', '科幻', '冒险']",[''],[],[' 汉语普通话']
[' 阿根廷'],"['Daniel de la Vega', 'Pablo Parés']",[],[],[],['我有毒 Soy tóxico'],"['动作', '科幻', '恐怖']",[''],[],[]
[' 美国'],[],['15'],['03'],"['大卫·阿克德', '约翰·博耶加', '艾什莉·埃克斯坦', '戴夫·菲洛尼', '马克·哈米尔', '汤姆·凯恩', '马特·兰特尔', '瓦内萨·马歇尔', '露皮塔·尼永奥', '黛西·雷德利', 'Helen Sadler', '蒂娅·希尔卡', 'Catherine Taber', '凯莉·玛丽·陈', '谢尔碧·杨']",['星球大战：命运的力量 第三辑 Star Wars Forces of Destiny: Volume 3'],"['科幻', '动画', '家庭', '冒险']",[''],[],[' 英语']
[' 中国大陆'],['谢斌'],['73'],['03'],"['张强', '欧宇宁', '张琼', '时晓飞']",['黑狼行动之迷你侠'],"['动作', '科幻']",[''],[],[' 汉语普通话']
[' 日本'],['東村宗介'],['60'],['02'],"['池田裕子', '内村里菜', '稲葉楓']",['巨大ヒロイン（R） フレアレディ'],"['动作', '科幻']",[''],[],[' 日语']
[' 美国'],['Justin Petty'],['101'],[],"['Adam Edwards', 'Anthony Obi', 'Kam Franklin', 'Stephani Palmer', 'Bobby Dornbos', 'Lindsay Gustin', 'Joseph Graham']",['Nothing Really Happens'],"['喜剧', '科幻', '惊悚']",[''],[],[' 英语']
[' 美国'],['尼尔·布林'],['89'],[],"['Neil Breen', 'Sara Meritt']",['孽兄 Twisted Pair'],"['科幻', '惊悚']",[''],[],[' 英语']
[' 美国'],[],[],[],"['Neil Arnote', 'Aaron Behr', 'Tate Birchmore', '凯尔·加尔纳', 'Graham Hamilton']",['alien-code'],"['科幻', '悬疑', '惊悚']",[''],[],[]
[' 印度 India'],['Sujeeth'],[],[],"['施拉达·卡普尔', '帕拉巴斯', '杰奇·史洛夫', '马赫什·曼杰瑞卡', '曼迪拉·贝迪', '尼尔·尼汀·穆科什', 'Aditya Srivastava', 'Narendra Jha', 'Chunky Pandey', 'Arun Vijay', '阿西夫·阿里·贝格', 'Sunil Vishrani']",['Saaho'],"['动作', '科幻', '冒险']",[''],[],[' 印地语 Hindi']
[' 德国'],['多米尼克·格拉夫'],[],[],"['马克思·雷迈特', '布鲁诺·甘茨', '汉娜·赫茨施普龙']",['傀儡：归来 Golem'],"['科幻', '惊悚']",[''],[],[' 德语']
[' 美国'],[],[],[],[],['伊甸园计划 The Eden Project'],['科幻'],[''],[],[]
[' 美国'],['罗兰·艾默里奇'],[],[],[],['星际之门 Stargate'],"['动作', '科幻', '冒险']",[''],[],[]
[' 美国 / 西班牙'],['安东尼奥·班德拉斯'],[],[],['安东尼奥·班德拉斯'],['索洛 Solo'],"['剧情', '科幻', '惊悚']",[''],[],[' 英语']
[' 日本'],['鳥居康剛'],['75'],['01'],"['多田爱佳', '秦瑞穗', '本拡樹', '樋口大起', '河合美咲', '加賀成一']",['寄生侵略 PARASITE WAR'],"['科幻', '惊悚']",[''],[],[' 日语']
[' 美国'],[],[],[],[],['奇怪的收缩人 The Incredible Shrinking Man'],"['喜剧', '动作', '科幻']",[''],[],[' 英语']
[' 美国'],['Trifon Dimitropoulos'],[],['12'],"['George Walsh', 'Danielle Nicolette Najarian', 'Alphonse Boulos']",['The Five in Merseyside'],"['科幻', '恐怖']",[''],[],[' 英语']
[' 美国'],['Svend Ploug Johansen'],['79'],['12'],"['泰勒·杰拉德·哈特', 'Mathilde Norholt', '帕特亚·斯塔图安']",['时空穿越者 Time Jumpers'],['科幻'],[''],[],[' 英语']
[' 中国大陆'],"['于汉威', '周天阳']",['63'],['11'],"['杜小鱼', '于士博', '艾米']",['隐秘家族'],"['剧情', '科幻']",[''],[],[' 汉语普通话']
[' 英国'],['Tim Cowles'],[],['11'],"[""Aislinn De'ath"", 'Ana Rosa De Eizaguirre Butler', 'Esmonde Cole', 'Jared Nelson', 'Leah Cunard']",['化身侦探 The Shapeshifting Detective'],"['科幻', '悬疑', '惊悚']",[''],[],[]
[' 波兰'],[],[],['10'],"['Noemi Lakatosz', 'Maia Nappee']",['The Living Dead 3D'],"['动作', '科幻', '恐怖']",[''],[],[' 波兰语 / 英语']
[' 台湾'],"['纪敦智', '黄瀛洲']",['110'],['10'],[],['重甲机神 重甲機神'],"['科幻', '动画']",[''],[],[' 汉语普通话']
[' 美国'],"['Charles Band', 'William Butler']",['75'],['10'],['Karen Black'],['血碉堡02：致命玩偶：终极剪切 Bunker of Blood: Chapter 2 - Deadly Dolls: Deepest Cuts'],"['科幻', '恐怖']",[''],[],[' 英语']
[' 澳大利亚'],"['Kiah Roache-Turner', 'Tristan Roache-Turner']",[],['09'],"['莫妮卡·贝鲁奇', '本·奥图尔', '泰丝·哈乌布里奇']",['尼可曼斯 Nekrotronic'],"['科幻', '恐怖']",[''],[],[]
[' 美国'],['Conrad Faraj'],['97'],['08'],"['Angie Cole', 'Roger Conners', 'Jinette Faraj']",['与天空抗争 Fighting the Sky'],['科幻'],[''],[],[' 英语']
[' 日本'],['六機崇'],['91'],['06'],"['阿部乃美久', '片瀬仁美']",['レイプハンター開発計画 File 08 マイティボーイ'],['科幻'],[''],[],[' 日语']
[' 中国大陆'],['辰宗泽'],['66'],['05'],"['黄柏语', '刘远锋', '陈霜', '梁证嘉']",['腹黑少女贴身男佣'],"['喜剧', '爱情', '科幻']",[''],[],[' 汉语普通话']
[' 美国'],"['Don Adams', 'Charles Band']",[],[],[],['血碉堡06：僵尸欲望：夜肉 Bunker of Blood: Chapter 6: Zombie Lust: Night Flesh'],"['科幻', '恐怖']",[''],[],[' 英语']
[' 澳大利亚'],['Mike Garrick'],['89'],[],"['Greg Kennedy', 'Tayla Holborow', 'Yoji Tatsuta']",['昨日女孩 Yesterday&#39;s Girl'],"['动作', '科幻']",[''],[],[' 英语']
[' 美国'],['Davin Lengyel'],[],[],"['Olunike Adeliyi', '克里斯蒂安·布鲁恩', 'Ginger Ruriko Busch', 'Mika Collins', 'Katherine Gauthier', 'Joanna Haughton', 'Casey Hudecki', 'Andy Hull', '海伦·约翰斯', '米歇尔·摩根', '克里斯·拉茨']",['Deep Six'],['科幻'],[''],[],[' 英语']
[' 日本'],['松浦幹三'],['60'],['03'],['北川りこ'],['ヒロインピンチオムニバス21 ワンダーヴィーナス'],"['动作', '科幻']",[''],[],[' 日语']
[' 美国'],['Angelo Lopes'],[],['01'],"['Brendan Guy Murphy', 'Jon Proudstar', 'Carol Cardenas']",['荒地 Wastelander'],"['动作', '科幻', '冒险']",[''],[],[' 英语']
[' 土耳其'],['Kivanç Baruönü'],[],['01'],"['Cem Yilmaz', '奥赞·居文']",['科幻豪杰总动员2 Arif V 216'],"['喜剧', '动作', '爱情', '科幻', '音乐', '歌舞', '家庭', '奇幻']",[''],[],[' 土耳其语']
[' 美国'],['Richard Boylan'],[],[],"['Pete Beaumont', 'Graham McNeill', 'Terry Skrinjar', 'Erik Steffens']",['近卫兵 GuardsMAN'],"['科幻', '战争']",[''],[],[' 英语']
[' 西班牙'],['Rubén Arnaiz'],[],[],[],['埃里亚 Erial'],"['科幻', '恐怖']",[''],[],[' 西班牙语']
[' 英国'],['Martin Grof'],['85'],[],"['Johnny Mindlin', 'Richard Canal', 'Sophie Wilson']",['Excursion'],"['科幻', '悬疑', '惊悚']",[''],[],[' 英语']
[' 日本'],['高橋佑輔'],['21'],[],"['田村祐貴', '加藤大智', '渋谷樹翔']",['フェイド・トゥー・インサイド'],"['科幻', '悬疑', '惊悚']",[''],[],[' 日语']
[' 美国'],['Steve Perkins'],['6'],[],[],['老流氓 The Old Rogue'],"['剧情', '科幻']",[''],[],[' 英语']
[' 中国大陆'],['战波'],['90'],[],[],['修仙学院'],"['爱情', '科幻', '武侠', '古装']",[''],[],[' 汉语普通话']
[' 美国'],['Marshall Leming'],[],[],"['Rob Tode', 'Andre L. Burch', 'Rand Kennedy']",['Sawyer'],['科幻'],[''],[],[' 英语']
[' 中国大陆'],['孙闰伟'],['70'],[],"['韩山山', '周子琪', '李硕', '王阳', '刘毓璇']",['时空救援队'],"['动作', '科幻', '悬疑']",[''],[],[' 汉语普通话']
[' 美国'],['Tony Dean Smith'],[],[],"['Adrian Glynn McMorran', '麦达·阿帕诺威茨', '约翰·卡西尼', 'Frank Cassini', '阿莱克斯·潘诺维奇', '比尔·马钱特', '布鲁·曼库马', 'Jason Simpson', 'Jaden Oehr', 'Drummond Macdougall']",['Volition'],['科幻'],[''],[],[' 英语']
[' 美国'],['Misty Talley'],[],[],"['Reid Miller', 'Courtney Lauren Cummings', '吉姆·克洛克']",['Santa Jaws'],"['科幻', '恐怖']",[''],[],[]
[' 美国'],['Matt Handy'],[],[],"['Blake Boyd', 'Nadège August', 'Kurt Long']",['时间侦探 Out of Time'],"['动作', '科幻']",[''],[],[]
[' 美国'],['大卫·盖伊·利维'],[],[],"['查理·霍夫赫梅尔', '阿莱卡萨·帕拉迪诺', '罗宾·泰勒']",['The Mandela Effect'],"['剧情', '科幻', '惊悚']",[''],[],[' 英语']
[' 中国大陆 / 德国'],['崔磊'],[],[],"['汪雨轩', '霸易', '安东尼·加瓦德', 'Diana Hübel', '牛钸斯']",['尼古拉代码 Ark: Nicola Code'],"['动作', '科幻', '悬疑']",[''],[],[' 英语']
[' 瑞典'],['Ted Kjellsson'],['84'],['09'],"['Madeleine Barwén Trollvik', 'Richard Sseruwagi', 'Aliette Opheim', 'Henrik Ståhl', 'Ella Rae Rappaport']",['迷失太空 Ensamma i Rymden'],"['科幻', '家庭']",[''],[],[' 瑞典语']
[' 美国'],['Chris R. Notarile'],[],[],"['蔡斯·科尔曼', 'Roberto Lombardi', 'Emily Rhoads', 'Jeff Odachowski', 'Rick Zahn', 'Edward Kasper', 'Jackie Gerhardy', 'Lindsey Bean', 'Marshall Foster', 'Brian C. Chenworth']",['First Born'],"['剧情', '科幻', '恐怖']",[''],[],[' 英语']
[' 加拿大'],['Anthony Scott Burns'],[],[],"['兰登·莱伯隆', '茱莉亚·莎拉·斯通', 'Tiffany Helm', 'Caroline Buzanko', 'Chantal Perron', 'Skylar Radzion', 'Michelle Rios', 'Tedra Rogers', 'Austin Baker', 'Karen Johnson-Diamond']",['Come True'],"['科幻', '恐怖']",[''],[],[' 英语']
[' 美国'],['John M Kline'],['113'],[],"['Ron Bush', 'Jason Austin Cousins', '托马斯·戴克', 'Mike Foy', 'Marcus Gonzalez', 'Jason R. Hughes', 'Adam Marcinowski', '维特·蒙雷尔', 'André Van Driessche']",['Once Upon a Superhero'],"['剧情', '科幻', '恐怖']",[''],[],[' 英语']
[' 美国'],['Cody Knotts'],[],[],"['Lisa Wilcox', '索子贾·奥尔森兰', '玛利亚·奥尔森', 'Emily Lapisardi', 'Remington Moses', 'Andrew Roth', 'Gary Lee Vincent', 'Caesar James', 'Morrison James', 'Jason Gerrard', '理查德·约翰·沃尔特斯', 'Nick LaMantia', 'Curt Wootton', 'Shane Douglas', 'Eric Hack', 'Christian McLaughlin']",['Kecksburg'],"['科幻', '恐怖']",[''],[],[' 英语']
[' 德国'],['Oliver Tietgen'],[],[],"['迈克尔·贝里曼', '碧安卡·布雷迪', 'Peter Cosgrove']",['Violent Starr'],"['科幻', '恐怖', '奇幻']",[''],[],[' 英语']
[' 美国'],['B. Luciano Barsuglia'],[],[],"['弗农·威尔斯', '迈克尔·贝里曼', '理查德·格里克']",['Impact Event'],['科幻'],[''],[],[' 英语']
[' 美国'],['Joseph Spector'],['10'],[],"['Nathan Marlow', 'Nicole Leigh', 'Kim Foster', 'James D. Pruitt', 'Ryan Olp', 'Cory Werthen', 'Jose Quinones', 'Daylon Walton', 'Scot Michael Walker']",['Sonny Vicious'],"['动作', '科幻', '惊悚', '恐怖', '奇幻']",[''],[],[' 英语']
[' 瑞典'],['André Hedetoft'],[],[],[],['Finns Här Några Snälla Barn'],['科幻'],[''],[],[' 瑞典语']
[' 美国'],['Christopher Cooksey'],[],[],"['Kristin Cochell', '宝拉·马尔切纳罗·索林杰', 'Matt Blackwell']",['The Quantum Terror'],"['科幻', '恐怖']",[''],[],[' 英语']
[' 美国'],['Serge Levin'],[],['02'],"['布拉德·道里夫', '林·沙烨', 'Serge Levin']",['Herbert West: Reanimator'],"['科幻', '恐怖']",[''],[],[' 英语']
[' 日本'],['東村宗介'],['60'],['03'],"['小田飞鸟', '北川果歩']",['妖艶な女幹部ジオーナ'],"['动作', '科幻']",[''],[],[' 日语']
[' 澳大利亚 Australia'],['Sara Elizabeth Joyce'],[],[],"['Renee Lim', 'Peter McAllum', 'Vanessa Moltzen']",['Titans Blood'],"['剧情', '科幻', '惊悚']",[''],[],[' 英语']
[' 美国'],['Al Hallak'],[],['05'],['Chloe Berman'],['网络穹顶 CyberDome'],"['动作', '科幻']",[''],[],[' 英语']
[' 中国大陆'],['张刁文'],[],[],"['郭天翔', '周以军', '成真']",['天堂阶梯与地狱之门'],['科幻'],[''],[],[' 汉语普通话']
[' 中国大陆'],['杨峻峰'],['65'],[],"['岳治东', '陈是霖', '熊贵盈', '唐雨轩', '冉欣悦', '付娱夕', '杜凌萱', '赵一颖', '吴宇轩', '戴猛']",['超级学院'],"['科幻', '儿童']",[''],[],[' 汉语普通话']
[' 美国'],['Tianwei Wang'],[],[],"['Amy Shi', 'Naomi Rodri', 'Victor Migalchan', 'Tyler Ip']",['Zalla'],['科幻'],[''],[],[' 英语']
[' 中国大陆'],['徐林一'],[],[],"['梁俊一', '章小军', '吕艳蓓']",['喋血特攻'],"['动作', '爱情', '科幻']",[''],[],[]
[' 美国'],['布兰登·萨拉格尔'],['92'],[],"['薇薇卡·福克斯', '弗农·威尔斯', '丹尼尔·鲍德温']",['Crossbreed'],"['动作', '科幻', '惊悚']",[''],[],[' 英语']
[' 美国'],['韦恩·克莱默'],[],[],"['斯科特·伊斯特伍德', '玛蒂尔达·鲁茨']",['Ecstasia'],['科幻'],[''],[],[' 英语']
[' 中国大陆'],[],[],[],[],['无视者'],"['动作', '科幻']",[''],[],[' 汉语普通话']
[' 中国大陆'],['兰波'],[],[],['李彦峰'],['拯救人类'],"['喜剧', '科幻']",[''],[],[' 汉语普通话']
[' 美国'],[],[],[],['杰西卡·查斯坦'],['魔女狂花 Painkiller Jane'],"['动作', '科幻']",[''],[],[]
[' 中国大陆'],[],[],[],[],['混沌之城'],['科幻'],[''],[],[' 汉语普通话']
[' 美国'],['麦克·卡希尔'],[],[],[],['医生 Doctors'],"['科幻', '惊悚']",[''],[],[]
[' 美国'],[],[],[],[],['Ocean'],"['科幻', '悬疑', '惊悚']",[''],[],[]
[' 美国'],['蒂姆·希尔'],[],[],[],['Short Circuit'],"['喜剧', '科幻', '冒险']",[''],[],[' 英语']
[' 美国'],['Dean Israelite'],[],[],[],['战争游戏 WarGames'],"['剧情', '科幻', '惊悚']",[''],[],[' 英语']
[' 美国'],['朗·霍华德'],[],[],[],['364天 364'],"['剧情', '动作', '科幻']",[''],[],[' 英语']
[' 美国'],['大卫·阿耶'],[],[],[],['Last Man'],"['动作', '科幻']",[''],[],[]
[' 美国'],[],[],[],[],['禁忌星球 Forbidden Planet'],['科幻'],[''],[],[' 英语']
[' 美国'],['Troy Brown Sr.'],['120'],['12'],"['Stephanie Frias', '弗兰克·鲍沃斯', 'Jack Lutz']",['无线电静默 Radio Silence'],['科幻'],[''],[],[' 英语']
[' 挪威'],['Morten K. Vebjørnsen'],['150'],['10'],"['Steinar A. Wedvik', 'Morten K. Vebjørnsen']",['Wraith of the Umbra and Eidolon'],"['科幻', '奇幻', '冒险']",[''],[],[' 挪威语']
[' 美国'],['Amir Motlagh'],['88'],['09'],"['Rey Deegan', 'Gregory Linington', 'Amir Motlagh', 'Keaton Shyler']",['三个世界 Three Worlds'],"['剧情', '科幻']",[''],[],[' 英语']
[' 捷克 / 斯洛伐克'],['Karel Janak'],['108'],"['08', '08']","['加布蕾拉·马辛科娃', '沃伊杰赫·戴克', 'Zuzana Porubjaková', '奥德·马利', 'Vladimír Hajdu', 'Pavel Rímský', 'Roman Luknár', 'Romana Goscíková', 'Tomás Stopa', 'Milan Bartalský', 'Matej Marusin', 'Petr Santroch', 'Branislav Bystriansky', 'Ján Slivinský', 'Sylvain Machac', 'Robert Roth', 'Ales Procházka']",['亲密的敌人 Duverný neprítel'],"['科幻', '悬疑', '惊悚']",[''],[],[]
[' 美国'],['Greg Strasz'],['8'],['07'],"['Matilda Anna Ingrid Lutz', 'Greg Strasz', 'Yuki Sakamoto']",['梅根 MEGAN'],"['动作', '科幻', '惊悚']",[''],[],[' 英语']
[' 日本'],['東村宗介'],['65'],['07'],"['宮藤あどね', '橋元優奈', '片野優愛']",['サイボーグ美少女 マニーン・ルーン'],"['动作', '科幻']",[''],[],[' 日语']
[' 日本'],['陣寺甚多'],['75'],['06'],['水野朝阳'],['電脳特捜インスペクターG 後編 ダブルレイプの罠'],"['动作', '科幻']",[''],[],[' 日语']
[' 中国大陆'],['吴军 Jun Wu'],[],['05'],"['时晓飞', '周育竹 YuZhu Zhou']",['无线信号'],"['剧情', '科幻', '悬疑']",[''],[],[' 汉语普通话']
[' 加拿大 Canada'],"['Zach Lipovsky', 'Adam Stein']",['104'],['09'],"['阿曼达·克鲁', '科维西·阿梅扬', '布鲁斯·邓恩', '米歇尔·哈里逊', '埃米尔·赫斯基', '朴敏庆']",['怪胎 Freaks'],"['剧情', '科幻', '惊悚']",[''],[],[' 英语']
[' 美国'],[],[],[],[],['战争机器 Gears of War'],"['动作', '科幻', '战争']",[''],[],[' 英语']
[' 美国'],[],['89'],['11'],"['艾玛·雷恩·莉莉', 'Madison Horcher', '乔什·霍普金斯', '查瑞丝玛·卡朋特']",['邮购怪兽 Mail Order Monster'],"['剧情', '科幻', '家庭']",[''],[],[' 英语']
[' 美国'],['山姆·雷米'],[],[],[],['第三次世界大战 World War 3'],['科幻'],[''],[],[' 英语']
[' 中国大陆'],['崔俊杰'],[],['08'],"['彭禺厶', '李灿森', '朱佳希', '张婉儿', '王岗', '大勇', '赵雅萍']",['机甲神七'],"['动作', '科幻', '冒险']",[''],[],[' 汉语普通话']
[' 中国大陆'],['玎玥琦'],['80'],['07'],"['叶灏基', '关嘉敏', '许俊豪', '陈康琪']",['穿越爱情线'],"['爱情', '科幻']",[''],[],[' 汉语普通话']
[' 中国大陆'],['连奕琦'],['20'],['11'],"['明道', '叶青', '莎拉·伯格', '马赛罗·欧根', '徐开骋']",['来自你的瓦伦汀'],"['爱情', '科幻']",[''],[],[' 汉语普通话 / 英语']
[' 中国大陆'],['龙新远'],[],['09'],"['鲍晓', '潘若瑶']",['造梦游戏'],"['喜剧', '爱情', '科幻', '奇幻', '冒险']",[''],[],[' 汉语普通话']
[' 中国大陆'],['赵勇'],['78'],['09'],"['苗大壮', '程琢', '范子绮']",['丛林敢死队'],"['喜剧', '动作', '爱情', '科幻', '冒险']",[''],[],[' 汉语普通话']
[' 中国大陆'],['叶楼'],['64'],['03'],"['杜浩丰', '陶俊竹', '张佳帅']",['最强学渣'],"['剧情', '动作', '科幻']",[''],[],[' 汉语普通话']
[' 美国'],['Philip Chidel'],['85'],['09'],"['劳伦 麦克奈特', '克里斯蒂安·奥列佛', '杰弗里·文森特·帕里塞', 'Tory Taranova', '吉米·让-刘易斯', '扎齐·罗伊瑞格', 'Dean Stapleton', 'Kari Windingstad', 'Alaina Garland']",['野生世界 The Outer Wild'],"['科幻', '惊悚', '恐怖', '奇幻', '冒险']",[''],[],[' 英语']
[' 中国大陆'],['胡艺川'],['62'],['05'],"['江若琳', '安圣浩', '梁小龙', '苑琼丹', '李健仁', '乔杉', '晋松']",['王者联盟'],"['剧情', '动作', '科幻']",[''],[],[' 汉语普通话']
[' 中国大陆'],['靳浩'],['82'],['05'],"['蔡力允', '李辛喆', '梁骞', '洪芳', '王海涛', '马修']",['战境：火线突围'],"['科幻', '战争']",[''],[],[' 汉语普通话']
[' 美国'],['Jorge Nuñez'],['85'],['03'],"['Sami Reynolds', 'Raymond Tostado', '卡尔·贝利', 'Michael Crabtree', 'Gideon Swift', 'Xiomara Bermudez']",['莲花警队 The Lotus'],"['动作', '科幻', '恐怖']",[''],[],[' 英语']
[' 日本'],['松本淳'],['91'],['02'],"['关智一', '樱井孝宏', '铃村健一', '齐藤壮马', '茅野爱衣', '远藤绫', '铃木一真', '船越英一郎']",['Infini-T Force剧场版 劇場版 Infini-T Force ガッチャマン\u3000さらば友よ'],"['科幻', '动画']",[''],[],[' 日语']
[' 匈牙利 / 法国 / 瑞典 / 美国'],['乔治·巴勒菲'],['108'],['09'],"['凯特·维隆', '马歇尔·威廉斯', 'Eric Peterson', 'Jenna Warren', '本兹·安托万', 'Andrew Moodie']",['造主之声 His Master&#39;s Voice'],"['剧情', '科幻']",[''],[],[' 匈牙利语']
[' 中国大陆'],['张内咸'],[],['03'],"['李龙君', '泽仁拉姆', '许京川', '孙研翔', '酷酷的滕', '张百乔']",['终极玩物'],"['喜剧', '科幻', '悬疑']",[''],[],[' 汉语普通话']
[' 中国大陆'],['李启星'],[],['11'],"['韩沐伯', '尤梦涵']",['VR推理战记'],"['爱情', '科幻', '悬疑']",[''],[],[' 汉语普通话']
[' 中国大陆'],['刘公子'],['81'],['03'],"['张冰倩', '陈楚洹', '杨依寒']",['玩偶帝国'],"['爱情', '科幻']",[''],[],[' 汉语普通话']
[' 印度'],['Sankalp Reddy'],['131'],['12'],"['Varun Tej', '阿娣提·拉奥·希达里', 'Lavanya Tripathi']",['深太空时速9000公里 Antariksham 9000 kmph'],"['科幻', '冒险']",[''],[],[' 泰卢固语']
[' 中国大陆'],['张玄同'],['3'],[],[],['虚无太空地狱'],"['科幻', '动画', '恐怖']",[''],[],[]
[' 美国'],['贾瑞德·科恩'],['88'],['09'],"['Kris Black', 'Sébastien Charmant', 'Xavi Israel', 'Jude B. Lanston', 'Philip Nathanael', 'Amanda Rivas', 'E.R. Ruiz', 'Deja Soufka', 'Alex West', 'Jon Young']",['异星的铁血战士 Alien Predator'],"['动作', '科幻', '惊悚']",[''],[],[' 英语']
[' 中国大陆'],['张一帆'],['85'],['02'],"['易扬', '闫薇儿', '张喜来', '罗莉娜', '杜建桥', '蔡一凡', '明晓曦']",['变种新人类'],['科幻'],[''],[],[' 汉语普通话']
[' 加拿大'],['Akash Sherman'],['105'],['09'],"['帕特里克·J·亚当斯', '特罗伊安·艾夫瑞·贝利萨里奥', '克里斯汀·哈格', '恩尼斯·埃斯莫', '詹妮弗·戴尔', '罗伯特·H·托马斯', '威尔·宝']",['克莱拉 Clara'],['科幻'],[''],[],[' 英语']
[' 中国大陆'],['马泓彬'],['63'],['04'],"['马泓彬', '吴东']",['第六超能力'],"['科幻', '悬疑']",[''],[],[' 汉语普通话']
[' 美国'],['Jose Montesinos'],['85'],['08'],"['Gina Vitori', '奥布雷·雷诺兹', 'Russell Geoffrey Banks']",['狂乱 Frenzy'],['科幻'],[''],[],[' 英语']
[' 中国大陆'],['刘頔'],['80'],['09'],"['汪晴', '刘頔', '毛娜', '卫延侃']",['AI女友'],"['爱情', '科幻']",[''],[],[' 汉语普通话']
[' 中国大陆'],['王同贺'],['18'],['05'],"['范家其', '王皓']",['沙丘'],"['剧情', '科幻']",[''],[],[' 汉语普通话']
[' 美国'],[],[],['01'],[],['带刀片的婴儿 Babes with Blades'],['科幻'],[''],[],[]
[' 中国大陆'],['高书雷'],[],['09'],"['乔新峰', '顾语涵']",['天堂计划'],['科幻'],[''],[],[' 汉语普通话']
[' 印度'],['Prasanth Varma'],['150'],['02'],"['卡加·艾嘉', '内森·梅农', 'Srinivas Avasarala']",['Awe!'],"['科幻', '惊悚']",[''],[],[' 泰卢固语']
[' 中国大陆'],['李想'],['67'],['04'],"['贾子宸', '焦文倩', '周婧', '周恒远']",['闪灵特工队'],"['动作', '科幻', '悬疑']",[''],[],[' 汉语普通话']
[' 中国大陆'],['葛达'],['64'],['06'],"['韩非', '张艺宣', '熊昱权']",['异能伏魔师'],"['剧情', '喜剧', '科幻']",[''],[],[' 汉语普通话']
[' 中国大陆'],['张惠民'],['90'],['06'],"['赵克明', '张子扬', '马嘉祺', '张惠民', '王天发', '孙苏雅', '张兆艺']",['快乐星球之三十六号'],"['科幻', '儿童']",[''],[],[' 汉语普通话']
[' 美国'],['Rob Pallatina'],['85'],"['07', '07']","['Christina Licciardi', 'Matthew Pohlkamp']",['喋血外星人 Alien Siege'],['科幻'],[''],[],[' 英语']
[' 瑞典 / 丹麦'],"['Hugo Lilja', 'Pella Kagerman']",['106'],['09'],"['Arvin Kananian', 'Emelie Jonsson', 'Jamil Drissi', 'Pablo Salvador N.G.']",['安尼亚拉号 Aniara'],"['剧情', '科幻']",[''],[],[' 瑞典语 / 西班牙语 / 英语']
[' 美国'],['朱莉·哈特'],['100'],['03'],"['古古·姆巴塔-劳', '洛莱妮·图桑特', '萨尼雅·西德尼', '克里斯托弗·邓汉', '大卫·斯特雷泽恩', 'Jermaine Washington', 'Tasos Hernandez', 'Ryan Begay', 'Levi Martinez', 'Michael E. Stogner', 'Richard L. Olsen', 'Hannah Kauffmann', 'Jason E. Hill', 'Monique Straw', 'Sylvie Grontis Hagan']",['永不褪色 Fast Color'],"['剧情', '科幻', '惊悚']",[''],[],[' 英语']
[' 中国大陆'],"['梁广明', '张伟业']",[],['12'],"['何为', '陈晓桑', '白那日苏', '彭静', '方嫒']",['机甲战神孙悟空'],"['爱情', '科幻']",[''],[],[' 汉语普通话']
[' 德国 / 卢森堡 / 丹麦'],"['克里斯托弗·劳恩斯坦', '沃尔夫冈·劳恩斯坦', '肖恩·麦克科马克']",['86'],['04'],"['Franciska Friede', 'Joey Guila']",['路易斯与外星人 Luis &amp; the Aliens'],"['喜剧', '科幻', '动画', '家庭', '冒险']",[''],[],[' 德语']
[' 中国大陆'],['吴凤未'],[],['11'],['梁彦增'],['人世间'],['科幻'],[''],[],[' 法语']
[' 中国大陆'],['刘赫尧'],['86'],['03'],"['乔乔', '蒋方婷', '曹卫宇', '姚奕辰', '赵曼竹']",['灵魂当铺之时间典当'],"['爱情', '科幻', '悬疑']",[''],[],[' 汉语普通话']
[' 中国大陆'],['周煜壹'],[],['08'],"['曾志伟', '江奇霖', '彭渤', '楚镇', 'Joel Adrian', 'Nik', '袁新', '贾蓉']",['麒麟特战队之机甲核心'],['科幻'],[''],[],[' 汉语普通话']
[' 中国大陆'],['景东'],['70'],['01'],"['谢其均', '黄一山', '陈子晞', '王涵', '黄莞乔', '伏炀']",['虫煞'],"['科幻', '悬疑', '惊悚', '恐怖']",[''],[],[' 汉语普通话']
[' 美国'],['James Thomas'],['90'],['08'],"['迈克尔·马德森', '多米尼克·培斯', '伊戈·米基塔斯', '安东尼·奥布莱恩', 'Caroline Harris', 'Aimee Stolte', '斯科特·C·罗伊', 'Sébastien Charmant', 'Elizabeth J. Cron', 'Paulina Laurant', 'Luke Fattorusso', '丹尼尔·乔', 'Philip Johnson']",['巨齿鲨山寨版 Megalodon'],"['动作', '科幻', '惊悚', '恐怖', '冒险']",[''],[],[' 英语']
[' 中国大陆'],"['柳青', '叶剑飞']",['80'],['01'],"['潘博', '李子雄', '龙馨悦', '徐丹', '曾菲（鬼鬼）']",['复制情人之意识转移'],"['爱情', '科幻']",[''],[],[' 汉语普通话']
[' 美国'],['Dylan Vox'],['89'],['06'],"['Joseph Michael Harris', 'Joel Berti']",['三叠纪世界 Triassic World'],"['动作', '科幻', '恐怖']",[''],[],[' 英语']
[' 日本'],[],[],['01'],"['小野大辅', '桑岛法子', '铃村健一', '神谷浩史']",['宇宙战舰大和号 爱的战士们 第四章 天命篇 宇宙戦艦ヤマト2202 愛の戦士たち 第四章 天命篇'],"['科幻', '动画', '战争']",[''],[],[' 日语']
[' 中国大陆'],"['郭郅', '衣楠']",['90'],['08'],"['许绍洋', '赵小锐', '丁嘉丽', '许文广']",['天网狼蛛'],"['科幻', '悬疑', '犯罪']",[''],[],[' 汉语普通话']
[' 日本'],"['羽原信义', '小林诚']",[],['05'],"['小野大辅', '桑岛法子', '铃村健一', '大塚芳忠', '赤羽根健治', '国分和人', '千叶优辉', '麦人', '长岛雄一', '千叶繁', '森谷里美', '细谷佳正', '田中理惠', '东地宏树', '雨谷和砂', '石冢运升', '甲斐田裕子', '手冢秀彰', '神谷浩史', '山寺宏一', '内山昂辉', '神田沙也加', '井上和彦', '草尾毅', '池田昌子']",['宇宙战舰大和号2202 爱的战士们 第五章 宇宙戦艦ヤマト2202 愛の戦士たち 第五章'],"['科幻', '动画', '战争']",[''],[],[' 日语']
[' 中国大陆'],['李小强'],['69'],['01'],"['任豪', '吉古', '崔紫轩', '吴逸迦', '徐伟栋', '少廷', '尉劼', '曲直', '起小点', '蛇哥', '虫叔']",['王者游戏·觉醒'],"['剧情', '科幻']",[''],[],[' 汉语普通话']
[' 中国大陆'],['赵晶'],[],['04'],"['明子煜', '尹诗瑶', '黄光亮', '李东海', '韩文帅', '王寒阳', '罗舜泉']",['换脸校花'],"['科幻', '悬疑']",[''],[],[' 汉语普通话']
[' 日本'],['坂田徹'],['90'],['03'],"['凉川绚音', '徳永れい']",['悪役製造研究所REMAKE 護星戦隊アースマン アースブルー'],"['动作', '科幻']",[''],[],[' 日语']
[' 美国'],['Derek Talib'],['105'],['01'],"['KateLynn E. Newberry', 'Marylee Osborne', 'Rebekah Hart Franklin', 'Jesi Jensen', 'Kyle Hotz', 'Jose W. Byers', 'Thomas Basso', 'Derek Talib', 'Gina Ferraro', 'Brian Bowman', 'Alex Clark', 'Amy Clark', 'Brian Ellis', 'Michael Evanichko', 'Pakob Jarernpone']",['双面女杀手 Dark Iris'],"['科幻', '惊悚']",[''],[],[' 英语']
[' 中国大陆'],['丁卫平'],[],['01'],"['张蓝心', '李元杰']",['机甲美人'],"['剧情', '爱情', '科幻']",[''],[],[' 汉语普通话']
[' 中国大陆'],['后亘'],['79'],['02'],['安康伟 孟娇霞'],['成为岛主的男人'],"['科幻', '悬疑']",[''],[],[' 汉语普通话']
[' 美国'],['Jason L. Wang'],['70'],['01'],"['Shelby Brunn', 'Michael Vitovich', 'Stefanie Barber', 'Carmen Gangale']",['特种部队：人体武器 Project E.1337: ALPHA'],"['剧情', '动作', '科幻']",[''],[],[' 英语']
[' 中国大陆'],['金文俊'],[],['09'],"['邱晓东', '汤畅', '王向侃', '冀雅凡']",['恶魔公子爱上我'],"['爱情', '科幻', '奇幻']",[''],[],[' 汉语普通话']
[' 美国'],['Asif Akbar'],['105'],['06'],"['盖瑞·丹尼尔斯', 'Marshal Hilton', 'Courtney Akbar', 'Louis Mandylor', '迈克尔·帕尔']",['阿斯特罗 Astro'],"['动作', '科幻', '惊悚']",[''],[],[' 英语']
[' 美国'],['Kate Rees Davies'],[],['05'],"['Jon Huertas', 'Jennifer Blanc', 'Nichola Fynn', 'Aileen Burdock', 'Jade Tailor', 'Mark Burnham', 'Larry Wade Carrell', 'Emrhys Cooper', 'Hallie Jordan', 'Matthew Ziff', 'Jenise Blanc', 'Danielle Artigo', 'Christine Kapetan']",['后知后觉 Altered Perception'],"['科幻', '奇幻']",[''],[],[' 英语']
[' 中国大陆'],['戴维'],['60'],['03'],"['李佳宜', '杜凡昕之', '徐才根', '杨峻宇', '吴科燃']",['和陌生的你每一天'],"['剧情', '爱情', '科幻']",[''],[],[' 汉语普通话']
[' 俄罗斯'],['Michael Raschodnikow'],['95'],['11'],"['Anna Banshchikova', 'Andrey Smolyakov', '马克西姆·维托尔甘']",['棱镜 Martian'],['科幻'],[''],[],[' 俄语']
[' 中国大陆'],['李东'],['85'],['01'],"['张优', '赵思']",['异能男友'],"['爱情', '科幻']",[''],[],[' 汉语普通话']
[' 美国'],"['Charles Band', 'Albert Pyun']",[],['10'],['Michelle Bauer'],['血碉堡03：死神：人才流失 Death Heads: Brain Drain'],"['科幻', '恐怖']",[''],[],[' 英语']
[' 美国'],['Nick Wauters'],['95'],['10'],"['艾瑞克·兹曼达', '梅西·麦克利', 'Aaron Groben', 'Angel Garet', 'Joe Souza']",['香格里拉：濒临灭绝 Shangri-La: Near Extinction'],['科幻'],[''],[],[' 英语']
[' 中国大陆'],['郭虎'],[],['09'],"['黄子耀', '卢沁希']",['沟通者之异空之客'],"['科幻', '悬疑']",[''],[],[]
[' 美国'],['Kyle Rankin'],['87'],['09'],"['帕姬·布鲁斯特', '霍莉·泰勒', '维勒莉·玛哈菲', '格雷格·芬利', '威廉·博恩凯塞尔', 'Stephanie Atkinson', 'Autumn Read', 'Adrienne Rose White']",['女巫档案 The Witch Files'],['科幻'],[''],[],[' 英语']
[' 中国大陆'],['阿肆'],['62'],['08'],['甘舒娴/黄昱清/尤亦泽'],['逃出夺命岛'],"['喜剧', '科幻', '惊悚', '恐怖']",[''],[],[' 汉语普通话']
[' 中国大陆'],['陈梦华'],['71'],['05'],"['吕太良', '何佳依', '张文亮']",['葫芦兄妹大战魔灵'],"['喜剧', '科幻']",[''],[],[' 汉语普通话']
[' 美国'],['肖恩·欧森'],['89'],['05'],"['胡凯莉', '安古斯·麦克菲登', '泰勒·克里斯托弗', '克里斯蒂娜·考克斯', '特夏斯·巴特尔', '哈维·吉兰', '坎迪斯·欣克尔', '卢修斯·霍约斯', 'Reid Miller', '卡西米尔·乔莉特', 'Christian Beckman', 'Dale Gibson']",['机器人弗雷迪 F.R.E.D.I.'],"['科幻', '家庭']",[''],[],[' 英语']
[' 美国'],['Eric Zimmerman'],['90'],['01'],"['James Duval', '内森·贝克斯顿', 'Denny Kirkwood']",['来电显示：实体 Caller ID: Entity'],"['科幻', '惊悚']",[''],[],[' 英语']
[' 美国'],[],[],[],[],['永恒的终结 The End of Eternity'],['科幻'],[''],[],[' 英语']
[' 中国大陆'],"['舒健', '曾凡华', '蔡孟育']",[],['11'],"['张楚楚', '黎源', '骆达华']",['蝶变计划'],"['动作', '爱情', '科幻']",[''],[],[' 汉语普通话']
[' 中国大陆'],['柳航'],['75'],['01'],"['桑训华', '吴业晗', '柳航']",['时空大魔王'],"['动作', '爱情', '科幻']",[''],[],[' 汉语普通话']
[' 中国大陆'],['王腾飞'],['70'],['12'],"['李瑞雪', '张宸溢']",['天才室友'],"['爱情', '科幻']",[''],[],[]
[' 美国'],['Ty Curtis King'],[],['11'],"['理查德·布雷克', '陈大卫', 'Roberto Lombardi', '萨马拉·查卡拉蒂', 'Krisondra Daigneault', 'Austin Trace', 'Mark Weiler', 'Matt Beckham', 'Lana May', '拉里·莱弗蒂', '克里斯多夫皮克哈特']",['Extinction'],"['剧情', '动作', '科幻', '奇幻']",[''],[],[' 英语']
[' 日本'],['宇那月'],['75'],['03'],['佐佐波绫'],['ヒロイン命乞い5 美少女戦士セーラーメリウス ～水の星が堕ちる時～'],"['动作', '科幻']",[''],[],[' 日语']
[' 美国'],['Serge Levin'],['90'],['02'],"['迈克尔·艾恩塞德', '查尔斯·贝克', '戴比·露珍']",['Alterscape'],"['科幻', '惊悚']",[''],[],[' 英语']
[' 美国'],"['David DeCoteau', 'Stuart Gordon']",[],[],['Blake Adams'],['血碉堡05：杂技：恶魔怪胎 Bunker of Blood: Chapter 5: Psycho Sideshow: Demon Freaks'],"['科幻', '恐怖']",[''],[],[' 英语']
[' 美国'],['Paul Kyriazi'],['94'],['06'],"['Lincoln Bevers', 'Nasanin Nuri', 'Hannah Janssen', 'Harry Mok', 'Gina Su']",['禁忌力量 Forbidden Power'],['科幻'],[''],[],[' 英语']
[' 日本'],['東村宗介'],['60'],['04'],"['美東澪', '木戸晴香']",['悪の女幹部絶体絶命 悪の華ローザ'],"['动作', '科幻']",[''],[],[' 日语']
[' 中国大陆'],['赵世尧'],['90'],['03'],['溪格'],['储灵空间'],"['科幻', '冒险', '灾难']",[''],[],[' 汉语普通话']
[' 美国'],['Milko Davis Main Director'],[],['02'],[],['The Jurassic Dead'],"['动作', '科幻', '恐怖']",[''],[],[' 英语']
[' 美国'],['CEDRIC NICOLAS-TROYAN'],[],[],"['阿萨·巴特菲尔德', '贝拉·索恩']",['EXO'],"['科幻', '惊悚']",[''],[],[' 英语']
[' 中国大陆'],['周小帆'],[],[],[],['时空乱流'],['科幻'],[''],[],[' 汉语普通话']
[' 韩国'],['罗泓轸'],[],[],[],['机器人跆拳V 로보트 태권 V'],"['动作', '科幻']",[''],[],[' 韩语']
[' 英国'],['提莫·沃伦索拉'],[],[],[],['我杀了阿道夫·希特勒 I Killed Adolf Hitler'],"['动作', '科幻', '冒险']",[''],[],[' 英语']
[' 美国'],"['Charles Band', 'Ted Nicolaou']",['92'],['11'],['Denice Duff'],['血碉堡04：吸血鬼屠杀：生吃 Bunker of Blood: Chapter 4 - Vampire Slaughter: Eaten Alive'],"['科幻', '恐怖']",[''],[],[' 英语']
[' 美国'],['Vlad Yudin'],['93'],['11'],"['Lauren Francesca', '石文燕', 'Katelyn Pearce', 'Alexander Cendese', 'Brittney Lee Hamilton', '格雷戈里·雷', 'Rajesh Nahar']",['卡茨基尔公园 Catskill Park'],"['科幻', '惊悚', '恐怖']",[''],[],[]
[' 中国大陆'],"['梁志成', '陈乐春']",['65'],['02'],"['溱浩', '刘洋子', '海生', '许建', '猛子', 'Simone']",['佣兵特战队'],"['动作', '科幻', '冒险']",[''],[],[' 汉语普通话']
[' 美国'],['Dmitry Kharchuk'],['62'],['11'],"['欧阳春晓', 'Luigi Zhang', 'Todd Lien']",['赤火追缉 iBOT'],"['动作', '科幻']",[''],[],[' 英语 / 汉语普通话']
[' 中国大陆'],['侯嵩松'],['79'],['02'],"['林扬', '杨曼玉', '侯嵩松', '蔡玉洁', '赵子翔', '薛雨如', '朱兆丰', '王霏', '王莘迪']",['穿越烽火线'],['科幻'],[''],[],[' 汉语普通话']
[' 中国大陆'],['靳斌'],['95'],['05'],"['李恰', '刘成', '张治中', '宋恩逸', '潘宜刚', '焦祺越']",['三界'],"['科幻', '悬疑']",[''],[],[' 汉语普通话']
[' 中国大陆'],['陈浩'],['70'],['12'],"['吴泽南', '初千惠', '许紫络', '程东', '何雨瞬']",['神马风云'],"['喜剧', '科幻']",[''],[],[' 汉语普通话']
[' 英国'],['Chris Mul'],['83'],['10'],"['弗兰克·迪兰', 'Damson Idris', 'Catherine Steadman']",['星体魂离 Astral'],"['剧情', '科幻', '恐怖']",[''],[],[' 英语']
[' 日本'],['宇那月'],['82'],['02'],['槇原爱菜'],['巨大ヒロイン（R）フェリス'],"['动作', '科幻']",[''],[],[' 日语']
[' 英国'],['Paul Hyett'],[],[],"['汉娜·阿特登', '罗希·戴', '汤姆·康蒂', '詹妮·西格芙', '艾略特·詹姆斯·朗格里奇', 'Alice Alexander']",['鍵入魔境 Peripheral'],['科幻'],[''],[],[' 英语']
[' 日本'],"['羽原信义', '小林诚']",[],['11'],"['小野大辅', '桑岛法子', '铃村健一', '细谷佳正', '田中理惠', '石冢运升', '高垣彩阳', '神谷浩史']",['宇宙战舰大和号2202 爱的战士们 第六章 宇宙戦艦ヤマト2202 愛の戦士たち 第六章'],"['科幻', '动画', '战争']",[''],[],[' 日语']
[' 日本'],['松浦幹三'],['60'],['04'],['大川成美'],['太陽の戦士レオーナ 奇術魔人マジデスカー編'],"['动作', '科幻']",[''],[],[' 日语']
[' 中国大陆'],['何飞/黄忠伟'],['74'],['04'],"['高利虹', '徐紫欣', '邹晶晶', '战月源', '付彦丹', '罗彬']",['慕容行者'],"['剧情', '动作', '科幻']",[''],[],[' 汉语普通话']
[' 中国大陆'],['郭东旭'],['75'],['11'],"['范家其', '贺熙遥', '魏炜', '朱启慧', '迟漠寒']",['完美基因'],"['动作', '科幻', '悬疑']",[''],[],[' 汉语普通话']
[' 美国'],['Louis Benjamin Del Guercio'],[],['06'],"['里斯·米什勒', 'Sarah Davenport', 'Paul Woolfolk', 'Gillian Shure', 'Alisha Bernhardt', 'Lawrence Dillard', 'Christopher Wilburn', 'Jeff Stagg']",['心钠素 Bodysnatch'],"['科幻', '惊悚']",[''],[],[' 英语']
[' 中国大陆'],['杨峻'],['90'],['10'],"['黄煊旂', '周芷雅', '林立浩', '马子晴', '杨青山', '任颖衡']",['一惊到底2：反斗空城'],"['喜剧', '科幻', '冒险']",[''],[],[' 汉语普通话']
[' 美国'],['Justin Lewis'],['84'],['08'],"['Christine Mascolo', 'Jude Moran', 'Michael Vasicek', 'Alex Campbell']",['超级碰撞机 Collider'],"['动作', '科幻']",[''],[],[' 英语']
[' 中国大陆'],['牛莉棣'],[],['07'],"['姬晴', '刘煜']",['分体9号'],"['剧情', '科幻', '悬疑']",[''],[],[' 汉语普通话']
[' 美国'],['Matt Osterman'],['86'],['06'],"['克利欧佩特拉·科尔曼', '沙恩·科费', '克雷格·穆姆斯·格兰特', '法比娜·泰蕾兹', '罗达·格里菲丝', '里奥·菲茨帕特里克', '贝丝·格兰特', '朗达·邓特', 'Kasandra Bandfield', '大卫·詹森', '吉姆·格里森', '凯莱·弗莱明', 'Angel Giuffria']",['徘徊 Hover'],['科幻'],[''],[],[' 英语']
[' 中国大陆'],['白新宇'],[],['06'],"['陈超良', '肖霄']",['情人罗生'],"['爱情', '科幻', '悬疑']",[''],[],[' 汉语普通话']
[' 中国大陆'],['王海'],['80'],['06'],"['陆钧彦', '陈赛赛', '韩昊轩']",['觉醒：仿生浩劫'],"['剧情', '喜剧', '动作', '科幻']",[''],[],[' 汉语普通话']
[' 加拿大'],['Greg A. Sager'],['85'],['05'],"['Alys Crocker, Brenna Llewellyn, Sean Patrick Dolan']",['灰质 Gray Matter'],"['科幻', '惊悚']",[''],[],[' 英语']
[' 中国大陆'],['郭童旋'],[],['05'],"['许伟豪', '邱波', '徐奥', '邵琨']",['51区侠盗团'],"['喜剧', '爱情', '科幻']",[''],[],[' 汉语普通话 / 英语']
[' 中国大陆'],['胡安'],['75'],['08'],"['许津艺', '于竣博', '李祥祥', '刘昕妍', '杨茜', '陆景朋', '潇戈', 'Warwick']",['伪梦迷情'],"['爱情', '科幻', '悬疑', '犯罪']",[''],[],[' 汉语普通话 / 英语']
[' 美国'],['Jim Hickcox'],['72'],['05'],"['Ruby Lee Dove II', 'Hal Schneider', 'Mary Anzalone']",['Soft Matter'],"['喜剧', '科幻', '恐怖']",[''],[],[' 英语']
[' 美国'],['Hank Braxtan'],['89'],['04'],"['Ricky Flowers Jr.', 'Motown Maurice', 'Donte Essien', 'Aurelia Michael', 'Joston Theney', 'Jon Kondelik']",['蛇要离开康普顿镇 Snake Outta Compton'],"['喜剧', '科幻', '恐怖']",[''],[],[' 英语']
[' 中国大陆'],['徐艺华'],[],['12'],"['薛祺', '蒿雨雨', '龍昇']",['交换记忆'],"['动作', '科幻']",[''],[],[' 汉语普通话']
[' 英国'],['Rachel Maclean'],['84'],['10'],"['Rachel Maclean', 'Christina Gordon', 'Colette Tchantcho']",['Make Me Up'],"['喜剧', '科幻', '悬疑']",[''],[],[' 英语']
[' 日本'],['安藤真裕'],[],['06'],"['濑户麻沙美', '大久保瑠美', '内山昂辉', '高桥春香', '大空直美']",['UNDER THE DOG Jumbled'],"['科幻', '动画']",[''],[],[' 日语']
[' 美国'],['Bruce Wemple'],['101'],['03'],[],['改变的时间 altered-hours'],"['科幻', '惊悚']",[''],[],[' 英语']
[' 加拿大 Canada'],['乔宛卡·默克维克'],[],[],"['麦迪森·伊瑟曼', '帕洛玛·克维亚特科夫斯基', 'Munro Chambers']",['Riot Girls'],"['动作', '科幻']",[''],[],[' 英语']
