地区,导演,时长,月份,演员,电影名,类型,评分,评论数,语言
[' 日本'],[],[],['01'],"['明石家秋刀鱼', '木村拓哉', '渡边直美']",['さんタク2018 Santaku 2018'],['脱口秀'],['9.5'],['161'],[' 日语']
[' 澳大利亚'],"['乔恩·欧布', '玛德琳·帕里']",['69'],['06'],['汉纳·盖茨比'],['汉纳·盖茨比告别秀：娜娜 Hannah Gadsby: Nanette'],"['喜剧', '脱口秀']",['9.3'],['2217'],[' 英语']
[' 日本'],[],['90'],['12'],"['泷泽秀明', '山下智久', '生田斗真', '风间俊介', '长谷川纯', '大野智', '樱井翔', '相叶雅纪', '二宫和也', '松本润', '村上信五', '横山裕', '锦户亮', '丸山隆平', '安田章大', '大仓忠义']",['超豪华！！最初也是最后的大同窗会！8时J 超豪華！！ 最初で最後の大同窓会！8時だJ'],"['真人秀', '脱口秀']",['9.0'],['808'],[' 日语']
[' 美国'],[],['42'],['04'],['柯南·奥布莱恩'],['柯南无国界：意大利 Conan Without Borders: Italy'],['脱口秀'],['8.9'],['81'],[' 英语']
[' 美国'],[],['42'],['01'],['柯南·奥布莱恩'],['柯南无国界：海地特辑 Conan Without Borders: Haiti'],"['喜剧', '脱口秀']",['8.7'],['62'],[' 英语']
[' 美国'],[],['57'],['03'],['加德·艾尔马莱'],['加德·艾尔马莱：美国梦 Gad Elmaleh: American Dream'],"['喜剧', '脱口秀']",['8.3'],['430'],[' 英语']
[' 美国'],['杰伊·卡拉斯'],['64'],['05'],['黄阿丽'],['黄阿丽：铁娘子 Ali Wong: Hard Knock Wife'],"['喜剧', '脱口秀']",['8.2'],['7068'],[' 英语']
[' 美国'],[],[],['02'],"['娜塔莉·波特曼', '蒂娜·菲', '瑞秋·德拉彻', '亚历克·鲍德温', '安迪·萨姆伯格', 'Dua Lipa']",['周六夜现场：娜塔莉·波特曼/Dua Lipa Saturday Night Live Natalie Portman/Dua Lipa'],['脱口秀'],['8.0'],['148'],[' 英语']
[' 美国'],[],[],['05'],['Hari Kondabolu'],['Hari Kondabolu: Warn Your Relatives'],"['喜剧', '脱口秀']",['7.9'],['65'],[' 英语']
[' 美国'],['博·伯翰'],['65'],['02'],['克里斯·洛克'],['克里斯·洛克：铃鼓 Chris Rock: Tamborine'],"['喜剧', '脱口秀']",['7.6'],['391'],[' 英语']
[' 美国'],[],[],['05'],['约翰·木兰尼'],['约翰·木兰尼：无线电城的俊小伙儿 John Mulaney: Kid Gorgeous at Radio City'],"['喜剧', '脱口秀']",['7.5'],['422'],[' 英语']
[' 美国'],"['乔尔·加兰', '泰格·诺塔洛']",['136'],['12'],"['艾伦·德杰尼勒斯', '劳拉·邓恩']",['艾伦·德杰尼勒斯：感同身受 Ellen DeGeneres: Relatable'],"['喜剧', '脱口秀']",['7.4'],['1158'],[' 英语']
[' 美国'],"['乔尔·加兰', '泰格·诺塔洛']",['136'],['12'],"['艾伦·德杰尼勒斯', '劳拉·邓恩']",['艾伦·德杰尼勒斯：感同身受 Ellen DeGeneres: Relatable'],"['喜剧', '脱口秀']",['7.4'],['1158'],[' 英语']
[' 中国大陆'],[],['238'],['12'],['罗振宇'],['深圳卫视“时间的朋友”2018跨年演讲'],['脱口秀'],['6.7'],['1660'],[' 汉语普通话']
[' 美国'],[],[],['01'],"['杰西卡·查斯坦', '特洛耶·希文']",['周六夜现场：杰西卡·查斯坦/特洛耶·希文 Saturday Night Live Jessica Chastain/Troye Sivan'],"['喜剧', '脱口秀']",['6.6'],['119'],[' 英语']
[' 美国'],['Andy Fickman'],['62'],['04'],['Kevin James'],['永远不要放弃 Kevin James: Never Don&#39;t Give Up'],['脱口秀'],['6.2'],['93'],[' 英语']
[' 中国大陆'],[],['203'],['12'],"['吴晓波', '许知远', '吴声', '管清友', '艾诚']",['预见2019·国运70'],['脱口秀'],[''],[],[' 汉语普通话']
[' 美国'],['Tom Forrest'],['63'],['10'],['朗·怀特'],"['Ron White: If You Quit Listening, I&#39;ll Shut Up']","['喜剧', '脱口秀']",[''],[],[' 英语']
[' 英国'],['Jack Durman'],['33'],['01'],"['乔·赖特', '加里·奥德曼', '克里斯汀·斯科特·托马斯', '莉莉·詹姆斯']",['至暗时刻：主创会谈 Darkest Hour: Meet the Filmmakers'],['脱口秀'],[''],[],[' 英语']
[' 韩国'],[],['100'],['07'],"['姜东昊', '崔珉起', '郭英敏', '金钟炫']",['NU‘EST W X LieV 뉴이스트W의 눕방라이브'],['脱口秀'],[''],[],[' 韩语']
[' 美国'],['Beth McCarthy-Miller'],[],['07'],['比尔·马厄'],['比尔·马厄：俄克拉荷马州现场 Bill Maher: Live from Oklahoma'],"['喜剧', '脱口秀']",[''],[],[' 英语']
[' 英国'],[],['55'],['01'],"['Cathy Newman', '乔丹·彼得森']",['Cathy Newman采访Jordan Peterson'],['脱口秀'],[''],[],[' 英语']
[' 日本'],['文化放送'],[],['10'],"['堂本刚', '室毅']",['汉字刚和片假名刚 剛とツヨシ 漢字とカタカナ'],"['喜剧', '真人秀', '脱口秀']",[''],[],[' 日语']
[' 中国大陆'],[],[],['05'],"['陈欢', '弦子', '李茂', '刘璇', '王弢']",['小儿大健康'],['脱口秀'],[''],[],[' 汉语普通话']
[' 中国大陆'],[],['8'],[],"['林佳奇', '陶宇杰', '吱毛']",['梗百科'],['脱口秀'],[''],[],[' 汉语普通话']
[' 中国大陆'],['马可滼'],['97'],['06'],"['郑家彬', '李宜儒', '戴燕妮', '王李丹妮', '李一锋', '韩龙瑄', 'Lynn Hong', '白洁', '程铭雨', '雪喆', 'wAwa', '吉杰', '高鑫雨', '凌玲', '刘明', '刘俊', '纪云', '卡木', '近松沙也加', '文慧', '宋启瑜', '曹舒昊', '侯依凡', '叶子', '李建国', '李镭', '李烈', '徐震', '王蕊蕊', '戴雅菲', '李豪', '王子鑫']",['闻香识爱'],"['剧情', '喜剧', '爱情', '情色', '脱口秀']",[''],[],[' 汉语普通话']
[' 香港'],['衛世輝'],['150'],['01'],"['郑裕玲', '许冠文', '陈百祥', '薛家燕', '唐诗咏']",['万千星辉颁奖典礼2017 萬千星輝頒獎典禮2017'],['脱口秀'],[''],[],[' 粤语']
[' 美国'],[],['42'],['07'],"['柯南·奥布莱恩', '安迪·里克特', '布莱恩·科兰斯顿', '亚伦·保尔', '安娜·冈', '迪恩·诺里斯', '贝琪·勃兰特', 'RJ·米特', '鲍勃·奥登科克', '吉安卡罗·埃斯波西托', '文斯·吉里根', 'Jimmy Vivino', 'Catherine Adell', '布莱克.安德森', 'Monica Bhatnagar', 'Jason Boggs', 'Erica Dawson', 'Alex Fernie', 'Gabriela Fresquez', '克里斯·吉尔', '小比利·格里芬', 'Megan Heyn', '罗布·许贝尔', '布兰登·约翰逊', '科甘-迈克尔·凯 Keegan-Michael Key', '大卫·科恩查内', 'Kira Legg', '瑞琪·琳德赫姆', 'Levi MacDougall']",['柯南秀：国际漫画节《绝命毒师》10周年专访 Conan: The Cast and Creator of &#39;Breaking Bad&#39;'],['脱口秀'],[''],[],[' 英语']
[' 韩国'],[],[],['11'],"['金珉锡', '金俊勉', '边伯贤', '金钟大', '朴灿烈', '都暻秀', '金钟仁', '吴世勋']",['EXO COMEBACK SHOWCASE “TEMPO”'],"['音乐', '脱口秀']",[''],[],[' 韩语']
[' 日本'],[],[],['03'],"['西田敏行', '宫泽理惠']",['第41届日本电影学院奖颁奖典礼 第41回日本アカデミー赏'],['脱口秀'],[''],[],[' 日语']
[' 美国'],['Stan Lathan'],['56'],['10'],['穆罕默德·阿米尔'],['Mo Amer: The Vagabond'],"['喜剧', '脱口秀']",[''],[],[' 英语']
[' 中国大陆'],[],[],['08'],"['朱一龙', 'TF家族', '韩东君', '至上励合', 'SNH48', '陈立农', '林彦俊', '王子异', '王琳凯', '尤长靖', '周锐', '郑锐彬', '刘人语', '陈瑶', '袁冰妍', '郭俊辰', '陈子由', '李斯丹妮', '钟易轩', '张睿', '赵天宇', '马伯骞', '周震南', '梁靖康', '吴希泽', '王鹤棣', '官鸿', '秦子墨', '左叶', '王菊', '陈乔恩', '徐海乔', '张雪迎', '郭麒麟', '韩沐伯', '靖佩瑶', '田一德', '程潇', '许靖韵']",['2018粉丝嘉年华盛典 2018 Weibo Fan Festival'],"['音乐', '歌舞', '脱口秀']",[''],[],[' 汉语普通话']
[' 台湾'],[],['123'],['09'],"['任家萱', '田馥甄', '陈嘉桦']",['17th音乐会'],"['音乐', '脱口秀']",[''],[],[' 汉语普通话']
[' 美国'],[],['60'],['05'],['泰格·诺塔洛'],['Happy To Be Here'],"['喜剧', '脱口秀']",[''],[],[' 英语']
[' 美国'],[],['42'],['11'],"[""Conan O'Brien""]",['柯南无国界：日本 Conan Without Borders: Japan'],"['喜剧', '脱口秀']",[''],[],[' 英语']
[' 中国大陆'],[],['186'],['12'],"['张召忠', '金灿荣']",['格局·2019'],['脱口秀'],[''],[],[' 汉语普通话']
[' 美国'],[],['90'],['10'],"['塞斯·梅耶斯', '保罗·西蒙']",['周六夜现场：塞斯·梅耶斯/保罗·西蒙 Saturday Night Live Seth Meyers/Paul Simon'],"['喜剧', '脱口秀']",[''],[],[' 英语']
[' 美国'],[],['90'],['10'],"['奥卡菲娜', 'Travis Scott']",['周六夜现场：奥卡菲娜/特拉维斯·斯科特 Saturday Night Live Awkwafina/Travis Scott'],"['喜剧', '脱口秀']",[''],[],[' 英语']
[' 香港'],"['姜彥愷', '陳旭亮']",[],['09'],"['秦岚', '佘诗曼', '郑裕玲', '林盛斌', '萧正楠', '吴谨言', '苏青', '许凯', '张振朗', '陈豪', '黎耀祥', '何广沛']",['延禧南巡'],"['真人秀', '脱口秀']",[''],[],[' 粤语 / 汉语普通话']
[' 中国大陆'],['应勇'],['180'],['12'],"['沈涛', '吴晓波', '马东', '梁建章', '余建军', '郎平']",['浙江卫视2019思想跨年'],['脱口秀'],[''],[],[' 汉语普通话']
[' 中国大陆'],[],['10'],[],['王伟志'],['见识'],['脱口秀'],[''],[],[' 汉语普通话']
