地区,导演,时长,月份,演员,电影名,类型,评分,评论数,语言
[' 印度'],['Reema Kagti'],[],['08'],['阿克谢·库玛尔'],['金牌 Gold'],"['剧情', '传记', '运动']",['7.6'],['144'],[' 印地']
[' 俄罗斯'],['丹尼拉·科兹洛夫斯基'],['137'],"['06', '04']","['丹尼拉·科兹洛夫斯基', '伊琳娜·戈尔巴乔娃', '安德烈·斯莫利亚科夫', '奥莉亚·祖耶娃', '弗拉基米尔·伊利因', '维伦·巴比切夫', '维克多·维尔比斯基', '维塔利亚·安德烈夫']",['最后一球 Тренер'],"['剧情', '运动']",['7.5'],['5874'],[' 俄语']
[' 西班牙'],['哈维尔·费舍尔'],['124'],['04'],"['哈维尔·古铁雷斯', '雅典娜·玛塔', '胡安·马加略', '路易莎·加瓦萨', '路易斯·贝尔梅霍', '丹尼尔弗莱雷', '胡利奥·费尔南德斯', '维森特·希尔', '伊西娅尔·卡斯特罗', '查尼·马丁', '哈维尔·费舍尔']",['篮球冠军 Campeones'],"['剧情', '喜剧', '运动']",['7.3'],['2315'],[' 西班牙语']
[' 瑞士'],['马塞尔·吉斯莱'],['124'],['02'],"['麦克斯·胡巴赫', '艾伦·阿尔塔拉斯', '杰西·莫拉维克', '朱格·普拉斯', '多诺·穆格勒', '安德烈亚斯·马蒂', '希尔温·阿米尼', '法比齐奥·波萨尼', '朱利安·科奇林', '加布里埃尔·诺阿·马瑞尔', '施塔隆·安德森', '乔利斯·格拉沃尔']",['我的冠军男友 Mario'],"['剧情', '爱情', '同性', '运动']",['7.3'],['6654'],[' 瑞士德语 / 德语']
[' 美国'],['小斯蒂芬·卡普尔'],['130'],['11'],"['迈克尔·B·乔丹', '西尔维斯特·史泰龙', '泰莎·汤普森', '杜夫·龙格尔', '弗罗里安·穆特鲁', '布里吉特·尼尔森', '罗素·霍恩斯比', '伍德·哈里斯', '米洛·文堤米利亚', '菲利西亚·拉斯海德', '迈克尔·巴佛', '安德烈·沃德', '迈尔斯·哈姆帕斯', '伊沃·南迪', '克里斯托弗·曼恩']",['奎迪：英雄再起 Creed II'],"['剧情', '运动']",['7.1'],['16776'],[' 英语']
[' 马来西亚'],['马逸腾'],['110'],"['09', '03']","['李国煌', '杨雁雁', '拿督·罗斯彦·诺', '黄炜杰', '曾冠源', '李宗伟', '阿什利·华']",['李宗伟：败者为王 Lee Chong Wei'],"['剧情', '传记', '运动']",['6.9'],['6074'],[' 闽南语 / 汉语普通话 / 马来语']
[' 俄罗斯'],['奥列格·特罗费姆'],['113'],"['03', '02']","['阿格拉娅·塔拉索娃', '亚历山大·佩特罗夫', '米洛斯·比柯维奇', '玛丽亚·阿龙诺娃', '瑟妮娅·拉芙洛娃-格林卡', '彦·萨普尼克', '克谢尼娅·拉波波尔特', '维伦·巴比切夫', '帕维尔·迈科夫', '伊琳娜·斯达申鲍姆']",['花滑女王 Лёд'],"['剧情', '爱情', '运动']",['6.8'],['14178'],[' 俄语']
[' 英国'],['奥利弗·帕克'],['96'],"['07', '07']","['罗伯·布莱顿', '鲁珀特·格雷夫斯', '托马斯·图尔格斯', '阿迪勒·阿赫塔尔', '吉姆·卡特', '丹尼尔·梅斯', '罗南·达利', '克里斯·杰普森', '斯派克·怀特', '内森奈尔·帕克', '简·霍洛克斯', '夏洛特·莱利', '阿希林·蒂塔', '安德鲁·诺', '克里斯蒂安·鲁贝克', '奥兰多·希尔', '马克·福斯特', '马诺伊·阿南德', '克莱尔·阿什顿', '保罗·布莱克维尔', '汉娜·布拉米雷斯', '克里斯·考林', '丹尼尔·厄根', '迈克尔·海登', '泰·赫尔利', '凯文·马塔迪恩', '马汀·麦格', '丽塔-麦克唐纳丹帕', '卡罗尔·斯蒂尔', '乔·惠特利', '布塔法·维塔']",['大叔花样游泳队 Swimming with Men'],"['剧情', '喜剧', '运动']",['6.8'],['1226'],[' 英语']
[' 美国'],['肖恩·麦克纳马拉'],['101'],['04'],"['海伦·亨特', '提拉·斯考比', '艾琳·莫里亚蒂', '达妮卡·亚罗什', '贾森·加里-斯坦福德', '威廉·赫特', '博尔克利·杜菲尔德', '丽贝卡·斯塔巴', '内斯塔·库珀', '贝利·斯科德里', '娜塔利·夏普', '阿瓦·格雷斯·库珀', '拉丽莎·阿尔布开克', '莉莲·道塞特-罗奇', '肖恩·麦克纳马拉', '吉丽安·法尔给', '史蒂文·里奇蒙德']",['奇迹赛季 The Miracle Season'],"['剧情', '运动']",['6.6'],['513'],[' 英语']
[' 美国'],['Ryan Koo'],['96'],['04'],"['Michael Rainey Jr.', '莎朗·莉尔', 'Ashlee Brian', 'Corey Parker Robinson', 'Brian White', '乔西·查尔斯']",['业余选手 Amateur'],"['剧情', '运动']",['6.6'],['284'],[' 英语']
[' 美国'],['查尔斯·斯通三世'],['103'],['06'],"['凯里·欧文', '里尔·莱尔·哈瓦瑞', '沙奎尔·奥尼尔', '克里斯·韦伯', '雷吉·米勒', '内特·罗宾逊', '丽萨·莱斯利', '埃丽卡·阿什', '蒂凡尼·哈迪斯', '尼克·克罗尔', '迈克·艾普斯', 'J·B·斯穆夫', '亚当·拉扎尔-怀特', '比尔·沃尔顿', '乔治·格文', '史蒂夫·纳什', '迪肯贝·穆托姆博', '宁宁·利克斯', '特伦斯·罗斯摩尔', '德韦恩·博伊德', '以利亚·埃弗雷特', '盖奇·劳森']",['德鲁大叔 Uncle Drew'],"['喜剧', '运动']",['6.4'],['18953'],[' 英语']
[' 韩国'],['金勇完'],['108'],['05'],"['马东锡', '权律', '韩艺璃', '崔昇勋', '玉艺琳', '姜新孝', '宋在熙', '杨贤民', ' 琴光山', ' 李奎浩', '南延佑', '朴宣浩', '吴昌庆', '柳顺雄', '金钟求', '全余琳', '全惠媛', '黃相庆', ' 俞智妍', '姜承贤', '刘盛玉', '孙淑子', ' 朴光才', '陆进秀', '杨祖儿', '李范圭', '白桑熙', '朴成日', '朴贊佑', ' 郭子亨']",['冠军 챔피언'],"['剧情', '运动']",['6.2'],['2350'],[' 韩语']
[' 韩国'],['宋敏烨'],[],['09'],"['朴珪瑛', '尹博', '郑干柱', '金秀珍', '李承勋', '许栋元', '金美优', '徐宥利', '张东允']",['金枪鱼与海豚 참치와 돌고래'],"['爱情', '运动']",['5.4'],['98'],[' 韩语']
[' 日本'],['小沼雄一'],['112'],['01'],"['樱田日和', '伊藤萌々香', '恒松祐里', '渡边幸爱', '南泽奈央', '志田友美', '高田里穗', '冈崎纱绘', '小仓优香', '新井爱瞳', '岩田华怜', '矢野优花', '岩崎春果', '浅川梨奈', '志水彩乃', '兰梦']",['天才麻将少女：阿知贺篇 电影版 咲-Saki-阿知賀編 episode of side-A'],"['剧情', '运动']",['5.0'],['341'],[' 日语']
[' 中国大陆'],['徐子路'],['99'],['07'],"['彭禺厶', '李彧']",['杀手世界杯'],"['喜剧', '运动']",['4.2'],['179'],[' 汉语普通话 / 英语']
[' 美国'],[],[],['11'],"['Francis Ngannou', 'Curtis Blaydes', 'Alistair Overeem', 'Sergey Pavlovich', '宋亚东', 'Vince Morales', '李景亮', 'David Zawada']",['UFC Fight Night 141:  纳干诺 vs. 布来兹 UFC Fight Night 141'],['运动'],[''],[],[' 英语']
[' 美国'],[],[],['09'],"['Mark Hunt', 'Oleksiy Oliynyk', 'Jan Blachowicz', 'Nikita Krylov', 'Andrei Arlovski', 'Shamil Abdurakhimov', 'Alexey Kunchenko', 'Thiago Alves']",['UFC Fight Night 136:亨特 vs.欧莱尼克 UFC Fight Night: Hunt vs. Oleinik'],['运动'],[''],[],[' 英语']
[' 中国大陆'],['王岽鉴'],['73'],['04'],"['何奉天', '孙瑜', '潘昶鸣', '盛路悦']",['热血跨男'],"['剧情', '喜剧', '爱情', '运动']",[''],[],[' 汉语普通话']
[' 俄罗斯'],"['Konstantin Kutuyev', 'Yana Polyarush', 'Tamara Tsotsoriya']",['106'],['03'],"['Pavel Shevando', 'Konstantin Beloshapka', 'Natalia Berger', '弗拉季米尔·弗多维琴科夫', 'Kseniya Kuznetsova', '谢尔盖·尼科年科', 'Eldar Kalimulin', 'Irina Rozanova', '谢尔盖·普斯科帕里斯', 'Nonna Grishaeva', 'Andrei Kharybin']",['无往不胜 Со дна вершины'],"['剧情', '运动']",[''],[],[' 俄语']
[' 美国'],[],[],['06'],['保罗·乔治'],['保罗·乔治：我的旅程'],['运动'],[''],[],[' 英语']
[' 美国'],"['Robert Deaton', 'George Flanigen']",['110'],['08'],"['加瑞特·迪拉胡特', '约翰·C·麦金雷', 'Jlynn Johnson', 'Brogan Hall', 'Roy Oraschin']",['上场队员 Benched'],"['剧情', '运动']",[''],[],[' 英语']
[' 美国'],[],[],['08'],"['Justin Gaethje', 'James Vick', 'Michael Johnson', 'Andre Fili', 'Cortney Casey', 'Angela Hill', 'Jake Ellenberger', 'Bryan Barberena', 'John Moraga', 'Deiveson Figueiredo', 'Eryk Anders', 'Tim Williams']",['UFC Fight Night 135：盖基 vs 维克 UFC Fight Night 135: Gaethje vs. Vick (2018)'],['运动'],[''],[],[' 英语']
[' 日本'],['中山節夫'],['102'],['02'],"['渡边佑太朗', '舟津大地', '宇梶刚士', '宫崎美子', '芋生悠', '山田杏奈', '佐佐木萌咏', '柴田杏花', '林遣都']",['棒球部员，站在戏剧的舞台上！ 野球部員、演劇の舞台に立つ！'],"['剧情', '运动']",[''],[],[' 日语']
[' 美国'],[],[],['09'],"['Thiago Santos', 'Eryk Anders', 'Alex Oliveira', 'Carlo Pedersoli Jr.', 'Sam Alvey', 'Antonio Rogerio Nogueira', 'Andre Ewell', 'Renan Barão', 'Randa Markos', 'Marina Rodriguez']",['UFC Fight Night：桑托斯 vs. 安德斯 UFC Fight Night: Santos vs. Anders'],['运动'],[''],[],[' 英语']
[' 美国'],[],[],['08'],"['T.J. Dillashaw', 'Cody Garbrandt', 'Demetrious Johnson', 'Henry Cejudo', 'Thiago Santos', 'Kevin Holland', 'Polyana Viana', 'J.J. Aldrich', 'Cub Swanson', 'Renato Moicano']",['UFC 227:迪拉肖VS加布兰特 2 UFC 227: Dillashaw vs. Garbrandt 2'],['运动'],[''],[],[' 英语']
[' 美国'],[],[],['06'],"['Robert Whittaker', 'Yoel Romero', 'Rafael dos Anjos', 'Colby Covington', 'Holly Holm', 'Megan Anderson', 'Andrei Arlovski', 'Tai Tuivasa', 'C.M. Punk', 'Mike Jackson']",['UFC 225:惠特克VS罗梅罗 UFC 225: Whittaker vs. Romero 2'],['运动'],[''],[],[' 英语']
[' 日本'],[],[],[],['羽生结弦'],['Continues ～with Wings～'],['运动'],[''],[],[' 日语']
[' 美国'],[],[],['12'],"['Max Holloway', 'Brian Ortega', 'Valentina Shevchenko', 'Joanna Jedrzejczyk']",['UFC 231: 霍洛威 vs. 奥尔特加 UFC 231: Holloway vs. Ortega'],['运动'],[''],[],[' 英语']
[' 土耳其'],['Umut Aral'],[],['09'],[],['好游戏 İyi Oyun'],['运动'],[''],[],[' 土耳其语']
[' 美国'],[],[],['07'],"['Stipe Miocic', 'Daniel Cormier', 'Max Holloway', 'Brian Ortega', 'Francis Ngannou', 'Derrick Lewis']",['UFC 226:  米欧奇 vs.科米尔 UFC 226: Miocic vs. Cormier'],['运动'],[''],[],[' 英语']
[' 澳洲 Australia'],['Clay Glen'],[],['03'],"['凯莉·伯格伦德', 'Emily Morris', 'Terry Rogers', 'Jess Kuss', 'Ruth Natalie Fallon']",['勇夺金牌 going for gold'],"['剧情', '运动']",[''],[],[' 英语']
[' 美国'],['凯文·史密斯'],[],[],[],['Hit Somebody'],"['剧情', '运动']",[''],[],[' 英语']
[' 巴西 Brazil'],['若瑟·阿尔瓦亨伽·朱尼尔'],['120'],['09'],"['丹尼尔·德·奥利维拉', '欧斯玛·普拉多', 'Ravel Andrade', 'Spencer Callahan', '桑德拉·科维洛尼', 'J·G·富兰克林', '克莉·弗雷塔斯', '里卡多·盖利', '米格尔·皮涅罗', 'Leandro Santanna', '塞缪尔·托莱多', '克里斯蒂安诺·托黒昂']",['决胜十秒钟 10 Segundos para Vencer'],"['剧情', '运动']",[''],[],[' 葡萄牙语 Portuguese']
[' 中国大陆'],['王岽鉴'],['73'],['04'],"['何奉天', '孙瑜', '潘昶鸣', '盛路悦']",['热血跨男'],"['剧情', '喜剧', '爱情', '运动']",[''],[],[' 汉语普通话']
[' 中国大陆'],['陈小桃'],['80'],[],"['李莎旻子', '李祥祥']",['进击少女'],"['剧情', '运动']",[''],[],[' 汉语普通话']
[' 中国大陆'],['安东尼·希科克斯'],[],[],"['Toru Uchikado', '吴育刚', 'Yuecheng Yao', 'Edward Zo', 'Shawn Felipe', 'Nittin Wang', '丹特·巴斯克', 'Keli Price', 'Yaara Benbenishty', '丹尼尔·洛根', 'Maurice Hake', 'Jose Carlos Davila Torres', 'Natalia Diniz', '大卫·理柏', '杰森·弗兰克']",['黑马 Underdogs Rising'],"['冒险', '运动']",[''],[],[' 英语']
[' 美国'],['Rob Smat'],[],[],"['吉姆·奥希尔', '埃里克·尼尔森', '泰勒·佩雷斯', '布拉德·利兰', 'Kristos Andrews', 'Sainty Nelsen', 'Chelly', 'Daniel Covin', 'Aaron N. Martin', 'Deanne Lauvin', '小弗莱德·托利维']",['The Last Whistle'],"['剧情', '运动']",[''],[],[' 英语']
[' 美国'],['Eduardo Castrillo'],[],[],"['Tony Todd', 'Clifton Powell', 'Miguel A. Núñez Jr.', 'See full cast & crew']",['价值 Worth'],['运动'],[''],[],[' 英语']
[' 中国大陆'],['刘信义'],['93'],[],['孔令丰'],['笼斗士'],"['剧情', '运动']",[''],[],[' 汉语普通话']
[' 多米尼加共和国'],['Tabaré Blanchard'],['96'],"['02', '04']","['Manny Perez', 'Pepe Sierra', 'Richard Douglas', 'Ovandy Camilo', 'Riccardo Bardellino']",['Veneno'],"['剧情', '动作', '运动']",[''],[],[' 西班牙语']
[' 英国'],['亚历山大·库珀'],['105'],['04'],"['Janine Nerissa', 'Simon DeSilva', '亚历山大·库珀']",['山道 Sandow'],"['剧情', '运动']",[''],[],[' 英语']
[' 美国'],[],[],['07'],"['何塞普·瓜迪奥拉', '尤尔根·克洛普', '米克尔·阿尔特塔', '萨迪奥·马内', '穆罕默德·萨拉赫']",['2018年国际冠军杯 曼城VS利物浦 International Champions Cup 2018: Manchester City vs. Liverpool FC'],['运动'],[''],[],[' 英语']
[' 美国'],[],[],['07'],"['尤尔根·克洛普', '丹尼尔·斯图里奇', '谢尔丹·沙奇里', '何塞·穆里尼奥', '穆罕默德·萨拉赫']",['2018年国际冠军杯 利物浦VS曼联 International Champions Cup - 2018 - Liverpool FC vs. Manchester United FC'],['运动'],[''],[],[' 英语']
[' 美国'],['彼得·休伊特'],['85'],['11'],"['梅里特·帕特森', '安德鲁·库珀', 'Brittany Bristow']",['皇宫圣诞节 Christmas at the Palace'],"['喜剧', '爱情', '运动']",[''],[],[' 英语']
[' 土耳其'],['Ahmet Katiksiz'],[],['12'],"['Ekin Koç', 'Farah Zeynep Abdullah', 'Fikret Kuskan', 'Sibel Tasçioglu', 'Ali Seckiner Alici', 'Serkan Ercan', 'Erdem Akakçe', 'Sekvan Serinkaya', 'Merve Altinkaya', 'Melis Sezen', 'Mert Denizmen', 'Senay Dede', 'Oguz Kara', 'Nurhan Özenen', 'Burak Tamdogan']",['我们的冠军 Bizim Için Sampiyon'],"['剧情', '爱情', '运动']",[''],[],[' 土耳其语']
[' 中国大陆'],['何龙'],['85'],['10'],"['魏群', '李永鑫', '肖茜', '李田禹']",['甲A风云之辣球'],"['剧情', '运动']",[''],[],[' 汉语普通话']
[' 美国 / 巴西 BRAZIL'],['Ramazan Nanayev'],[],[],"['Dan Alexander', 'Pascale Seigneurie', 'Mussunzinho', 'Alexander Rapoport']",['奥林匹亚之路 Roads to Olympia'],"['剧情', '运动']",[''],[],[]
[' 美国'],['Michael Dweck'],['74'],['01'],"['Tim Mulqueen', 'Pastor Scott Kraniak', 'C.J. Zakowski', 'Rick Todd', 'Larry Oxman', 'Mike Cappiello', 'Marty Himes', 'Jack Handley Jr', 'George Muse', 'Jim Cromarty', 'Bob Finan', 'Charlie Zakowski', 'Blaise Walkowiak']",['最后的比赛 The Last Race'],['运动'],[''],[],[' 英语']
[' 美国'],['理查德·布莱克'],['89'],['01'],"['Brady Tutton', '理查德·布莱克', 'Allison Belmont', 'Leah Schiman']",['火箭男孩 The Rocket'],"['家庭', '运动']",[''],[],[' 英语']
[' 中国大陆'],['李松泽'],['104'],['03'],"['叶山豪', '童苡萱', '于效辰']",['尾牌Q1冰速传说'],"['剧情', '动作', '运动']",[''],[],[' 汉语普通话']
[' 中国大陆'],['董伟'],['70'],['09'],"['周艺轩', '提迪蓬·德查阿派坤', '钟一宪', '刘家乐', '宋周玲', '沙妍伶', '高维蔓', '柯以敏', '石班瑜']",['脱泳而出'],"['喜剧', '运动']",[''],[],[' 汉语普通话']
[' 印度'],['Shaad Ali'],['131'],['07'],"['Diljit Dosanjh', 'Tapsee Pannu', '安加德·贝迪', '维贾伊·拉齐', '萨提许·卡素吉', 'Danish Husain', 'Sidharth Shukla', 'Jasmin Bajwa', 'Kulbhushan Kharbanda']",['索尔玛 Soorma'],"['传记', '运动']",[''],[],[' 印地语']
[' 韩国'],['吴篾'],['110'],['11'],"['全慧彬', '文喜京', '이경준', '연준', '강래연', '하석민']",['人鱼传说 인어전설'],"['剧情', '喜剧', '运动']",[''],[],[' 韩语']
[' 澳大利亚'],['瑞切尔·格里菲斯'],[],[],"['泰莉莎·帕尔墨', '山姆·尼尔', '杰基·韦佛']",['奔跑女孩 Ride Like A Girl'],"['剧情', '传记', '运动']",[''],[],[' 英语']
[' 美国'],[],['90'],['07'],['尤尔根·克洛普'],['International Champions Cup 2018: Borussia Dortmund vs. Liverpool FC'],['运动'],[''],[],[' 英语']
[' 西班牙'],['米格尔·安赫尔·拉马塔'],['103'],['08'],"['Julio Bohigas-Couto', '米伦·梅耶', '冬妮·阿科斯塔']",['足球运动员 Los Futbolísimos'],"['喜剧', '运动']",[''],[],[' 西班牙语']
[' 沙特阿拉伯'],[],['300'],['04'],"['Adam Scherr', 'Brock Lesnar', 'Allen Jones']",['WWE 超级皇家大战 2018 WWE Greatest Royal Rumble'],"['动作', '运动']",[''],[],[' 英语']
[' 美国'],[],[],['07'],"['Stipe Miocic', 'Daniel Cormier', 'Max Holloway', 'Brian Ortega', 'Francis Ngannou', 'Derrick Lewis']",['UFC 226:  米欧奇 vs.科米尔 UFC 226: Miocic vs. Cormier'],['运动'],[''],[],[' 英语']
[' 日本'],['濑濑敬久'],['189'],['07'],"['木龙麻生', '东出昌大', '韩英惠', '宽一郎', '井浦新', '涩川清彦', '山中崇', '大西信满', '嘉门洋子', '大西礼芳', '山田真步', '岛田久作', '菅田俊', '宇野祥平', '岭豪一', '筱原笃', '川濑阳太', '永濑正敏']",['菊与断头台 菊とギロチン -女相撲とアナキスト-'],"['剧情', '古装', '运动']",[''],[],[' 日语']
[' 法国'],['Julien Hallard'],['90'],['04'],"['凡妮莎·吉德', '马克斯·布博里尔', '索莱娜·里戈', '格雷戈里·加迪诺尔', '莎拉·苏克', '布鲁诺·洛歇', 'Wilfred Benaïche', '卢德维克·伯特希尔克']",['躁起来吧姑娘们 Comme des garçons'],"['喜剧', '运动']",[''],[],[' 法语']
[' 中国大陆'],['高力强'],['95'],['11'],"['滕飞', '高海诚', '华栖龙', '王勇']",['侠骨钢拳'],"['剧情', '动作', '爱情', '历史', '战争', '运动']",[''],[],[' 汉语普通话']
[' 美国 / 沙特阿拉伯 Saudi Arabia'],['Aymen Khoja'],['92'],['03'],"['帕特里克·法比安', 'Amir El-Masry', 'Ayman Samman', '康纳·戴尔·里奥', 'Ines Milans', 'Bryan Jordan', 'Rana Ashuri']",['足球使命 Shoot'],"['剧情', '运动']",[''],[],[' 英语']
[' 中国大陆'],"['韩旭', '刘玮']",['75'],['06'],"['龚子棋', '蒋林伶', '李宁', '傅晓', '千喆']",['搏击少年'],"['动作', '爱情', '运动']",[''],[],[' 汉语普通话']
[' 中国大陆'],['刘骏'],['90'],['08'],"['禹祥', '绿绮', '瀚墨', '囧森瑟夫', 'KIKI', '莫谦']",['足球王者'],"['动画', '运动']",[''],[],[' 汉语普通话']
[' 冰岛'],['Bragi Hinriksson'],['97'],['03'],"['约翰·G·约翰森', 'Baldur Björn Arnarsson', 'Viktor Benóný Benediktsson', 'Þórður Kalman Friðriksson', 'Óli Gunnar Gunnarsson', 'Egill Helgi Guðjónsson', 'Stefán Bogi Guðjónsson', 'Páll Steinar Guðnason', 'Gunnar Hansson', 'Arnar Harðarson', 'Sigurður Kári Harðarson', 'Ísey Heiðarsóttir', 'Katrín Ynja Hrafnkelsdóttir', 'Þórður Hólm Hálfdánarson']",['猎鹰队 Víti í Vestmannaeyjum'],"['剧情', '喜剧', '家庭', '运动']",[''],[],[' 冰岛语']
[' 印度'],['Zakariya'],['123'],['03'],"['Soubin Shahir, Samuel Abiola Robinson, Savithri Sredharan']",['异国情谊 സുഡാനി from നൈജീരിയ'],"['喜剧', '运动']",[''],[],[' 马拉雅拉姆语']
[' 伊朗'],['苏海尔·贝拉吉'],['88'],['02'],"['巴兰·科萨里', '阿米尔·扎迪迪', 'Leili Rashidi', 'Hoda Zeinolabedin', '萨哈尔·多拉沙西']",['铿锵玫瑰 عرق سرد'],"['剧情', '运动']",[''],[],[' 波斯语']
[' 中国大陆'],['吴奇'],['84'],['11'],"['宝弟', '张浩宇', '徐梦逾', '金尤美', '李人杰', '佟小虎', '庄毅']",['羽球英雄'],"['剧情', '运动']",[''],[],[' 汉语普通话']
[' 中国大陆'],['王岽鉴'],['82'],['03'],"['莫寒', '刘炅然', '郝婉晴']",['倔强甜心'],"['剧情', '运动']",[''],[],[' 汉语普通话']
[' 中国大陆'],['张兢耀'],['63'],['06'],"['吴悠', '阿伦·艾弗森', '头盔天极', '刘扬', '蔡荣', '张阳阳', '囚徒']",['晃过上帝之占地为王'],"['剧情', '喜剧', '运动']",[''],[],[' 汉语普通话']
[' 中国大陆'],['季钢'],['85'],['03'],"['黄俊捷', '魏晚秋', '闫露娢', '陈诚', '李冠星', '钟正', '罗家英', '于嘉', '黑文', '张美娥', '陆婷玉']",['青春24秒'],"['爱情', '运动']",[''],[],[' 汉语普通话']
[' 中国大陆'],['张亚海'],['90'],['02'],"['申屠韩茜', '张永达', '李凤鸣', '黄霆', '郭泱', '宗峰岩']",['我和“叛徒”老爸'],"['剧情', '儿童', '运动']",[''],[],[' 汉语普通话']
[' 中国大陆'],['梁田耒'],['86'],[],"['杨杏', '迪惹奭朅', '陈定伟', '陈萍']",['起点'],"['剧情', '动作', '运动']",[''],[],[' 汉语普通话']
[' 美国'],[],[],['10'],"['Conor McGregor', 'Khabib Nurmagomedov']",['UFC 229:卡哈比 vs 麦格雷戈 UFC 229: Khabib vs McGregor'],['运动'],[''],[],[' 英语']
[' 印度'],['Arunraja Kamaraj'],['145'],['12'],['艾西瓦娅·拉杰什'],['加纳 Kanaa'],['运动'],[''],[],[' 泰米尔语']
[' 中国大陆'],['张兢耀'],['70'],['07'],"['吴悠', '刘扬', '张阳阳', '胡雪儿', '张艺奥']",['晃过上帝之生命之杯'],"['剧情', '运动']",[''],[],[' 汉语普通话']
[' 中国大陆'],['陈博'],['90'],['10'],"['叶斯琦', '赫林', '李炎欣', '温航']",['浪花少女'],"['剧情', '运动']",[''],[],[' 汉语普通话']
[' 加拿大 Canada'],['Joseph Procopio'],['85'],['03'],"['西恩·奥斯汀', 'Chloe Rose', '格雷格·霍瓦尼西安']",['电竞英雄 eHero'],"['剧情', '运动']",[''],[],[' 英语']
[' 中国大陆'],['程远'],['92'],[],"['魏小欢', '薛祺', '张帆', '王美英', '赵诗朦', '龙昇', '王心海']",['八角笼'],"['剧情', '动作', '运动']",[''],[],[' 汉语普通话']
[' 中国大陆'],['孙汀颜'],['81'],['03'],"['朱雀', '赵俊珺', '姬云潇', '王天放', '孙启瑜']",['边境毒战'],"['剧情', '犯罪', '运动']",[''],[],[' 汉语普通话']
[' 中国大陆'],['程远'],['92'],[],"['魏小欢', '薛祺', '张帆', '王美英', '赵诗朦', '龙昇', '王心海']",['八角笼'],"['剧情', '动作', '运动']",[''],[],[' 汉语普通话']
[' 澳大利亚'],['西蒙·贝克'],['115'],"['05', '06']","['西蒙·贝克', '伊丽莎白·德比茨基', '理查德·劳斯伯格', '瑞切尔·布莱克']",['呼吸 Breath'],"['剧情', '运动']",[''],[],[' 英语']
[' 中国大陆'],['张兢耀'],['80'],['07'],"['吴悠', '阿伦·艾弗森', '头盔天极', '刘扬', '蔡荣', '张阳阳']",['晃过上帝之重返街头'],"['剧情', '运动']",[''],[],[' 汉语普通话']
[' 中国大陆'],['吴琼'],['87'],['12'],"['阳蕾', '郑晓甫', '郑歌', '赵津生']",['拳职妈妈'],"['剧情', '运动']",[''],[],[' 汉语普通话']
[' 美国'],"['Bill Belichick', 'Doug Pederson']",[],['02'],"['汤姆·布拉迪', 'Carson Wentz', '贾斯汀·汀布莱克']",['第五十二届超级碗 Super Bowl LII'],['运动'],[''],[],[' 英语']
[' 澳大利亚'],['Mark Grentell'],['103'],"['08', '08']","['Damian Callinan', '凯特·马尔瓦尼', '约翰·霍华德', '费萨尔·巴齐', 'Rafferty Grierson', 'Josh McConville']",['合并 The Merger'],"['剧情', '喜剧', '运动']",[''],[],[' 英语']
[' 美国'],['Sabyn Mayfield'],[],[],"['波伊德·霍布鲁克', 'Kelly Pavlik']",['The Ghost of Kelly Pavlik'],['运动'],[''],[],[' 英语']
