地区,导演,时长,月份,演员,电影名,类型,评分,评论数,语言
[' 英国'],['Ross MacGibbon'],['205'],['12'],"['Marianela Nuñez', 'Vadim Muntagirov', 'Elizabeth McGorian', 'Bennet Gartside', 'Alexander Campbell', 'Dancers of the Royal Ballet', 'Orchestra of the Royal Opera House']",['天鹅湖 Swan Lake'],"['音乐', '歌舞']",['9.1'],['123'],[' 英语']
[' 英国 / 美国'],['布莱恩·辛格'],['135'],['11'],"['拉米·马雷克', '本·哈迪', '约瑟夫·梅泽罗', '格威利姆·李', '艾伦·里奇', '露西·宝通', '艾丹·吉伦', '汤姆·霍兰德', '麦克·梅尔斯', '阿隆·麦克卡斯克', '梅内卡·达斯', '迪基·博', '蒂姆· 普莱斯特', '杰克·罗思', '马克斯·班内特', '基兰·哈德卡斯托', '罗斯·格林', '布鲁斯·麦克金伦', '米歇尔·邓肯', '马特·格林伍德', '罗茜·本杰明', '约翰·奥特曼', '詹姆斯·华莱士', '文森特·阿德里安', '拉斯科·阿特金斯', '乔纳森·奇塔姆', '迈克尔·科布', '耶稣·加洛', '亚当·兰伯特', '豪尔赫·莱昂·马丁内斯', '杰森· 莱恩斯', '伊斯雷尔·鲁兹']",['波西米亚狂想曲 Bohemian Rhapsody'],"['剧情', '音乐', '传记']",['8.7'],['287996'],[' 英语']
[' 日本'],['山田尚子'],['90'],['04'],"['种崎敦美', '东山奈央', '本田望结', '藤村鼓乃美', '山冈百合', '杉浦诗织', '黑泽朋世', '朝井彩加', '丰田萌绘', '安济知佳', '桑岛法子', '中村悠一', '樱井孝宏']",['利兹与青鸟 リズと青い鳥'],"['剧情', '动画', '音乐']",['8.6'],['12438'],[' 日语']
[' 中国大陆'],[],[],['12'],"['周华健', '蔡依林', '朴树', '张靓颖', '汪苏泷', '李荣浩', '李宇春', '邓紫棋', '毛不易', '刘维', '李艺彤', '薛之谦', '陈伟霆', '蔡卓妍', '钟欣潼', '张杰', '刘宇宁', '蔡一智', '蔡一杰', '苏志威', '林志玲', '林俊杰', '李响', '张纯烨', '李好']",['2019江苏卫视跨年演唱会'],"['音乐', '歌舞']",['8.3'],['561'],[' 汉语普通话']
[' 美国'],['Rareko'],['22'],['12'],"['Kaolip', 'Shingo Kato', 'Komegumi Koiwasaki', 'Maki Tsuruta', 'Sôta Arai', 'Mina Inoue', 'Yukie Takahashi', 'Rareko', 'Jamison Boaz', 'G.K. Bowes', '本·迪斯金', '托德·哈伯空', '塔拉·普拉特', '帕特里克·赛兹']",['职场小烈：重金属圣诞快乐 アグレッシブ烈子: We Wish You A Metal Christmas'],"['喜剧', '爱情', '动画', '音乐']",['8.3'],['83'],[' 日语']
[' 日本'],[],['240'],['12'],"['樱井翔', '广濑铃', '内村光良', '桑子真帆', '松田圣子', '松任谷由实', '北岛三郎', '林佳树', 'AKB48', 'perfume', '米津玄师', '西野加奈']",['第69届NHK红白歌会 第69回NHK紅白歌合戦'],"['音乐', '歌舞', '真人秀']",['8.2'],['2008'],[' 日语']
[' 美国 / 英国'],['Steve Loveridge'],['90'],['01'],['M.I.A.'],['玛琪，玛雅，米娅 Matangi/Maya/M.I.A.'],"['剧情', '音乐', '传记']",['8.0'],['220'],[' 英语']
[' 波兰 / 法国 / 英国'],['帕维乌·帕夫利科夫斯基'],['88'],"['05', '06']","['尤安娜·库里克', '托马斯·科特', '波利斯·席克', '阿伽塔·库莱沙', '塞德里克·康', '让娜·巴利巴尔', '亚当·费仁希', '亚当·沃诺维茨', '亚当·斯齐斯科斯基']",['冷战 Zimna wojna'],"['剧情', '爱情', '音乐']",['7.8'],['19647'],[' 波兰语 / 法语 / 德语 / 克罗地亚语 / 意大利语 / 俄语']
[' 俄罗斯'],['基里尔·谢列布连尼科夫'],['126'],"['05', '06']","['刘太旿', '伊琳娜·斯达申鲍姆', '罗曼·比利克', '菲利普·阿杰耶夫', '亚历山大·戈尔奇林', '尼基塔·叶甫列莫夫', '尤利娅·奥格', '叶莲娜·科连诺娃', '莉亚·阿赫扎科娃', '安东·阿达辛斯基']",['盛夏 Лето'],"['音乐', '传记']",['7.8'],['6287'],[' 俄语']
[' 芬兰 / 挪威'],"['裘索·拉提欧', '尤加·维迪葛伦']",['92'],['03'],"['托尔斯坦·比约克朗德', '安蒂·希海基宁', '维尔·希尔卡', '约翰内斯·霍洛佩宁', '萨穆利·贾斯基奥', '明卡·库斯顿', '凯·莱蒂宁', '皮霍·朗卡', '锡尼卡·莫克尔拉', '麦克斯·奥瓦斯卡', '佩尔蒂·斯维霍姆', '马尔蒂·斯利亚', '威利·蒂奥宁']",['重金属囧途 Hevi reissu'],"['喜剧', '音乐']",['7.6'],['6655'],[' 芬兰语 / 英语 / 挪威语']
[' 英国'],['汤姆·哈伯'],['100'],['09'],"['朱丽·沃特斯', '杰西·巴克利', '苏菲·奥康内多', '杰米·西弗斯', 'Ashley Shelton', 'James Harkness', 'Daniel Campbell', 'Gemma McElhinney', 'Tracy Wiles', 'J. Thomas Bailey', 'James McElvar', 'Vanya Eadie']",['野玫瑰 Wild Rose'],"['剧情', '音乐']",['7.5'],['70'],[' 英语']
[' 美国'],['布莱德利·库珀'],['135'],"['08', '10']","['Lady Gaga', '布莱德利·库珀', '山姆·艾里奥特', '安德鲁·戴斯·克雷', '拉菲·格拉沃恩', '安东尼·拉莫斯', '大卫·查普尔', '亚历克·鲍德温', '马龙·威廉姆斯', '布兰迪·卡莉', '朗·瑞弗金', '巴里·沙巴卡·亨利', '迈克尔·D·罗伯茨', '迈克尔·哈尔尼', '丽贝卡·菲尔德', '威廉·贝利', '格雷戈·格伦伯格', 'D·J·尚格拉·皮尔斯', '德瑞娜·德尼罗', '艾迪·格里芬', '哈尔希', '马修·利巴提克', '路奈尔·坎贝尔', '唐·渥斯', '伦尼·卡斯特罗', '唐·罗伊·金', '格雷戈里·斯卡尔尼奇', '弗兰克·安妮罗', '杰尔马诺·布兰科', '梅根·豪恩', '马克·查普曼', '史蒂文·西塞罗', '阿曼达·菲尔茨', '阿尔弗雷德·加比杜林', '弗雷德里克·基夫']",['一个明星的诞生 A Star Is Born'],"['剧情', '爱情', '音乐']",['7.2'],['71973'],[' 英语']
[' 美国'],"['安德鲁·欧文', '乔恩·欧文']",['110'],['03'],"['J·迈克尔·芬利', '布洛迪·罗斯', '丹尼斯·奎德', '玛德琳·卡罗尔', '塔根·伯恩斯', '特雷斯·阿德金斯', '杰森·伯基', '克萝丽丝·利奇曼', '坦娅·克拉克', '罗达·格里菲丝', '吉娜·西蒙', '妮可儿·德伯特', '普里西拉·C·夏勒', '凯文·道恩斯', '大卫·诺罗纳', '马克·罗伯特·埃利斯', '欧谢·布鲁克斯']",['超乎想象 I Can Only Imagine'],"['剧情', '音乐']",['7.1'],['1465'],[' 英语']
[' 美国'],['杰西·派瑞兹'],['97'],"['01', '08']","['萝丝·拜恩', '伊桑·霍克', '克里斯·奥多德', '梅根·多兹', '博格纳·F·马丁', '欧阳万成']","['赤裸朱丽叶 Juliet, Naked']","['剧情', '喜剧', '爱情', '音乐']",['6.8'],['1575'],[' 英语']
[' 日本'],['原桂之介'],[],['07'],"['知英', '稻叶友']",['明明是我的人生 私の人生なのに'],"['剧情', '爱情', '音乐']",['6.7'],['207'],[' 日语']
[' 中国大陆'],[],[],['01'],"['张嘉译', '马伊琍', '景甜', '秦海璐', '雷佳音', '王珞丹', '邓伦', '胡一天', '张若昀', '唐艺昕', '郑恺', '陆毅', '吴秀波', '林依晨', '潘粤明', '张碧晨', '高亚麟', '袁泉', '吴越', '任重', '万茜', '蒋雯丽', '李沁', '孙怡', '翟天临', '许魏洲', '俞灏明', '侯鸿亮', '胡静', '张彬彬', '乔欣', '王刚', '杨澜', '张绍刚', '周群', '余声', '王栎鑫', '凌潇肃', '张译', '许娣', '曾舜晞', '高伟光', '黄梦莹', '祝绪丹', '王紫璇', '六小龄童', '于和伟', '张凯丽', '柴碧云', '邓家佳', '杜丽莎', '姬他', '刘进', '倪大红', '檀健次', '王东', '王晓晨', '肖顺尧', '殷桃', '朱泳腾']",['2017国剧盛典'],"['音乐', '歌舞']",['6.7'],['259'],[' 汉语普通话']
[' 美国'],['达丽尔·汉纳'],['73'],['03'],"['尼尔·杨', 'Lucas Nelson', 'Micah Nelson', 'Corey McCormick', 'Anthony LoGerfo', 'Tato Melgar', 'Willie Nelson', 'Charris Ford', 'Dulcie Clarkson Ford']",['音乐乡悖论 Paradox'],['音乐'],['6.7'],['144'],[' 英语']
[' 台湾'],[],['200'],['06'],"['萧敬腾', '张惠妹', '徐佳莹', '彭佳慧', '那英', '庾澄庆', '康晋荣', '苏芮', '比尔贾', '陈奕迅', '方大同', '林俊杰', '黄子佼', '黄丽玲', '谭维维']",['第29届金曲奖 第29届金曲奖颁奖典礼'],['音乐'],['6.6'],['175'],[' 汉语普通话']
[' 美国'],['布雷特·海利'],['97'],"['01', '06']","['尼克·奥弗曼', '科雷西·克莱门斯', '布莱思·丹纳', '托妮·科莱特', '萨莎·莱恩', '特德·丹森', '杰西·帕奇', '亚历克斯·雷兹尼克', '拉斐尔·普里埃', '琳达·李·麦克布赖德', '昆西·杜恩-巴克', '维尔·罗杰斯', '杰夫·特维迪', '迈克尔·阿伯特', '哈里森·查德', '费斯·洛根', '斯凯勒·马歇尔', '安德莉亚·莫瑞斯']",['心跳砰砰响 Hearts Beat Loud'],"['剧情', '喜剧', '音乐']",['6.5'],['362'],[' 英语']
[' 美国'],['伊桑·霍克'],['127'],"['01', '08']","['约什·汉密尔顿', '阿莉雅·肖卡特', '理查德·林克莱特', '山姆·洛克威尔', '迪迪·柯斯汀', 'Charlie Sexton']",['留住心醉一首歌 Blaze'],"['剧情', '音乐', '传记']",['6.5'],['222'],[' 英语']
[' 日本'],"['河森正治', '安田贤司']",['120'],['02'],"['内田雄马', '铃木实里', '濑户麻沙美', '小清水亚美', '安野希世乃', '东山奈央', '西田望见', '森川智之', '内山昂辉', '川田绅司', '石冢运升', '石川界人', '大桥贤一郎', '峰岸佳', '远藤大智']",['剧场版 超时空要塞DELTA：激情的女武神 劇場版マクロスΔ 激情のワルキューレ'],"['动画', '音乐']",['6.4'],['125'],[' 日语']
[' 美国'],['贝萨妮·阿什顿·沃尔夫'],['108'],['01'],"['亚历克斯·罗伊', '杰西卡·罗德', '约翰·本杰明·西基', '艾比·莱德·弗特森', '泰勒·里格斯', '皮特·坎姆博尔', '吉莲·韦格曼', '摩根·亚历山德里亚', '劳伦·格罗斯', '詹姆斯·拉克利', '杰森·戴维斯', '贝拉·洛茨', '崔维斯·崔特', '凯特林·哈里斯']",['永远是我的女孩 Forever My Girl'],"['剧情', '爱情', '音乐']",['6.1'],['1168'],[' 英语']
[' 美国'],['伊恩·埃德曼'],['120'],['08'],"['哈里森·霍尔策', '凯尔', '乔丹·罗克', '罗比·德马', '贾达基斯', '雪莱·亨尼格', '艾尔·温特', '马特·罗杰斯', '安迪·巴克利', '布莱尔·安德伍德', '维兹·卡利法', '杰米·崔']",['余兴派对 The After Party'],"['喜剧', '音乐']",['5.9'],['358'],[' 英语']
[' 台湾'],['游智炜'],['90'],['09'],"['姚爱宁', '欧阳伦', '宋柏纬', '林辰唏', '杨大正', '李亦捷', '舞陽', '澎恰恰']",['摇滚乐杀人事件 搖滾樂殺人事件'],"['音乐', '犯罪']",['5.8'],['228'],[' 汉语普通话']
[' 美国'],['布拉迪·科贝特'],['114'],"['09', '12']","['娜塔莉·波特曼', '裘德·洛', '拉菲·卡西迪', '斯塔西·马汀', '威廉·达福', '詹妮弗·艾莉', '克里斯托弗·阿波特', '弗莱德·海辛格', '马特·索维托', '娜塔莎·罗曼诺娃', '丹尼尔·伦敦', '苏菲·柯蒂斯', '克里斯·班克斯', '艾莉森·温']",['光之声 Vox Lux'],"['剧情', '音乐']",['5.7'],['1469'],[' 英语']
[' 美国'],['亚历克斯·罗斯·派瑞'],['134'],['09'],"['伊丽莎白·莫斯', '卡拉·迪瓦伊', '丹·史蒂文斯', '阿格妮丝·迪恩', '盖尔·兰金', '艾什莉·本森', '迪兰·格鲁拉', '艾梅柏·希尔德', '埃里克·斯托尔兹', '维吉妮娅·马德森', '伊卡·戴维尔', '琳赛·柏奇', '尤瑟夫·布罗斯', '基思·普尔森']",['她的气味 Her Smell'],"['剧情', '音乐']",['5.5'],['225'],[' 英语']
[' 加拿大'],['罗伯特·文斯'],['87'],['05'],"['戴德里克·巴德', '妮基·布朗斯凯', 'Reggie De Leon']",['萌犬好声音3 Pup Star: World Tour'],"['喜剧', '音乐']",['5.3'],['156'],[' 英语']
[' 美国'],['路易斯·J·霍维茨'],['216'],['01'],['詹姆斯·柯登'],['第60届格莱美奖颁奖典礼 The 60th Annual Grammy Awards'],['音乐'],['5.3'],['560'],[' 英语']
[' 中国大陆'],['安德胜'],['260'],['12'],"['何炅', '汪涵', '王俊凯', '王源', '易烊千玺', '朱一龙', '杨紫', '刘涛', '陈翔', '武艺', '王鹤棣', '沈月', '马思超', '冯绍峰', '秦岚', '金志文', '于文文', '杨钰莹', '谭维维', '宋茜', '罗志祥', '徐佳莹', '汪东城', '田馥甄', '吴青峰', '程潇', '韩红']",['2018-2019湖南卫视跨年演唱会'],"['音乐', '歌舞', '真人秀']",['5.2'],['554'],[' 汉语普通话']
[' 澳大利亚 Australia'],['Ben Hackworth'],[],[],"['拉达·米切尔', '托马斯·康奎尔', '娜迪恩·加纳']",['天上之爱 Celeste'],"['剧情', '音乐']",[''],[],[' 英语']
[' 台湾'],[],[],['02'],"['黄子佼', '王少伟', '纳豆', '杨丽花', '陈亚兰', '黄路梓茵', '陈嘉桦', '张惠妹']",['2018超级巨星红白艺能大赏 2018超級巨星紅白藝能大賞'],"['音乐', '真人秀']",[''],[],[' 汉语普通话']
[' 中国大陆'],[],[],['02'],[],['2018年AcFun春节联欢晚会'],"['喜剧', '动画', '音乐', '歌舞']",[''],[],[' 汉语普通话']
[' 韩国'],[],[],['10'],[],['2018年MBC釜山音乐庆典 MBC 2018 BOF Opening Concert'],"['音乐', '歌舞']",[''],[],[' 韩语']
[' 德国'],['阿伦·莱曼'],['102'],['09'],"['达米安·哈顿', '约翰尼斯·艾麦亚', 'Désirée Angersbach', 'Sinje Irslinger', '安克·恩戈尔克', 'Marko Dyrlich', 'Eckhard Greiner']",['世界上最漂亮的女孩 Das schönste Mädchen der Welt'],"['喜剧', '爱情', '音乐']",[''],[],[' 德语']
[' 中国大陆'],"['陈冠霖', '朴岸']",['18'],['06'],['房祖名'],['鼓浪屿的三世情书'],"['爱情', '音乐']",[''],[],[' 汉语普通话']
[' 美国'],[],[],['03'],"['Ben Bliss', 'Amanda Majeski', 'Serena Malfi', 'Christopher Maltman', ""Kelli O'Hara"", 'Adam Plachetka']",['莫扎特《女人心》 &#34;The Metropolitan Opera HD Live&#34; Mozart: Così fan tutte'],['音乐'],[''],[],[' 意大利语']
[' 美国'],[],[],['02'],"['Michael Fabiano', 'Alexey Lavrov', 'Lucas Meachem', 'Susanna Phillips', 'Paul Plishka', 'Matthew Rose', 'Sonya Yoncheva']",['普契尼《波西米亚人》 &#34;The Metropolitan Opera HD Live&#34; Puccini: La Bohème'],['音乐'],[''],[],[' 意大利语']
[' 中国大陆'],[],[],[],"['常光希', '李思思', '尼格买提·热合曼', '陈苏', '耿晨晨', '腾格尔', '尚雯婕', '伍思凯', '平安', '戴荃', '扎西顿珠']",['世界动漫之夜'],"['音乐', '歌舞', '真人秀']",[''],[],[' 汉语普通话']
[' 香港'],[],['137'],"['01(香港)"">2018']","['李克勤', '周柏豪 ', '何雁诗', '王灏儿', '吴浩康', '胡鸿钧', '许靖韵', '菊梓乔', '蔚雨芯', '洪卓立', '郑俊弘', '谭嘉仪', '林欣彤', '吴业坤', '泳儿', '谷微', '颜卓灵', '伍富桥', '糖妹', '王嘉仪', '罗力威', '钟舒漫']",['2017年度劲歌金曲颁奖典礼'],"['音乐', '真人秀']",[''],[],[' 粤语 / 汉语普通话']
[' 斯洛伐克 / 捷克'],['Andrea Sedlácková'],[],[],"['Mary Havranová', 'Ondrej Hraska', 'Martin Rakictý']",['Backstage'],"['剧情', '音乐']",[''],[],[' 斯洛伐克语 / 捷克语']
[' 美国'],"['Karen Kopy', 'Jenn E. Morrison', 'Jeremy Williams', 'Emily Wryn', 'Jason Freeman', '肖恩·瑞恩']",[],[],"['肖恩·瑞恩', '凯文·盖奇', 'Kathryn Eastwood', '白灵', '莉亚·玛瑞·约翰逊', 'Kai Lanette', '托米·韦素', 'Kaliya Skye', '乔纳·希尔', '明迪·罗宾逊', '兰迪·库卓', '凯登·克劳丝', '劳伦妮·兰登', '乔·艾斯特维兹', '乔安娜·安琪儿', '瑞安·尼科尔森 ', '格里高利·畑中', 'Regan Reece', 'Demi Baumann', 'Anthony Spadaccini', 'Teona Dolnikova']","['被禁止，被剥削和被列入黑名单：有争议的电影制作人莎恩·莱恩的地下工作 Banned, Exploited &amp; Blacklisted: The Underground Work of Controversial Filmmaker Shane Ryan']","['剧情', '喜剧', '动作', '恐怖', '音乐', '犯罪']",[''],[],[' 英语 / 日语 / 俄语 / 法语']
[' 美国'],['Joe DeMaio'],['120'],['10'],"['拉里·巴格比', '索拉·伯奇', '赵牡丹', 'Patrick Cook', 'Gabe De Guzman']",['The Hocus Pocus 25th Anniversary Halloween Bash'],"['音乐', '歌舞']",[''],[],[' 英语']
[' 中国大陆'],[],[],['09'],['毛不易'],['“像我这样的人”全国巡回演唱会'],['音乐'],[''],[],[' 汉语普通话']
[' 日本'],[],['97'],['08'],"['東京フィルハーモニー交響楽団', '三石琴乃', '小坂明子', '石丸由佳', '寺下真理子', 'SUGURU(from TSUKEMEN)', '堀江美都子']",['美少女戦士セーラームーン Classic Concert 2018'],['音乐'],[''],[],[' 日语']
[' 日本'],['川口浩'],['79'],['08'],"['吉川友', '铃木裕树', '綱島恵里香', '優希美月', '水野俊太朗', '小牧那凪', '宫下顺子', '中村有沙']",['チャットレディのキセキ'],"['剧情', '爱情', '音乐']",[''],[],[' 日语']
[' 法国'],['Anatol Schuster'],['92'],['07'],"['Anna Brodskaja-Bomke', 'Peter Cieslinski', ""Jakob D'Aprile"", 'Lara Feith', 'Mélanie Fouché']",['Luft'],"['剧情', '爱情', '同性', '音乐']",[''],[],[' 德语']
[' 中国大陆'],[],[],[],"['撒贝宁', '朱迅', '高博', '李红', '毛不易', '廖俊涛']",['2018年CCTV网络春晚'],"['音乐', '歌舞', '真人秀']",[''],[],[' 汉语普通话']
[' 中国大陆'],[],[],['03'],[],['2018东方卫视元宵晚会'],"['音乐', '歌舞']",[''],[],[' 汉语普通话']
[' 英国'],[],[],['02'],"['Clara Amfo', 'Anne-Marie', 'Ro Ashika', '米莉·波比·布朗', 'Cheryl', '柯特妮·考克斯', '娜丁·科伊尔', 'Amber Davies', 'Perrie Edwards', 'Ella Eyre', '帕洛玛·费丝', 'Caroline Flack', '安娜·弗莱尔', '利亚姆·加拉格尔', '艾丽·戈尔丁', '詹妮弗·哈德森', 'Rochelle Wiseman', '哈里·凯恩', '麦莉妮·克拉斯', '肯德里克·拉马尔', 'Lorde', '凯莉·米洛', '奥利·莫尔斯', '瑞塔·奥拉', '利亚姆·佩恩', 'Louise Redknapp', '艾德·希兰', '萨姆·史密斯', '哈里·斯泰尔斯', '贾斯汀·汀布莱克', '杰克·怀特霍尔', '霍莉·威洛比']",['2018年全英音乐奖颁奖典礼 The BRIT Awards 2018'],"['音乐', '歌舞', '真人秀']",[''],[],[' 英语']
[' 土耳其 Turkey'],[],['136'],['10'],[],['Müslüm'],"['剧情', '音乐', '传记']",[''],[],[' 土耳其语 Turkish']
[' 美国'],['牛萌琛'],['28'],[],"['李飞扬', '李泽宇']",['围城 Besieged'],"['剧情', '音乐']",[''],[],[' 英语 / 汉语普通话']
[' 法国'],['Alexander Ekman'],[],['09'],"['Stéphane Bullion', 'Vincent Chaillet', ""Corps de Ballet de l'Opéra national de Paris"", 'Calesta A. Day', 'Muriel Zusperreguy']",['Play'],"['剧情', '音乐']",[''],[],[' 英语']
[' 美国 / 英国'],['Anthony Nardolillo'],['95'],['09'],"['穆赛塔·万德', '大卫·札亚斯', '阿莱西娅·雷纳', 'Gilbert Saldivar', 'Artem Chigvintsev', 'Kimberli Flores', 'Nicola Bertram', 'Jorie Burgos', 'Joe Chacon', 'Kevin Stidham']",['骚莎狂潮 Shine'],"['剧情', '音乐']",[''],[],[' 英语']
[' 日本'],['井口升'],['79'],['06'],"['椎名光', '长泽茉里奈', '松永天馬', '神門実里', '上坂堇', '武田玲奈']",['少女picaresque 少女ピカレスク'],"['剧情', '音乐']",[''],[],[' 日语']
[' 美国'],['Bille Woodruff'],['100'],['04'],"['Teyana Taylor', 'Bryshere Y. Gray', 'Sierra Aylina McClain']",['亲爱的，起来跳舞 Honey: Rise Up and Dance'],"['剧情', '音乐']",[''],[],[' 英语']
[' 韩国'],[],[],['02'],"['朴正洙', '金多贤']",['第七届Gaon Chart K-POP Awards 2018 가온 차트 K-POP 어워드'],"['音乐', '歌舞']",[''],[],[' 韩语']
[' 美国'],[],[],['01'],"['Patrick Carfizzi', 'Vittorio Grigolo', 'Kristine Opolais', 'Bryn Terfel']",['普契尼《托斯卡》大都会歌剧院高清歌剧转播 &#34;The Metropolitan Opera HD Live&#34; Puccini: Tosca'],['音乐'],[''],[],[' 意大利语']
[' 中国大陆'],[],['140'],['12'],"['容祖儿', '徐佳莹', '方大同', '侧田', '小雨乐队', '腾格尔']",['四川卫视2019花开天下跨年演唱会'],"['音乐', '歌舞']",[''],[],[' 汉语普通话']
[' 台湾'],['Esther Veronin'],['77'],[],"['黄柏钧', '袁艾菲', '林辰唏', '路斯明', '聂云', 'Kaori Kayano', 'Jerry C', 'Maggie Chang', 'Amber Yo', 'Alice Huang']",['明日之星'],"['剧情', '音乐', '歌舞']",[''],[],[' 汉语普通话']
[' 美国'],"['Don Mischer', 'Jeff Roe']",[],['11'],"['道恩·强森', '克里斯汀·贝尔', '汤姆·霍兰德', '温迪·麦克伦登-考威', '亚历克·鲍德温', '萨拉·海蓝德']",['Mickey&#39;s 90th Spectacular'],"['音乐', '歌舞']",[''],[],[' 英语']
[' 中国大陆'],[],[],['09'],"['李宇春', '张杰', '韩磊', '张信哲', '杨宗纬', '谭维维', '佘诗曼', '吴克群', '林志炫']",['汉风秋月2018中秋晚会'],"['音乐', '歌舞']",[''],[],[' 汉语普通话']
[' 巴西'],['Monique Gardenberg'],['110'],['05'],"['Lee Taylor', '儒利奥·安德拉德', '索·豪黑', 'Erasmo Carlos', '艾米拉·盖德斯']",['迷失天堂 Paraíso Perdido'],"['剧情', '音乐']",[''],[],[' 葡萄牙语']
[' 美国'],[],[],['04'],"['Stephanie Blythe', 'Alice Coote', 'Joyce DiDonato', 'Kathleen Kim', 'Laurent Naouri']",['马斯奈《灰姑娘》 &#34;The Metropolitan Opera HD Live&#34; Massenet: Cendrillon'],['音乐'],[''],[],[' 法语']
[' 美国'],[],[],['03'],"['Ildar Abdrazakov', 'Javier Camarena', 'Elizabeth DeShong', 'Ryan Speedo Green', 'Angela Meade']",['罗西尼《赛米拉米德》 &#34;The Metropolitan Opera HD Live&#34; Rossini: Semiramide'],['音乐'],[''],[],[' 意大利语']
[' 中国大陆'],['杨东升'],['109'],['03'],"['任鲁豫', '康辉', '朱迅', '尼格买提·热合曼', '李思思', '张也', '吕继宏', '张凯丽', '孙涛', '王小玮', '霍思燕', '常远', '乌兰图雅', '李谷一', '汪正正', '王祖蓝', '李亚男', '王晰', '师鹏', '塔斯肯', '皓天', '汤非', '孙楠', '白鸽']",['2018年中央电视台元宵晚会'],"['音乐', '歌舞', '真人秀']",[''],[],[' 汉语普通话']
[' 法国'],['Bertrand Guerry'],['105'],['07'],[],['Mes frères'],"['剧情', '音乐', '家庭']",[''],[],[' 法语']
[' 韩国'],[],['87'],['09'],['金成柱'],['2018 DMC庆典 蒙面歌王 THE WINNER 2018 DMC페스티벌 복면가왕 더 위너'],['音乐'],[''],[],[' 韩语']
[' 奥地利'],['Alexandra Liedtke'],[],['05'],"['阿兰尼亚', '艾琳娜·格朗查', 'Carlos Álvarez', 'Sorin Coliban']",['Samson et Dalila (Wiener Staatsoper)'],"['音乐', '戏曲']",[''],[],[' 法语']
[' 美国'],['J. Jonroy Avani'],[],['01'],"['瑞安·古兹曼', '达芙妮·祖尼加', '斯宾瑟·格拉默', '梅尔·法尔', '弗兰西娅·莱莎']",['Beyond Paradise'],"['剧情', '爱情', '音乐']",[''],[],[' 英语']
[' 美国'],"['Patrick Dunnagan', '罗伯特·瓦格纳']",[],['04'],"['凯蒂·加菲', 'Jason Michael Carroll', '罗伯特·瓦格纳', 'Joseph Gray', 'Jeramy Blackford']",['心弦 strings'],"['剧情', '爱情', '音乐']",[''],[],[' 英语']
[' 波多黎各'],['Joel Colón'],['90'],"['03', '04']","['Hector Delgado', 'Blas Sien Diaz']",['Héctor el Father: Conocerás la Verdad'],"['剧情', '音乐', '传记']",[''],[],[' 西班牙语']
[' 秘鲁'],['Frank Pérez-Garland'],[],['02'],"['Carlos Alcántara', 'Vanessa Saba', 'Marco Zunino', 'Johanna San Miguel', 'Wendy Ramos']",['为爱疯狂2 Locos de Amor 2'],"['爱情', '音乐']",[''],[],[' 西班牙语']
[' 韩国'],[],[],['02'],[],['7th GAONCHART MUSIC AWAERDS 2017'],['音乐'],[''],[],[' 韩语']
[' 芬兰'],['Jukka-Pekka Siili'],['98'],['01'],"['Alina Tomnikov', 'Jouko Ahola', 'Akseli Kouki', 'Eemeli Masanen', 'Vilhelmi Masanen']",['我兄弟的守卫 Veljeni vartija'],"['剧情', '音乐', '传记']",[''],[],[' 芬兰语']
[' 美国'],['Jeffrey Gall'],['112'],['01'],"['Lauren Dwane', 'Cornelia Lotito', 'Amanda Simms', 'Jungwon Na', 'Annabel Richards', 'Nate Mattingly', 'Evan Fleming', 'Aaron Noriega']",['卢克莱修受辱记 The Rape of Lucretia'],['音乐'],[''],[],[' 英语']
[' 土耳其'],['Kivanç Baruönü'],[],['01'],"['Cem Yilmaz', '奥赞·居文']",['科幻豪杰总动员2 Arif V 216'],"['喜剧', '动作', '爱情', '科幻', '音乐', '歌舞', '家庭', '奇幻']",[''],[],[' 土耳其语']
[' 德国'],[],[],[],"['Berliner Philharmoniker', 'Simon Rattle', 'Magdalena Kožená']",['2018 柏林森林音乐会 ——再见！西蒙爵士 Waldbühne 2018 – Goodbye Sir Simon!'],['音乐'],[''],[],[]
[' 英国'],['凯蒂·米歇尔'],[],['05'],"['Ocean Barrington-Cook', 'Barbara Hannigan', 'Peter Hoare', 'Gyula Orendt', 'Stéphane Degout', 'Samuel Boden']",['Lessons in Love and Violence (Royal Opera House)'],"['音乐', '戏曲']",[''],[],[' 英语']
[' 意大利'],['DIEGO FASOLIS'],['60'],[],[],['LA SCALA CHRISTMAS CONCERT 2018'],['音乐'],[''],[],[' 意大利语']
[' 意大利'],['Arnalda Canali'],['110'],[],[],['LE CORSAIRE'],['音乐'],[''],[],[' 意大利语']
[' 阿根廷'],"['Diego Corsini', 'Andy Caballero']",['93'],[],"['Franco Masini', 'Yamila Saud', 'Facundo Gambandé', ""Victorio D'Alessandro"", 'Andrea Frigerio', 'Gerardo Romano']",['只有爱 Solo el Amor'],"['爱情', '音乐']",[''],[],[' 西班牙语']
[' 中国大陆'],['杨郎从'],['5'],[],[],['那不是我'],['音乐'],[''],[],[]
[' 日本'],['高橋朋広'],[],[],"['樱田通', '福田麻由子']",['ラ'],"['剧情', '音乐']",[''],[],[' 日语']
[' 越南'],"['胜宇', '李明胜']",[],[],"['范刘俊才', '潘银', 'Suni Ha Linh', 'Puka', '志才', '黄菲']",['情歌季节 Mùa Viết Tình Ca'],['音乐'],[''],[],[]
[' 美国'],['Harley Di Nardo'],[],[],"['Harley Di Nardo', 'Adam Reeser', 'Samantha Smart']",['死之嫉妒 Dead Envy'],"['剧情', '惊悚', '音乐']",[''],[],[' 英语']
[' 香港'],['周丰德'],[],"['04', '05']",[],['曲终不散 曲終不散'],"['爱情', '音乐']",[''],[],[' 粤语']
[' 中国大陆'],[],[],['06'],"['季冠霖', '江映蓉', '鞠萍', '平安', '扎西顿珠', '王紫凝', '苏诗丁', '任鲁豫', '刘姵贤', '刘洺君', '胡丽芝']",['2018动漫音乐会'],"['音乐', '歌舞', '真人秀']",[''],[],[' 汉语普通话']
[' 美国'],[],[],['02'],"[""Ildebrando D'Arcangelo"", 'Davide Luciano', 'Matthew Polenzani', 'Pretty Yende']",['唐尼采蒂《爱之甘醇》 &#34;The Metropolitan Opera HD Live&#34; Donizetti: L&#39;Elisir d&#39;Amore'],['音乐'],[''],[],[' 意大利语']
[' 英国'],['Ed Lilly'],['99'],['10'],"['乔瓦恩·韦德', '福拉·埃文斯·阿金博拉', '鲁斯·西恩', '尼古拉斯·平诺克', '康纳·斯温德尔', '维克托里娅·菲斯', '埃米莉·塔夫', 'Elliot Barnes-Worrell', 'Kola Bokinni', 'Paige Meade']",['饶舌对决 VS.'],"['剧情', '音乐']",[''],[],[' 英语']
[' 英国'],"['朱利安·邓波', 'Owen Lewis']",[],['01'],"[""Graham 'Suggs' McPherson"", '派瑞·本森 Perry Benson']",['My Life Story'],"['喜剧', '音乐']",[''],[],[' 英语']
[' 日本'],[],[],[],['Perfume'],['Perfume 7th Tour 2018 ｢FUTURE POP｣'],"['音乐', '歌舞']",[''],[],[' 日语']
[' 奥地利'],['Romeo Castellucci'],[],[],"['John Daszak', 'Anna Maria Chiuri', 'Asmik Grigorian', 'Gábor Bretz', 'Julian Prégardien']",['莎乐美 Salome (2018 Salzburg Festival)'],"['音乐', '戏曲']",[''],[],[' 德语']
[' 法国'],['Hugo Bachelet'],[],[],['Lúcia de Carvalho'],"['Kuzola, le chant des racine']","['音乐', '传记']",[''],[],[' 西班牙语 / 法语 / 葡萄牙語']
[' 美国'],[],[],[],"['伍茜', '常佳宁', '秦勇']",['美女与虎 The Lady and the Tiger'],['音乐'],[''],[],[' 汉语普通话']
[' 美国'],['辛西娅·莫特'],[],[],"['伊丽莎白·霍尔姆', '艾利·沃克']",['The Magnificent Room'],"['剧情', '音乐']",[''],[],[' 英语']
[' 意大利'],"['Davide Livermore', 'Riccardo Chailly']",[],['12'],"['Fabio Sartori', 'Ildar Abdrazakov', 'Saioa Hernandez', 'Simone Piazzola', 'Francesco Pittari', 'Gianluca Buratto']",['威尔第：阿提拉（米兰斯卡拉歌剧院） Verdi: Attila (La Scala)'],"['音乐', '戏曲']",[''],[],[' 意大利语']
[' 芬兰'],['Christof Loy'],[],['10'],"['Aušrinė Stundytė', 'Andrea Carè', 'Tuomas Pursio']",['Puccini: Tosca (Finnish National Opera Helsinki)'],"['音乐', '戏曲']",[''],[],[' 意大利语']
[' 法国'],['凯蒂·米歇尔'],[],['07'],"['Marc Albrecht', 'Lise Davidsen', 'Eric Cutler', 'Sabine Devieilhe', 'Angela Brower', 'Huw Montague Rendall']",['Ariadne auf Naxos (Festival d&#39;Aix-en-Provence)'],"['音乐', '戏曲']",[''],[],[' 德语']
[' 比利时'],['Romeo Castellucci'],[],['09'],"['Gábor Bretz', 'Ed Lyon', 'Sabine Devieihle', 'Sophie Karthäuser', 'Dietrich Henschel']",['魔笛 Die Zauberflöte'],"['音乐', '戏曲']",[''],[],[' 德语']
[' 韩国'],['임철민'],['84'],['09'],"['申文成', 'Hyun-ji Go ', '徐镐哲']",['贝多芬组曲 베토벤메들리'],"['剧情', '爱情', '音乐']",[''],[],[' 韩语']
[' 中国大陆'],[],[],['02'],"['田亮', '叶一茜', '李艺彤', '霍尊', '吕一', '钱泳辰']",['2018重庆市春节联欢晚会'],"['音乐', '歌舞']",[''],[],[' 汉语普通话']
[' 英国'],['Alan Byron'],['87'],['09'],"['Frank Allen', 'Keith Altham', 'Pete Best', 'Roag Best', '雷·康诺利', '布莱恩·爱泼斯坦', 'Paul Gambaccini', '乔治·哈里逊', '马克·柯莫德', '约翰·列侬', '保罗·麦卡特尼', '乔恩·萨维奇', '林哥·斯塔尔']",['Made on Merseyside - The Beatles'],['音乐'],[''],[],[' 英语']
[' 巴西'],['Hique Montanari'],['88'],['08'],"['Thalles Cabral', 'Nélson Diniz', 'Douglas Florence', 'Lorena Lorenzo', 'Leonardo Machado', 'Áquila Mattos', 'Frederico Restori', 'Anderson Salles', 'Victória Sanguiné', 'Mirna Spritzer', 'Liane Venturella', 'Rodrigo Waschburger']",['YONLU'],"['剧情', '音乐', '传记']",[''],[],[' 葡萄牙语']
[' 菲律宾'],['Joyce Bernal'],['120'],['08'],"['Sarah Geronimo', 'Xian Lim', 'James Reid']",['格兰妮小姐 Miss Granny'],"['喜剧', '音乐', '奇幻']",[''],[],[' 菲律宾语']
[' 美国'],[],['120'],['08'],['埃尔维斯·普雷斯利'],['The 50th Anniversary of the Elvis Comeback Special'],['音乐'],[''],[],[]
[' 美国'],[],[],['04'],"['Piotr Beczala', 'Dmitri Belosselsky', 'Plácido Domingo', 'Olesya Petrova', 'Alexander Vinogradov', 'Sonya Yoncheva']",['威尔第《路易莎·米勒》 &#34;The Metropolitan Opera HD Live&#34; Verdi: Luisa Miller'],['音乐'],[''],[],[' 意大利语']
[' 中国大陆'],[],[],['02'],"['叶童', '赵雅芝', 'Jessie J', '杨宗纬', '苏诗丁', '张碧晨', '沙宝亮']",['文化中国 四海同春 2018全球华侨华人春节大联欢'],"['音乐', '歌舞']",[''],[],[' 汉语普通话']
[' 中国大陆'],"['李申', '景欣']",['150'],['09'],"['孟盛楠', '鲁健', '任鲁豫', '陈旻', '李毅', '孟庭苇', '闫妮', '杨坤', '唐嫣', '胡德夫', '成方圆', '周笔畅', '尚雯婕', '周一围', '宁静', '容祖儿', '许茹芸', '姜育恒', '赵雅芝', '黄恺杰', '杨培安', '白雪', '苏芮', '韩雪', '张卫健', '黄绮珊', '迪玛希', '雷佳', '霍尊', '茜拉']",['2018年中央广播电视总台中秋晚会'],"['音乐', '歌舞']",[''],[],[' 汉语普通话']
[' 意大利'],['Mario Gas'],['151'],['10'],"['Ermonela Jaho', 'Enkelejda Shkosa', 'Jorge de Leon', 'Angel Odena']",['蝴蝶夫人 Madama Butterfly'],"['音乐', '歌舞', '戏曲']",[''],[],[' 意大利语']
[' 中国大陆'],['滕俊杰'],[],[],"['张扬', '徐晓英', '刘恋', '王宏尧', '李欣桐', '张卓']",['北京国家大剧院歌剧演出现场版 这里的黎明静悄悄'],['音乐'],[''],[],[' 汉语普通话']
[' 中国大陆'],[],[],[],"['吴映香', '易烊千玺', '蔡国庆', '康妮·塔波特', '王俊凯', '王源']",['2018年中央广播电视总台六一晚会'],"['音乐', '歌舞', '儿童', '真人秀']",[''],[],[' 汉语普通话']
[' 中国大陆'],['唐皓'],['77'],['06'],"['吴宣萱', '俸泉', '胡之熙', '陈文俊', '任格漪']",['我的青春有点二'],"['喜剧', '音乐']",[''],[],[' 汉语普通话']
[' 中国大陆'],[],[],['08'],"['李宇春', '朱一龙', '钟欣潼', '陈立农', '张云龙', 'SNH48', '杨迪', '马伯骞', '何炅', '张若昀', '马可', '陈楚生', '汪苏泷', '郑业成', '张杰', '林更新', '大张伟', '许晓诺', '曾轶可', '包贝尔', '丁宁']",['青春芒果夜'],"['音乐', '歌舞', '真人秀']",[''],[],[' 汉语普通话']
[' 中国大陆'],[],[],['07'],"['李晨', '陈赫', '鹿晗', '邓超', '郑恺', '杨颖', '林俊杰', '陈立农', '宋茜', '容祖儿', '张韶涵', '张杰', '毛不易', '李荣浩', '孟美岐', '吴宣仪', '杨超越', '段奥娟', 'Yamy', '赖美云', '张紫宁', '杨芸晴', '李紫婷', '傅菁', '徐梦洁', '周洁琼']",['奔跑嘉年华'],"['音乐', '歌舞', '真人秀']",[''],[],[' 汉语普通话']
[' 中国大陆'],['刘红梅'],['99'],['06'],"['何弘宇', '李梦珂', '田依凡', '李京旭', '冯鑫垚', '李雄辉', '郭阳翰林', '贺淑婧', '范卫华', '陈宁', '王鹏', '宋楠惜', '金禹伯', '阮晟昊', '刘恩佳', '卢佳', '杨阳', '陈美林', '肇东']",['家'],"['爱情', '音乐', '戏曲']",[''],[],[' 汉语普通话']
[' 意大利'],['David McVicar'],['133'],['09'],"['Renato Palumbo', 'Ermonela Jaho', 'Francesco Demuro', 'Juan Jesús Rodríguez', 'Joan Matabosch']",['茶花女 La Traviata'],"['爱情', '音乐', '歌舞', '戏曲']",[''],[],[' 意大利语']
[' 中国大陆'],[],['360'],['07'],"['鞠婧祎', '黄婷婷', '李艺彤', '冯薪朵', '陆婷', '赵粤', '许佳琪', '张语格', '莫寒', '戴萌', '邱欣怡']",['“砥砺前行”SNH48 GROUP第五届偶像年度人气总决选演唱会'],"['音乐', '歌舞', '真人秀']",[''],[],[' 汉语普通话']
[' 韩国'],[],[],['12'],"['全炫茂', '赵宝儿']",['2018 SBS歌谣大战 2018 SBS 가요대전'],"['音乐', '歌舞']",[''],[],[' 韩语']
[' 中国大陆'],[],[],['08'],"['朱一龙', 'TF家族', '韩东君', '至上励合', 'SNH48', '陈立农', '林彦俊', '王子异', '王琳凯', '尤长靖', '周锐', '郑锐彬', '刘人语', '陈瑶', '袁冰妍', '郭俊辰', '陈子由', '李斯丹妮', '钟易轩', '张睿', '赵天宇', '马伯骞', '周震南', '梁靖康', '吴希泽', '王鹤棣', '官鸿', '秦子墨', '左叶', '王菊', '陈乔恩', '徐海乔', '张雪迎', '郭麒麟', '韩沐伯', '靖佩瑶', '田一德', '程潇', '许靖韵']",['2018粉丝嘉年华盛典 2018 Weibo Fan Festival'],"['音乐', '歌舞', '脱口秀']",[''],[],[' 汉语普通话']
[' 中国大陆'],['姜秉辰'],['82'],['11'],"['刘九思', '王梓豪', '罗乔伊', '张欣媚', '张秉涵', '闻典']",['说唱门徒'],"['剧情', '喜剧', '音乐']",[''],[],[' 汉语普通话']
[' 美国'],['Gary Halvorson'],[],[],"['Gianandrea Noseda', 'Diana Damrau', 'Vittorio Grigolo', 'Elliot Madore', 'Mikhail Petrenko']",['罗密欧与朱丽叶 &#34;The Metropolitan Opera HD Live&#34; Gounod: Roméo et Juliette'],['音乐'],[''],[],[' 法语']
[' 中国大陆'],[],['195'],['03'],"['何炅', '吴昕', '华晨宇', '袁娅维', '范湉湉', '瞿颖', '靳梦佳', '李锐', '乔杉', '张小斐', '何欢', '大张伟', '张云龙', '韩东君', '沈梦辰', '金婧', '陶奕希', '李谷一', '崔雅涵', '李莎旻子', '刘烨', '林依晨', '潘粤明', '刘宪华', '霍尊', '徐海乔', '任嘉伦', '李熹子']",['湖南卫视元宵喜乐会2018'],"['音乐', '歌舞', '真人秀']",[''],[],[' 汉语普通话']
[' 美国'],['史蒂夫·卡尔 Steve Carr'],[],['08'],"['科齐·齐尔斯多夫', 'Heidi Blickenstaff', 'Ricky He', '艾利克斯·迪塞尔', 'Jason Maybaum', '卡云·金 Kahyun Kim', 'Jennifer Laporte', 'Dara Renee', 'Marlowe Percival', '鲁奇娅·伯纳德', 'Joshua Pak', 'Lauren McGibbon']",['疯狂星期五 Freaky Friday'],"['喜剧', '音乐', '奇幻']",[''],[],[' 英语']
[' 中国大陆'],['红旗'],['95'],['07'],"['周昊勇呈', '郭少芸', '白柳汐', '白湘妃']",['天佑之爱'],"['音乐', '奇幻']",[''],[],[' 汉语普通话']
[' 美国'],"['格伦·维斯', 'Gregg Gelfand', 'Stan Morse']",['180'],['10'],"['卡迪·B', 'Camila Cabello', '玛丽亚·凯莉', 'The Chainsmokers', 'Ciara', 'Florida Georgia Line', 'Halsey', 'Khalid', 'Dua Lipa', '詹妮弗·洛佩兹', 'Post Malone', '肖恩·蒙德兹', '瑞塔·奥拉', 'Panic! at the Disco', '泰勒·斯威夫特', 'Twenty One Pilots', '嘉丽·安德伍德', 'Zedd']",['第46届全美音乐大奖颁奖典礼 American Music Awards 2018'],"['音乐', '歌舞', '真人秀']",[''],[],[' 英语']
[' 台湾'],[],['123'],['09'],"['任家萱', '田馥甄', '陈嘉桦']",['17th音乐会'],"['音乐', '脱口秀']",[''],[],[' 汉语普通话']
[' 中国大陆'],[],[],['03'],"['大张伟', '薛之谦', '胡彦斌', '何洁', '汪苏泷', '腾格尔']",['2018江苏卫视元宵晚会'],"['音乐', '歌舞']",[''],[],[' 汉语普通话']
[' 中国大陆'],['徐远卓'],['10'],['02'],"['李剑青', '彭钧']",['给我一首歌的时间'],['音乐'],[''],[],[]
[' 美国'],[],['132'],['05'],"['凯莉·克拉克森', '泰勒·斯威夫特', 'The Chainsmokers', 'Dua Lipa', '克里斯蒂娜·阿奎莱拉', '肖恩·蒙德兹', 'Khalid', 'DJ卡拉德', 'J.Lo', '珍妮·杰克逊', 'BTS', 'Post Malone', '卡迪·B', 'Camila Cabello', '黛米·洛瓦托', '艾德·希兰', '爱莉安娜·格兰德']",['2018美国公告牌音乐大奖颁奖典礼 2018 Billboard Music Award'],"['音乐', '真人秀']",[''],[],[' 英语']
[' 德国'],['安德里亚斯·德里森'],['128'],['08'],"['亚历山大·谢尔', '安娜·乌特伯格', '索斯藤·默滕', '米兰·佩舍尔', 'Benjamin Kramme']",['煤工歌手冈德曼 Gundermann'],"['剧情', '音乐', '传记']",[''],[],[' 德语']
[' 中国大陆'],"['阎清秀', '于德安']",['90'],['11'],"['玉米提', '古丽米娜·麦麦提', '金星']",['你美丽了我的人生'],"['爱情', '音乐', '歌舞']",[''],[],[' 汉语普通话']
[' 中国大陆'],[],[],['02'],[],['哔哩哔哩2018拜年祭'],"['动画', '同性', '音乐', '歌舞', '真人秀']",[''],[],[' 汉语普通话 / 日语']
[' 德国'],['雅各布·拉斯'],['100'],['08'],"['Bela B.', 'Esther Blankenhagel', 'Mathias Bloech']",['此时此地 So was von da'],"['剧情', '喜剧', '音乐']",[''],[],[' 德语']
[' 中国大陆'],['王健'],['75'],['02'],"['孔雪儿', '刘雨昕', '罗姝涵', '张希雅', '关凯元', '许和琪', '张悠然']",['蜜蜂少女队'],"['剧情', '音乐', '歌舞']",[''],[],[' 汉语普通话']
[' 中国大陆'],[],[],['02'],"['吉祥三宝', '大张伟', '薛之谦', '何洁', '胡彦斌', 'Mike', '金Samuel', '汪苏泷', '蔡国庆', '陈明', '张明敏']",['幸福中国年 2018江苏卫视春节联欢晚会'],"['音乐', '歌舞']",[''],[],[' 汉语普通话']
[' 中国大陆'],['王晓杰'],['75'],['03'],"['魏小也', '刘宇宁', '盖达巍', '陈宇星']",['罗曼蒂克振兴史'],"['剧情', '喜剧', '爱情', '音乐']",[''],[],[' 汉语普通话']
[' 美国'],['罗伯特·文斯'],['90'],['11'],"['大卫·德路易斯', '戴德里克·巴德', '乔治·纽伯恩', '理查德·里尔', '丹尼·伍德伯恩', '凯特林·马希尔', '迈克尔·泰根', 'Oakley Bull', '科洛·科尔曼', 'Brenden Sunderland', '麦肯泽·摩斯', '豪尔赫·迪亚斯', 'Nic Novicki', 'Denisse Schwartz', 'Tyreese Burnett']",['萌犬好声音4 Puppy Star Christmas'],"['喜剧', '音乐']",[''],[],[' 英语']
[' 美国'],['Chuck Lightning'],['49'],['04'],"['加奈儿·梦奈', '泰莎·汤普森']",['Dirty Computer'],['音乐'],[''],[],[' 英语']
[' 印度'],['Rajiv Menon'],['131'],['10'],"['G·V·普拉卡什·库马尔', 'Nedumudi Venu', 'Aparna Balamurali', '梵持', 'Divyadarshini']",['乐鼓节拍 சர்வம் தாளமயம்'],"['剧情', '音乐']",[''],[],[' 泰米尔语']
[' 美国'],['Fabien Constant'],['91'],"['04', '11']","['蕾妮·齐薇格', '西蒙·贝克', '莎拉·杰茜卡·帕克', '杰奎琳·比塞特', '泰勒·金尼', '科曼', '格斯·伯尼', '瓦利德·祖伊特', '玛丽·贝丝·佩尔', '菲莉帕·苏', '迈克尔·波茨', '克里斯塔尔·伦伯格', '桃乐丝·麦卡锡', '维妮达·埃文斯', '克利夫·莫伊伦', 'Mary Looram', 'Alex Rak']",['生命中最美好的一天 Blue Night'],"['剧情', '爱情', '音乐']",[''],[],[]
[' 英国'],['Jonathan Butterell'],['160'],"['07', '11']","['John McCrea', 'Josie Walker', 'Tamsin Carroll', 'Daniel Davids', 'Phil Nichol', 'Lucie Shorthouse']",['人人都在聊杰米 Everybody&#39;s Talking About Jamie'],"['剧情', '同性', '音乐']",[''],[],[' 英语']
[' 美国'],['托姆·齐穆尼'],['153'],['12'],"['布鲁斯·斯普林斯汀', 'Patti Scialfa']",['斯普林斯汀：百老汇音乐会 Springsteen on Broadway'],"['音乐', '歌舞']",[''],[],[' 英语']
[' 日本'],['園田俊郎'],['87'],['06'],"['樱田通', '栗原吾郎', '才川康史', '坂東龍汰', '櫻井圭佑']",['EVEN 送给你的歌 EVEN～君に贈る歌～'],"['剧情', '爱情', '音乐']",[''],[],[' 日语']
[' 美国'],['艾力克斯·鲁津斯基'],['118'],['08'],"['艾瑞莎·弗兰克林', '布蕾克·莱弗利', '米莉·波比·布朗', '奥立薇娅·玛恩', '麦当娜', '阿曼德拉·斯坦伯格 ', '詹妮弗·洛佩兹', '凯文·哈特', '妮琪·米娜', '爱莉安娜·格兰德', '蒂凡尼·哈迪斯', '薛·米契尔', '科甘-迈克尔·凯', '科曼', '蓝尼·克罗维兹', '瑞塔·奥拉', '肖恩·蒙德兹', 'DJ卡拉德', '利亚姆·佩恩', 'Gucci Mane', 'Aerosmith']",['2018 MTV音乐录影带颁奖典礼 2018 MTV Video Music Awards'],"['音乐', '歌舞', '真人秀']",[''],[],[' 英语']
[' 英国'],['Tinge Krishnan'],['100'],['10'],"['米凯拉·科尔', '乔治·麦凯', '阿舍尔·阿里', '卢克·诺里斯', '约瑟夫·戴浦西', '阿琳泽·科纳', '马克·温格特', '金塔雷·贝尼奥拉维特', '埃勒维兹·亨伍德', '汉娜·弗林', '亚当加尔布莱斯', '詹姆斯·伯克里', '博格纳·F·马丁']",['漫漫等待 Been So Long'],"['剧情', '音乐']",[''],[],[' 英语']
[' 美国 / 英国'],['麦克思·明格拉'],[],['09'],"['艾丽·范宁', '丽贝卡·豪尔', '米莉·布拉迪', '伊丽莎白·贝林顿', '维克托里娅·菲斯', '奥利维亚·格兰特', '克拉拉·卢嘉', '扎特科·巴瑞克', '卢埃里·奥康纳', '安东尼娅·克拉克', '斯蒂芬·鲍克思', '阿格涅兹卡·格罗乔斯卡', '蕾娅·斯密特洛维兹', '杰茜·维宁', '保罗·布莱克维尔', '马里乌斯·代·弗里斯', '布塔法·维塔', '丹尼尔·韦斯特伍德', '博格纳·F·马丁', 'Mark Stobbart', 'Archie Madekwe', '格林·安格尔']",['少年追梦情 Teen Spirit'],"['剧情', '音乐']",[''],[],[' 英语']
[' 中国大陆'],[],[],['02'],"['戴玉强', '李玉刚', '邓紫棋', '赵雅芝', '腾格尔', '降央卓玛', '关牧村', '孙茜', '蔡远航', '秦凯', '何姿', '齐秦', '张韶涵', '陈思思']",['2018丝路春晚'],"['音乐', '歌舞', '真人秀']",[''],[],[' 汉语普通话']
[' 中国大陆'],['米夏埃尔·贝尔'],['124'],[],"['宗平', '姜昆']",['美丽的蓝色多瑙河'],"['音乐', '歌舞', '戏曲']",[''],[],[' 汉语普通话']
[' 中国大陆'],[],['180'],['10'],"['李艺彤', '冯薪朵', '陆婷', '莫寒', '赵粤', '许佳琪', '戴萌', '钱蓓婷 Beiting Qian', '吴哲晗', '孔肖吟', '苏杉杉', '段艺璇', '张语格', '吕一', '李宇琪', '孙芮', '何晓玉', '谢妮', '费沁源', '洪珮雲', '林楠', '万丽娜', '许杨玉琢', '陈琳', '陈韫凌', '杨冰怡', '张丹三', '陈美君', '胡丽芝', '胡晓慧', '刘姝贤', '林溪荷', '青钰雯', '沈小爱', '孙晓艳', '田姝丽', '熊素君', '闫明筠', '张梦慧', '杨鑫', '陈倩楠', '马玉灵', '张笑盈', '刘胜男', '冯思佳', '李娜', '李想', '杨一帆', '顼凘炀', '陈雅钰', '房蕾', '葛司琪', '黄恩茹', '何阳青青', '金锣赛', '李泓瑶', '刘闲', '任心怡', '孙语姗', '王雨煊', '杨晔', '叶苗苗', '张怀瑾', '刘一菲', '杨宇馨', '彭嘉敏', '周湘', '熊鑫', '张丹丹', '李丽满', '程宇璐', '陈珂', '高源婧', '张琼予', '朱怡欣', '肖文铃', '刘力菲', '卢静', '唐莉佳', '刘倩倩', '郑丹妮', '陈桂君', '王炯义', '王偲越', '杜秋霖', '余芷媛', '韩家乐', '赵佳蕊', '王诗蒙', '孙敏', '司珀琳', '李慧', '卢天惠', '赖梓惜', '付紫琪', '高志娴', '郑洁丽', '张羽涵', '王雨兰', '张爱静', '李晴', '王菲妍', '冉蔚', '柏欣妤', '李姗姗', '毛译晗', '谯玉珍', '王露皎', '郝婧怡', '韩林芹', '郭静', '高山峰', '张雨鑫', '海陆']",['SNH48 GROUP x 米娜mina 第四届年度风尚大赏'],"['音乐', '歌舞', '真人秀']",[''],[],[' 汉语普通话']
[' 法国'],['亚历克斯·鲁茨'],['101'],"['05', '08']","['亚历克斯·鲁茨', '汤姆·丁勒', '帕斯卡·艾比约', '布里吉特·罗安', 'Dani', '尼科尔·卡尔方', '斯代芬·沃杰托维茨']",['盖 Guy'],"['剧情', '喜剧', '音乐', '犯罪']",[''],[],[' 法语']
[' 韩国'],[],[],['11'],"['朴正洙', '李圣经']",['2018年亚洲明星盛典 2018 아시아 아티스트 어워즈'],"['音乐', '真人秀']",[''],[],[' 韩语']
[' 美国'],['Alessandro Carloni'],[],[],"['Annelies van de Velde', '乔什·加德']",['我和我的影子 Me and My Shadow'],"['动画', '音乐', '歌舞']",[''],[],[' 英语']
[' 美国'],[],['91'],['11'],['卢顿·万恩怀特三世'],['卢顿·万恩怀特三世 Loudon Wainwright III: Surviving Twin'],['音乐'],[''],[],[]
[' 中国大陆'],[],['60'],['11'],"['张楠楠', '王小熔', '韩菲儿', '廖芊婵']",['请回答，我们de小时光'],"['喜剧', '音乐']",[''],[],[' 汉语普通话']
[' 美国'],['Adam Cushman'],[],['12'],"['莎拉·克拉克', '山德·贝克利', '克里斯汀·古托斯基', '麦肯齐·阿斯丁', '鲍比·坎波', '威廉姆·拉斯']",['艺术大师 The Maestro'],"['剧情', '音乐', '传记', '历史']",[''],[],[' 英语']
[' 中国大陆'],[],['92'],['03'],"['关晓彤', '潘长江', '任嘉伦']",['2018北京卫视元宵晚会'],"['音乐', '歌舞']",[''],[],[' 汉语普通话']
[' 巴西'],['Matheus Souza'],['116'],['08'],"['Ana Caetano', 'Vitória Falcão', 'Clarissa Müller', 'Thati Lopes', '布鲁斯·岗拉斯迪', 'Bryan Ruffo', 'Victor Lamoglia', 'Gabriela Nunes']",['安娜和维多利亚 Ana e Vitória'],"['喜剧', '音乐', '传记']",[''],[],[' 葡萄牙语']
[' 英国'],['Marco Alessi'],['11'],[],"['Mary Antony', '劳利·基纳斯顿', 'Emily Renée']",['四个四重奏 Four Quartets'],"['同性', '音乐']",[''],[],[' 英语']
[' 中国大陆'],['周伟'],['75'],['08'],"['张赫宸', '李洋', '戴亚洲']",['摇滚天堂'],"['剧情', '爱情', '音乐']",[''],[],[' 汉语普通话']
[' 吉尔吉斯斯坦'],['Aibek Daiyrbekov'],['93'],['03'],"['塔莱卡·阿比祖巴', 'Adilet', 'Gulnur Asanova', 'Jakshylyk Ashymov', 'Saltanat Bakaeva', 'Egemberdi Bekboliev', 'Almaz Bekbotoev', 'Rahat Berdikeev', 'Maksat Bolotbek', 'Nurbek Daiyrbekov']",['树之歌 The Song of The Tree'],"['剧情', '音乐']",[''],[],[' 俄语 / 英语']
[' 美国'],['哈密什·汉密尔顿'],['144'],['11'],"['海莉·斯坦菲尔德', '琳赛·洛翰', '黛比·瑞恩', '迈克尔·佩纳', '迭戈·卢纳', '泰瑞·克鲁斯', '妮琪·米娜', '哈尔希', '伊万·罗斯', '珍妮·杰克逊', '阿什丽·辛普森', '卓丹·邓', 'Jason Derulo', '大卫·库塔']",['2018年MTV欧洲音乐大奖 MTV Europe Music Awards'],"['音乐', '歌舞', '真人秀']",[''],[],[' 英语']
[' 美国'],['Leon Knoles'],['120'],['04'],"['麦莉·赛勒斯', 'Lady Gaga', '埃尔顿·约翰', '卡莎', '米兰达·莱伯特', '约翰·传奇', '克里斯·马汀', '肖恩·蒙德兹']",['Elton John: I&#39;m Still Standing - A Grammy Salute'],"['音乐', '歌舞']",[''],[],[' 英语']
[' 中国大陆'],[],[],['03'],"['张信哲', '潘玮柏', '邓紫棋', '许魏洲', '金志文', '小沈龙', '郦波', '巩汉林']",['2018安徽卫视元宵晚会'],"['音乐', '歌舞']",[''],[],[' 汉语普通话']
[' 美国'],['John Albarian'],['84'],['01'],"['John Densmore', '罗比·克雷格', 'Ray Manzarek']",['大门乐队：怀特岛现场 The Doors: Live at the Isle of Wight'],['音乐'],[''],[],[' 英语']
[' 中国大陆'],['李牧展'],['81'],['05'],"['王炳翔', '孙骁骁', '厉家兵', '商振博']",['天生舞者'],"['喜剧', '爱情', '音乐']",[''],[],[' 汉语普通话']
[' 中国大陆'],[],[],['02'],"['费玉清', '罗志祥', '谭维维', '潘长江', '王小利', '贾冰', '大壮', '周涛', '杭天琪', '程琳', '甘萍']",['幸福出发 2018山东卫视春节联欢晚会'],"['音乐', '歌舞']",[''],[],[' 汉语普通话']
[' 韩国'],[],[],['01'],"['金希澈', '金所泫', '申东烨']",['2017首尔歌谣大赏'],"['音乐', '歌舞']",[''],[],[' 韩语']
[' 中国大陆'],[],[],['02'],"['李宇春', '五月天', 'S.H.E', '蔡依林', '梁朝伟', '井柏然', '白百何', '柳岩', '吴莫愁', '许飞', '沙溢', '胡可', '杨佑宁', '张俪', '凤凰传奇', '霍尊', '李玉刚', '贾玲', '宋小宝']",['2018浙江卫视春节联欢晚会'],"['音乐', '歌舞']",[''],[],[' 汉语普通话']
[' 韩国'],[],[],['12'],"['全炫茂', '赵宝儿']",['2018 SBS歌谣大战 2018 SBS 가요대전'],"['音乐', '歌舞']",[''],[],[' 韩语']
[' 美国 / 英国'],['麦克思·明格拉'],[],['09'],"['艾丽·范宁', '丽贝卡·豪尔', '米莉·布拉迪', '伊丽莎白·贝林顿', '维克托里娅·菲斯', '奥利维亚·格兰特', '克拉拉·卢嘉', '扎特科·巴瑞克', '卢埃里·奥康纳', '安东尼娅·克拉克', '斯蒂芬·鲍克思', '阿格涅兹卡·格罗乔斯卡', '蕾娅·斯密特洛维兹', '杰茜·维宁', '保罗·布莱克维尔', '马里乌斯·代·弗里斯', '布塔法·维塔', '丹尼尔·韦斯特伍德', '博格纳·F·马丁', 'Mark Stobbart', 'Archie Madekwe', '格林·安格尔']",['少年追梦情 Teen Spirit'],"['剧情', '音乐']",[''],[],[' 英语']
[' 巴西'],['Matheus Souza'],['116'],['08'],"['Ana Caetano', 'Vitória Falcão', 'Clarissa Müller', 'Thati Lopes', '布鲁斯·岗拉斯迪', 'Bryan Ruffo', 'Victor Lamoglia', 'Gabriela Nunes']",['安娜和维多利亚 Ana e Vitória'],"['喜剧', '音乐', '传记']",[''],[],[' 葡萄牙语']
[' 中国大陆'],[],['286'],['12'],"['汪峰', '张惠妹', '崔健', '韩磊', '杨坤', '郑钧', '周冬雨', '张韶涵', '关晓彤', '潘粤明', 'ONER', '许魏洲', '腾格尔', '金志文', '吴莫愁', '周笔畅', '于朦胧', '熊梓淇', '张震岳', '花泽香菜', '冯提莫', '阿肆', '阿里郎', '侯明昊', 'SNH48', '张信哲', '迪玛希', '动力火车', '南征北战']",['北京卫视2019环球跨年冰雪盛典'],"['音乐', '歌舞']",[''],[],[' 汉语普通话']
[' 韩国'],[],[],['11'],"['金珉锡', '金俊勉', '边伯贤', '金钟大', '朴灿烈', '都暻秀', '金钟仁', '吴世勋']",['EXO COMEBACK SHOWCASE “TEMPO”'],"['音乐', '脱口秀']",[''],[],[' 韩语']
[' 西班牙 / 古巴 / 英国 / 德国'],['伊西亚尔·博利亚因'],[],"['09', '12']","['卡洛斯·阿科斯塔', 'Santiago Alfonso', 'Keyvin Martínez', 'Edlison Manuel Olbera Núñez', 'Laura De la Uz', 'Yerlín Pérez', 'Mario Elias', 'Andrea Doimeadiós', 'Cesar Domínguez', 'Yailene Sierra', '卡斯特罗']",['尤利 Yuli'],"['剧情', '音乐', '传记']",[''],[],[' 西班牙语 / 英语']
[' 中国大陆'],[],[],['03'],"['张国立', '王刚', '张铁林', '张嘉译', '杨幂', '马伊俐', '王凯', '吴奇隆', '黄晓明', '刘涛', '张晨光', '胡杏儿', '何润东', '俞灏明', '许娣', '刘佩琦', '翟天临', '颖儿', '孙俪', '张译', '江疏影', '武大靖', '保剑锋', '陈龙', '袁泉', '郭京飞']",['剧耀东方 2018电视剧品质盛典'],"['音乐', '歌舞']",[''],[],[' 汉语普通话']
[' 中国大陆'],[],[],['02'],"['孙俪', '毛不易', '胡一天', '于谦', '郭麒麟', '岳云鹏', '张鹤伦', '郑业成', '小沈阳', '宋小宝', '肖央', '王迅', '乔杉', '蔡国庆', '许魏洲', '李健', '邓紫棋', '侯明昊', '冯绍峰', '包贝尔']",['春满东方 2018东方卫视春节晚会'],"['音乐', '歌舞']",[''],[],[' 汉语普通话']
[' 中国大陆'],['蒂齐亚诺·曼奇尼'],['135'],['06'],[],['西蒙·波卡涅拉 Simon Boccanegra'],['音乐'],[''],[],[' 意大利语']
[' 英国'],['Ross MacGibbon'],['105'],['04'],"['Tamara Rojo', 'James Streeter', 'Jeffrey Cirio', 'Stina Quagebeur', 'Begona Cao', 'Fabian Reimair']",['阿库·汉姆《吉赛尔》 Akram Khan&#39;s Giselle'],"['剧情', '音乐']",[''],[],[' 无对白 / 英语']
[' 韩国'],[],[],['12'],[],['2018 Melon Music Awards'],"['音乐', '真人秀']",[''],[],[' 韩语']
[' 香港'],[],['121'],['12'],"['郑裕玲', '陆浩明', '麦美恩', '马德钟', '卢宛茵', '萧正楠', '曹永廉', '黄翠如', '郑子诚', '欧阳震华', '李佳芯', '陈炜', '王君馨', '薛家燕', '黄智雯', '陈展鹏', '马国明', '黄心颖', '田蕊妮', '菊梓乔', '袁伟豪', '胡定欣', '黎诺懿', '汪明荃', '王浩信', '杨明', '姚子羚', '李施嬅', '朱晨丽', '何广沛', '姜皓文', '冯盈盈', '陈山聪', '张振朗', '张曦雯', '林淑敏', '黄智贤', '欧瑞伟', '森美', '李家鼎', '梁竞徽', '张彦博', '胡杏儿', '胡蓓蔚']",['萬千星輝頒獎典禮2018 万千星辉颁奖典礼2018'],"['剧情', '音乐', '真人秀']",[''],[],[' 粤语']
[' 中国大陆'],[],[],['02'],"['潘玮柏', '邓紫棋', '许魏洲', '张信哲', '刘谦', 'SNH48', '郭冬临', '巩汉林', '凤凰传奇', '金志文', '韩再芬', '雷佳', '苗阜', '王声', '邵峰']",['江淮欢腾新时代 2018安徽卫视春节联欢晚会'],"['音乐', '歌舞']",[''],[],[' 汉语普通话']
[' 中国大陆'],['杨东升'],['109'],['03'],"['任鲁豫', '康辉', '朱迅', '尼格买提·热合曼', '李思思', '张也', '吕继宏', '张凯丽', '孙涛', '王小玮', '霍思燕', '常远', '乌兰图雅', '李谷一', '汪正正', '王祖蓝', '李亚男', '王晰', '师鹏', '塔斯肯', '皓天', '汤非', '孙楠', '白鸽']",['2018年中央电视台元宵晚会'],"['音乐', '歌舞', '真人秀']",[''],[],[' 汉语普通话']
[' 中国大陆'],[],[],['02'],"['李宇春', '成龙', '吴京', '谢楠', '黄晓明', '林心如', '关晓彤', '景甜', '潘粤明', '陈冲', '刘晓庆', '斯琴高娃', '张瑜', '秦岚', '刘芸', '靳东', '袁泉', '秦俊杰', '任嘉伦', '许魏洲', '曹云金', '蔡国庆', '徐帆', '冯小刚', '冯巩', '宋小宝']",['Go精彩 Go幸福 2018北京卫视春节联欢晚会'],"['音乐', '歌舞']",[''],[],[' 汉语普通话']
[' 印度'],['Subhash Kapoor'],[],[],['阿克谢·库玛尔'],['Mogul: The Gulshan Kumar Story'],"['剧情', '音乐', '传记']",[''],[],[' 印地']
