地区,导演,时长,月份,演员,电影名,类型,评分,评论数,语言
[' 中国大陆 / 日本'],['姜晓通'],['101'],['02'],"['张本煜', '黄垲翔', '刘扬', '町田悠宇', '粘土大介']",['不良街区'],"['剧情', '悬疑', '黑色电影']",['4.8'],['933'],[' 汉语普通话 / 日语']
[' 中国大陆'],['沈文帅'],[],['01'],[],['末栈之望子成龙'],"['悬疑', '奇幻', '黑色电影']",[''],[],[' 汉语普通话']
[' 意大利'],"['达米亚诺·迪诺森佐', ""Fabio D'Innocenzo""]",['104'],"['02(柏林电影节)"">2018']","['安德里亚·卡朋扎诺', '马提奥·奥利维提', '卢卡·津加雷蒂', '马西米利亚诺·托尔托拉', 'Milena Mancini', 'Michela De Rossi', 'Giordano De Plano', 'Yan Lovga', 'Nicole Centanni', 'Walter Toschi']",['足够的土地 La terra dell&#39;abbastanza'],"['惊悚', '黑色电影']",[''],[],[' 意大利语']
[' 中国大陆'],['吕云波'],['27'],"['07', '10']","['王卫国', '刘頔', '陈海华', '易江来']",['狐'],"['剧情', '悬疑', '黑色电影']",[''],[],[' 山西话']
