地区,导演,时长,月份,演员,电影名,类型,评分,评论数,语言
[' Russia'],['Aleksandr Boykov'],[],['11'],"['Sergey Belogolovtsev', 'Denis Buzin', 'Aleksey Dmitriev']",['怪咖突击队 Tolko ne oni'],['喜剧'],[''],[],[' Russian']
[' Russia'],['Dmitriy Suvorov'],[],['06'],"['Nail Abdrakhmanov', '叶甫盖尼·特卡丘克', '艾琳娜·拉尼娜', 'Alexander Diachenko']",['第一 Первые'],['剧情'],[''],[],[' Russian']
[' Russia'],['Evgeniy Shelyakin'],[],['10'],"['阿列克塞·古斯科夫', '欧克萨娜·范德拉', 'Timofey Tribuntsev', '伊戈尔·乌戈尔尼科夫', '罗曼·库特辛', '谢尔盖·叶皮谢夫', '斯坦尼斯拉夫·柳布申', '塞尔吉·波克霍达夫', 'Polina Pushkaruk', '阿列克谢·沃特考夫']",['永恒的生命 Вечная Жизнь Александра Христофорова'],['喜剧'],[''],[],[' 俄语']
[' Russia'],['Kirill Vasilev'],[],['03'],"['瓦伦蒂娜·马祖尼纳', '谢尔盖·布鲁诺夫', '米哈伊尔·塔拉布金', 'Igor Gasparyan', 'Viktor Dobronravov']","['你好，奥克萨纳·索科洛娃 Ну, здравствуй, Оксана Соколова!']",['喜剧'],[''],[],[' Russian']
