地区,导演,时长,月份,演员,电影名,类型,评分,评论数,语言
[' 丹麦'],['迈克尔·诺尔'],['104'],['09'],"['加斯帕·克里斯滕森', '马格努斯·克雷佩', '格茜塔·诺比']",['霜冻将至 Før frosten'],['剧情'],['8.0'],['61'],[' 丹麦语 / 瑞典语']
[' 丹麦'],['比利·奥古斯特'],['162'],['08'],"['埃斯本·司米德·詹森', '卡塔林·格雷-罗森塔尔', '本杰明·基特', '朱莉·克里斯汀森', '汤米·肯特', '拉斯马斯·伯格', '奥勒·雷米克']",['幸运儿彼尔 Lykke-Per'],['剧情'],['7.6'],['737'],[' 丹麦语']
[' 丹麦'],['古斯塔夫·莫勒'],['85'],"['01', '06']","['雅各布·克德格恩', '杰西卡·迪内奇', '奥玛尔·沙加威', '约翰·奥尔森', '雅各布·乌尔里克·罗曼', '西蒙·本尼杰格', '劳拉·布罗', '蒙坦·瑟贝尔', '莫滕·桑博', '安德斯·布林克·马德森', '马特·福勒']",['罪人 Den skyldige'],"['剧情', '惊悚', '犯罪']",['7.6'],['18298'],[' 丹麦语']
[' 丹麦 / 法国 / 德国 / 瑞典'],['拉斯·冯·提尔'],['152'],"['05', '10', '11']","['马特·狄龙', '布鲁诺·甘茨', '乌玛·瑟曼', '希芳·法隆', '苏菲·格拉宝', '丽莉·克亚芙', '杰瑞米·戴维斯', '爱德华·斯皮伊尔斯', '大卫·拜利', '刘智泰']",['此房是我造 The House That Jack Built'],"['喜剧', '惊悚', '犯罪']",['7.3'],['37873'],[' 英语 / 德语 / 意大利语']
[' 丹麦 / 德国'],['克里斯托弗·鲍伊'],['119'],['10'],"['尼古拉·雷·卡斯', '法瑞斯·法瑞斯', '约翰妮·路易斯·施密特', '索伦·比尔马克', '范妮·博内代尔', '克拉拉·罗萨杰', '路易斯·斯科夫', '阿曼达·拉德里亚克', '安德斯·霍夫', '尼可拉斯·布若', '埃利奥特·克罗赛特·霍夫', '碧尔特·诺伊曼', '迈克尔·布罗斯楚普', '玛丽安·霍格斯布罗', '薇比珂·哈斯特伦', '特赖恩·帕里森', '纳斯塔加·阿尔赛', '亨里克·韦斯特加德·尼尔森', '拉多·哈季奇', '安德斯·布林克·马德森', '旺达·佩德尔维茨']",['64号病历 Journal 64'],"['悬疑', '惊悚', '犯罪']",['7.2'],['5470'],[' 丹麦语 / 西班牙语 / 阿拉伯语']
[' 丹麦'],['拉斯穆斯·克洛斯特·布罗'],['84'],['07'],"['Christine Sønderris', 'Kresimir Mikic', 'Samson Semere', 'Adrian Heili', '萨尔瓦多·斯特里亚诺', 'Lilli Fernanda Kondrup', 'Rasmus Hammerich', 'Anders Nylander Thomsen']",['隧道惊魂 Cutterhead'],['惊悚'],['7.0'],['83'],[' 英语']
[' 瑞典 / 丹麦'],['帕尼勒·费舍尔·克里斯藤森'],['123'],['09'],"['阿尔巴·奥古斯特', '崔娜·蒂虹', 'Björn Gustafsson', '玛利亚·邦妮薇', '马格努斯·克雷佩', '亨瑞克·拉斐尔森', 'Maria Alm Norell']",['关于阿斯特丽德 Unga Astrid'],['剧情'],['7.0'],['71'],[' 瑞典语']
[' 瑞典 / 丹麦'],['阿里·阿巴西'],['110'],"['05', '08']","['埃娃·梅兰德', '埃罗·米洛诺夫', '约根·托尔松', '安·彼得伦', '斯坦·伦格伦', '马蒂·博斯泰特', '维克托·奥克布卢姆-尼尔松', '纳塔莉 明妮威克']",['边境 Gräns'],"['剧情', '惊悚', '奇幻']",['6.8'],['4846'],[' 瑞典语']
[' 哥伦比亚 / 丹麦 / 墨西哥 / 德国 / 瑞士'],"['克丽丝蒂娜·加耶果', '西罗·格拉']",['125'],"['05', '08']","['卡米娜·马蒂内', '何塞·阿科斯塔', '娜塔利娅·雷耶斯', '约恩·纳瓦埃斯', '格雷德·梅扎', '何塞·维森特', '胡安·包蒂斯塔·马丁内斯', '米格尔·维埃拉', '塞尔希奥·科恩', '阿斯列尼斯·马尔克斯', '何塞·奈德', '扬克·迪亚兹', '维克多·蒙特罗', '华金·拉蒙', '豪尔赫·拉斯卡罗']",['候鸟 Pájaros de verano'],"['剧情', '惊悚']",['6.7'],['1174'],[' 西班牙语 / 英语 / 瓦尤语']
[' 丹麦 / 加拿大 / 美国'],['皮尔·弗莱'],['108'],['01'],"['提奥·詹姆斯', '本·金斯利', '杰奎琳·比塞特', '罗西弗·萨瑟兰', '蕾切尔·威尔森', '布莱恩·马克金森', '贝尔奇姆·比尔金', '肖娜·麦克唐纳德', '艾丹·迪瓦恩', '扎希尔·吉拉尼']",['与人为恶 Backstabbing for Beginners'],['惊悚'],['6.5'],['598'],[' 英语']
[' 挪威 / 瑞典 / 丹麦 / 荷兰'],['Katarina Launing'],['95'],['09'],"['Lisa Teige', 'Vebjørn Enger', 'Karen-Lise Mynster', 'Stig R. Amdam', 'Sigyn Åsa Sætereng', 'Charlott Utzig']",['热舞飞扬 Battle'],['剧情'],['5.3'],['112'],[' 挪威语 / 英语']
[' 丹麦 / 荷兰 / 瑞典'],['Isabella Eklöf'],['90'],['01'],"['Victoria Carmen Sonne', 'Lai Yde', '泰斯·罗默', 'Yuval Segal', 'Morten Hemmingsen', 'Adam Ild Rohweder', 'Adam Strand', 'Laura Kjær', 'Michiel de Jong', 'Stanislav Sevcik', 'Bo Brønnum']",['假期 Holiday'],['剧情'],['5.3'],['58'],[' 丹麦语 / 英语 / 荷兰语']
[' 瑞典 / 丹麦 / 挪威 / 德国 / 英国'],['Mårten Klingberg'],['90'],['01'],"['Peter Haber', 'Kristofer Hivju', 'Ingvar Hirdwall', 'Rebecka Hemse', 'Måns Nathanaelson']",['Beck Ditt eget blod'],"['悬疑', '惊悚', '犯罪']",[''],[],[' 瑞典语 / 挪威语 / 波斯语 / 英语']
[' 丹麦 / 法罗群岛'],['Maria Winther Olsen'],['83'],['10'],"['Nikolaj Dencker Schmidt', 'Mike Viderø', 'Marie Tourell Søderberg']",['Nina'],['剧情'],[''],[],[' 丹麦语']
[' 丹麦'],['Hans Fabian Wullenweber'],['90'],"['10', '12']",['Susanne Juhász'],['Ninna'],['喜剧'],[''],[],[' 丹麦语']
[' 丹麦'],['René Frelle Petersen'],[],['11'],"['Ole Caspersen', 'Jette Søndergaard', 'Peter Hansen Tygesen']",['Onkel'],['剧情'],[''],[],[' 丹麦语']
[' 丹麦'],"['安德斯·麦特森', '索布约恩·克里斯托弗森']",[],['12'],[],['Ternet Ninja'],['动画'],[''],[],[' 丹麦语']
[' 丹麦'],['Christian Dyekjær'],[],['11'],"['Ella Testa Kusk', 'Peter Sejer Winther', 'Martin Buch', 'Mia Lyhne', 'Ulf Pilgaard', 'Nicolaj Kopernikus', 'Kristian Halken']",['Julemandens Datter'],['家庭'],[''],[],[' 丹麦语']
[' 丹麦'],['Nikolaj J. Faarup'],['85'],['12'],"['Ruth Angelica', 'Tomas Bo', 'Frederik Karlsen Ustrup', 'Lene Udsteed', 'Julie Svendsen']",['Martin og Bedstefar i Jullerup Færgeby'],"['喜剧', '家庭', '冒险']",[''],[],[' 丹麦语']
[' 丹麦 / 法国 / 英国'],['尼古拉斯·温丁·雷弗恩'],[],[],[],['复仇之默 The Avenging Silence'],"['剧情', '惊悚']",[''],[],[]
[' 丹麦'],['Niclas Bendixen'],[],['09'],"['Thure Lindhardt', 'Marijana Jankovic', 'Nicolaj Kopernikus', 'Lotte Andersen', 'Diem Camille Gbogou', 'Anders W. Berthelsen']",['Ditte &amp; Louise'],['喜剧'],[''],[],[' 丹麦语']
[' 丹麦'],['Kasper Kalle'],['90'],['12'],"['Rosalinde Mynster', 'Gustav Dyekjær Giese', 'Baard Owe', 'Karen-Lise Mynster', 'Peter Plaugborg', 'Rudi Køhnke', 'Brigitte Christensen']",['克里斯蒂安四世 Christian IV'],"['剧情', '历史']",[''],[],[' 丹麦语']
[' 丹麦 / 西班牙'],['Martin Miehe-Renard'],['90'],['06'],"['Laura Lavigné Bie-Olsen', 'Martin Brygmann', 'Maria Erwolter', 'Jannie Faurschou']",['四个孩子的父亲在阳光下 Far til fire i solen'],['家庭'],[''],[],[' 丹麦语']
[' 丹麦'],['Christine Hermansen'],['90'],['12'],"['Mogens Eckert', 'Lene Poulsen', 'Nina Rask', 'Kraka Donslund']",['I Familie'],['剧情'],[''],[],[' 丹麦语']
[' 丹麦'],['Asger K. Bartels'],[],['10'],"['Karim Theilgaard', 'Adam Schmidt Jensen', 'Kimmie Falstrøm']",['Natsværmer'],[],[''],[],[' 丹麦语']
[' 丹麦'],['Klaus Møller Nielsen'],['76'],['10'],"['Jannie Faurschou', 'Camilla Gottlieb', 'Kristian Halken', 'Kristian Ibler', 'Peter Hesse Overgaard']",['Udenfor'],['剧情'],[''],[],[' 丹麦语']
[' 丹麦'],"['Jeppe Vig Find', 'Marie Dalsgaard Rønn']",[],['07'],"['Signe Egholm Olsen', 'Mads Riisom', 'Esben Dalgaard Andersen']",['Landet af glas'],['奇幻'],[''],[],[' 丹麦语']
[' 丹麦'],['Oliver Zahle'],[],['09'],"['Hircano Soares', 'Liv Leman Brandorf', 'Arien Takiar', 'Tine Rangan Thiesgaard', 'Saswata Chatterjee']",['Iqbal &amp; den indiske juvel'],"['家庭', '冒险']",[''],[],[' 丹麦语']
[' 丹麦'],['Kasper Juhl'],[],['05'],"['Mie Gren', 'Rose Milling']",['Forever'],['剧情'],[''],[],[' 丹麦语']
[' 丹麦'],['Jannik Hastrup'],[],['03'],"['Magdalena Nonsgjogv Trantou', 'Tommy Kenter', 'Anne Marie Helger']","['Cirkeline, Coco og det vilde næsehorn']","['动画', '家庭']",[''],[],[' 丹麦语']
[' 丹麦'],['Pankaj Johar'],[],[],[],['Selling Children'],[],[''],[],[]
[' 丹麦 / 瑞典'],['Samanou Acheche Sahlstrøm'],['108'],[],"['Dar Salim', 'Lisa Carlehed', 'Francesc Garrido', 'Óscar Casas', 'Mario de la Rosa', 'Pernille Andersen', 'Yaiza Guimaré']",['Til vi falder'],['剧情'],[''],[],[' 英语 / 西班牙语 / 丹麦语 / 瑞典语']
[' 丹麦'],['Amir Rezazadeh'],['97'],[],"['Lucas Bitsch', 'Sidsel Hindhede', 'Thomas Raft']",['Løftet på broen'],['剧情'],[''],[],[' 丹麦语']
[' 丹麦'],['Peter Steenberg'],[],['09'],"['Christian Schrold', 'Michael Robdrup', 'Kasper Wagner', 'Stefan Lasse Petersen', 'Sarah Stilling Skrivergaard', 'Poul Parsberg']",['Alt Betyder Ingenting'],['喜剧'],[''],[],[' 丹麦语']
[' 丹麦'],['Kasper Kalle'],['90'],['12'],"['Rosalinde Mynster', 'Gustav Dyekjær Giese', 'Baard Owe', 'Karen-Lise Mynster', 'Peter Plaugborg', 'Rudi Køhnke', 'Brigitte Christensen']",['克里斯蒂安四世 Christian IV'],"['剧情', '历史']",[''],[],[' 丹麦语']
[' 丹麦'],['Kasper Juhl'],[],['10'],"['Julie Christiansen', 'Austa Lea Jespersen', 'Sofie Lassen-Kahlke', 'Mathilde Norholt', 'Preben Kristensen', 'Mie Gren', 'Claus Bue', 'Johannes Nymark']",['Månebrand'],['剧情'],[''],[],[' 丹麦语']
[' 丹麦 / 瑞典'],['Josefine Kirkeskov'],['79'],['10'],"['Sofia Helin', 'Sebnem Hassanisoughi', 'Pål Sverre Hagen']",['Lifeboat'],"['剧情', '惊悚']",[''],[],[' 英语 / 丹麦语 / 瑞典语']
[' 瑞典 / 丹麦'],"['Hugo Lilja', 'Pella Kagerman']",['106'],['09'],"['Arvin Kananian', 'Emelie Jonsson', 'Jamil Drissi', 'Pablo Salvador N.G.']",['安尼亚拉号 Aniara'],"['剧情', '科幻']",[''],[],[' 瑞典语 / 西班牙语 / 英语']
[' 丹麦 / 德国 / 捷克'],['卡斯珀·特里斯坦'],[],['11'],"['托尔·林德哈特', '乌尔里奇·汤姆森', ' 塞巴斯汀·杰森', '卡雷尔·多布雷', '娜塔莉·玛杜诺', '莫腾·霍尔斯特', '汤姆·拉斯齐哈', 'Rosalinde Mynster']",['爱情与战争 I Krig &amp; Kærlighed'],['剧情'],[''],[],[' 丹麦语 / 德语']
[' 芬兰 / 丹麦 / 克罗地亚'],['阿尔托·哈洛宁 Arto Halonen'],['102'],['03'],"['皮鲁·埃斯贝克', '乔什·卢卡斯', '赛伦·梅尔维尔', '帕梅拉·托拉', '拉德·舍博德兹加', 'Christopher Fulford', 'Johannes Lassen', '米科·诺西艾南', 'Sara Soulié', 'Rok Cvetkov']",['守护天使 The Guardian Angel'],['惊悚'],[''],[],[' 英语']
[' 德国 / 卢森堡 / 丹麦'],"['克里斯托弗·劳恩斯坦', '沃尔夫冈·劳恩斯坦', '肖恩·麦克科马克']",['86'],['04'],"['Franciska Friede', 'Joey Guila']",['路易斯与外星人 Luis &amp; the Aliens'],"['喜剧', '科幻', '动画', '家庭', '冒险']",[''],[],[' 德语']
[' 西班牙 / 法国 / 丹麦'],['海梅·罗萨莱斯'],['43'],"['05', '10']","['巴巴拉·莱涅', '亚历克斯·布伦德缪尔', '玛丽萨·帕雷德斯', '佩特拉·马丁内斯', '娜塔莉·玛杜诺', 'Oriol Pla', 'Chema del Barco', 'Carme Pla', 'Joan Botey']",['佩特拉 Petra'],['剧情'],[''],[],[' 西班牙语 / 加泰罗尼亚语']
[' 丹麦'],['奥勒·博内代尔'],['110'],['03'],"['拉斯马斯·伯格', 'Henrik Noël Olesen', '哈拉尔德·凯泽·赫尔曼', '丽克·路易丝·安德森', 'Jens Andersen', 'Lasse Lunderskov', 'Helle Fagralid', 'Laus Høybye', '彼得·米金特', 'Anders Heinrichsen']",['去曼德勒的路 Så Længe Jeg Lever'],"['剧情', '传记']",[''],[],[' 丹麦语']
[' 丹麦'],['奥勒·博内代尔'],['110'],['03'],"['拉斯马斯·伯格', 'Henrik Noël Olesen', '哈拉尔德·凯泽·赫尔曼', '丽克·路易丝·安德森', 'Jens Andersen', 'Lasse Lunderskov', 'Helle Fagralid', 'Laus Høybye', '彼得·米金特', 'Anders Heinrichsen']",['去曼德勒的路 Så Længe Jeg Lever'],"['剧情', '传记']",[''],[],[' 丹麦语']
[' 丹麦'],['Karsten Killerich'],['81'],['02'],[],['飞毯奇缘 Up and Away'],"['动画', '家庭']",[''],[],[' 丹麦语']
[' 阿根廷 / 丹麦'],"['巴莱里·贝尔图切利', 'Fabiana Tiscornia']",['107'],['01'],"['巴莱里·贝尔图切利', 'Anders Hvidegaard', '迭戈·维拉斯奎兹']",['恐惧女王 La reina del miedo'],['剧情'],[''],[],[' 西班牙语']
[' 丹麦 / 韩国'],['Malene Choi'],['85'],['01'],"['Thomas Hwan', 'Karoline Sofie Lee']",['回归之旅 The Return'],['剧情'],[''],[],[' 丹麦语 / 英语 / 韩语']
[' 丹麦'],['Mads Brügger'],['95'],['03'],"['Frederik Cilius', 'Flemming Sørensen', 'Rasmus Bruun', 'Vibeke Manniche', 'Mohamed Ali Osman']",['Sankt Bernhard Syndikatet'],['喜剧'],[''],[],[' 丹麦语 / 英语']
[' 丹麦'],['Laurits Flensted-Jensen'],[],[],"['Victoria Carmen Sonne', 'Noah Skovgaard Skands', 'Niklas Herskind']",['霓虹心脏 Neon Heart'],['剧情'],[''],[],[' 丹麦语']
[' 丹麦 / 冰岛'],['Martin Skovbjerg'],['93'],['11'],"['Natalia Reyes', 'Peder Thomas Pedersen', 'Patricia Schumann', 'Emma Sehested Høeg', 'Laufey Elíasdóttir']",['Brakland'],['剧情'],[''],[],[]
[' 丹麦'],['帕普丽卡·斯汀'],[],['09'],"['Sofie Gråbøl', '帕普丽卡·斯汀', 'Lars Brygmann', 'Fanny Leander Bornedal', 'Jacob Lohmann']",['Den Tid På Året'],['剧情'],[''],[],[' 丹麦语']
[' 冰岛 / 丹麦 / 瑞典'],['Börkur Sigþórsson'],['91'],['05'],"['Ingvar Sigurdsson', 'Marijana Jankovic', 'Anna Próchniak', 'Gísli Örn Garðarsson', 'Steinunn Ólína Þorsteinsdóttir', 'Baltasar Breki Samper', 'Kristín Þóra Haraldsdóttir']",['恶狼级 Vargur'],['惊悚'],[''],[],[' 冰岛语 / 波兰语 / 塞尔维亚语']
[' 丹麦'],['Hella Joof'],['96'],['12'],"['Charlotte Sieling', 'Birthe Neumann', 'Kurt Ravn', 'Tammi Øst', 'Claus Flygare']",['Happy Ending'],['喜剧'],[''],[],[' 丹麦语']
[' 丹麦 / 美国'],['Jacob Mikkelsen'],[],['11'],"['David Bateson', 'Matthew Gravelle', 'Jane Perry']",['Hitman 2'],"['动作', '犯罪', '冒险']",[''],[],[' 英语 / 西班牙语']
[' 丹麦'],['Kaspar Munk'],['90'],['10'],"['Gerda Lie Kaas', 'Sonja Richter', 'Signe Egholm Olsen', 'Vera Mi Fernandez Bachmann', 'Albert Werner Rønhard', 'May Simón Lifschitz', 'Henrik Mestad']",['荒野女巫 Vildheks'],"['家庭', '奇幻']",[''],[],[' 丹麦语']
[' 丹麦'],['Sohail A. Hassan'],[],['10'],"['Jakob Hasselstrøm', 'Razi Irawani', 'Sidse Kinnerup', 'Maria Fritsche', 'Baard Owe', 'Danny Thykær']",['Lad de døde hvile'],['恐怖'],[''],[],[' 丹麦语']
[' 丹麦'],['Simon Petersen'],[],[],"['Karim Theilgaard', 'Christopher Steen Pedersen', 'Tobias Lunn Nielsen']",['Sebi'],['剧情'],[''],[],[' 丹麦语']
