地区,导演,时长,月份,演员,电影名,类型,评分,评论数,语言
[' 丹麦 Denmark'],['安东尼奥·图布伦'],[],['10'],"['爱德华·斯皮伊尔斯', '佐伊·塔珀', '安东尼娅·坎贝尔-休斯', '扬·贝弗特', 'Lukas Loughran', 'Klaus Hjuler', '丹尼·泰凯尔', '帕特里克·卡尔森', '托马斯·恰兴']",['动物园 Zoo'],"['剧情', '喜剧', '恐怖']",['5.3'],['306'],[' 英语']
[' 丹麦 Denmark'],['Oliver Tonning'],['98'],['10'],[],['睡梦 Søvn'],"['剧情', '悬疑']",[''],[],[' 丹麦语 Danish']
[' 丹麦 Denmark'],['Amalie Greger'],['70'],['10'],"['Martín Elías', 'Amalie Greger', 'Charlotte Uldall Baatrup']",['平常的一天 As Good a Day as Any'],['剧情'],[''],[],[' 丹麦语 Danish']
[' 丹麦 Denmark'],['乌尔里奇·汤姆森'],[],[],"['艾文·布莱纳', 'Anthony Starr', 'W·厄尔·布朗', '蔡斯·凯利']",['Gutterbee'],[],[''],[],[' 英语']
