地区,导演,时长,月份,演员,电影名,类型,评分,评论数,语言
[' 乌拉圭 / 西班牙 / 阿根廷 / 法国 / 德国'],['阿尔瓦罗·布雷克纳'],['122'],"['09', '11']","['安东尼奥·德·拉·托雷', '奇诺·达林', '阿方索·托特', '凯撒·特龙科索', '索蕾达·维拉米尔', '西尔维娅·佩雷斯·克鲁兹', '米涅娜·帕斯夸尔', '尼迪亚·泰勒斯', '凯撒·博尔东']",['地牢回忆 La noche de 12 años'],"['剧情', '历史', '犯罪']",['7.7'],['1659'],[' 西班牙语']
[' 巴拉圭 / 德国 / 乌拉圭 / 巴西 / 挪威 / 法国'],['马塞洛·马蒂内斯'],['98'],"['02', '04']","['安娜·布伦', '玛加丽塔·伊伦', '安娜·伊万娜娃', '尼尔达·冈萨雷斯', '玛丽亚·马丁斯', '阿丽西亚·格拉', '海吉娜·杜阿尔奇']",['女继承者 Las herederas'],"['剧情', '同性']",['7.2'],['1799'],[' 西班牙语 / 瓜拉尼语']
[' 西班牙 / 阿根廷 / 乌拉圭'],['古斯塔沃·埃尔南德斯'],['106'],['06'],"['贝伦·鲁埃达', '艾娃·德·多米尼奇', '纳塔利娅·德·莫利纳', '日尔曼·帕拉西奥斯', '尤金尼亚·托巴尔', '胡安·曼努尔·圭雷拉', '玛丽亚·扎比', '玛利亚·阿尔方萨·罗索']",['无眠夜 No dormirás'],['恐怖'],['5.5'],['424'],[' 西班牙语']
[' 巴西 / 乌拉圭 / 德国'],['Gustavo Pizzi'],['95'],['01'],"['卡林·特莱斯', 'Otávio Müller', '阿德丽安娜·埃斯特维斯', 'Konstantinos Sarris', 'César Troncoso', '马德伍斯·索兰诺', 'Camilo Pellegrini', 'Ariclenes Barroso', 'Pablo Riera', 'Lucas Gouvêa']",['爱琳 Benzinho'],['剧情'],[''],[],[' 葡萄牙语']
[' 乌拉圭 / 墨西哥 / 西班牙'],['Federico Veiroj'],['74'],['09'],"['Gonzalo Delgado', 'Olivia Molinaro Eijo', 'Jeannette Sauksteliskis']",['贝尔蒙特 Belmonte'],"['剧情', '喜剧']",[''],[],[' 西班牙语']
