地区,导演,时长,月份,演员,电影名,类型,评分,评论数,语言
[' 以色列 Israel'],['Michal Aviad'],['93'],"['07(以色列)"">2018']","['Liron Ben-Shlush', '梅纳什·诺伊', '奥斯瑞·科恩']",['职业女性 Working Woman'],['剧情'],[''],[],[' 希伯来语 Hebrew']
[' 英国 / 以色列 Israel'],['Iris Zaki'],[],[],[],['Unsettling'],[],[''],[],[' 希伯来 Hebrew']
[' 以色列 Israel'],['Yona Rozenkier'],['90'],['08'],"['Claudia Dulitchi', 'Shmuel Edelman', 'Miki Marmur', 'Micha Rozenkier', 'Yoel Rozenkier', 'Yona Rozenkier', 'Daniel Sabag']",['潜水 The Dive'],"['剧情', '战争']",[''],[],[' 希伯来语 Hebrew / 意大利语']
[' 以色列 Israel / 巴西 Brazil'],['Jorge Gurvich'],['90'],[],"['Asaf Goldstien', '安东尼奥·贝特林']",['Back To Maracanã'],['剧情'],[''],[],[' 希伯来语 Hebrew']
[' 以色列 Israel'],['Avi Weissblei'],['84'],['05'],[],['The Assassination'],[],[''],[],[' 希伯来语 Hebrew']
[' 以色列 Israel'],['哈瓦·贝勒'],['120'],['01'],[],['石榴之国 In the Land of Pomegranates'],[],[''],[],[' 希伯来语 Hebrew / 阿拉伯 Arabic']
