地区,导演,时长,月份,演员,电影名,类型,评分,评论数,语言
[' 伊朗 / 英国 / 荷兰'],['阿里·贾比尔安萨里'],['102'],['10'],"['弗鲁格·凯哲贝格里', 'Mehdi Saki', 'Amir Hessam Bakhtiari', '贝纳兹·贾法里']",['德黑兰：爱之城 Tehran: City of Love'],['剧情'],['7.5'],['123'],[' 波斯语']
[' 美国 / 法国 / 伊朗'],['奥逊·威尔斯'],['122'],"['08', '11']","['约翰·休斯顿', '彼得·博格丹诺维奇', '苏珊·斯塔丝伯格', '奥雅·柯达', '莉莉·帕尔默', '艾德蒙·奥布莱恩', '梅赛德丝·麦坎布雷奇', '卡梅隆·米切尔', '皮特·杰森', '丹尼斯·霍珀', '本尼·鲁宾', '克洛德·夏布洛尔', '斯特凡·奥德朗', '亨利·雅格洛', '保罗·马祖斯基']",['风的另一边 The Other Side of the Wind'],['剧情'],['7.3'],['937'],[' 英语']
[' 伊朗'],['Pooya Badkoobeh'],['92'],['02'],"['内嘉尔·莫加达姆', '雅思那·米塔马斯', '阿里·莫沙法', 'Shabnam Moghadami', 'Alireza Sani Far', 'Alireza Aghakhani', 'Jalal Fatemi', 'Siamak Adib', 'Houshang Tavakoli', 'Behafarid Ghafarian', 'Lotfollah Seifi', 'Baset Rezaei', 'Shayan Fasihzadeh', 'Rambod Motalebi']",['盛装舞步 Dressage'],"['剧情', '惊悚']",['6.7'],['94'],[' 波斯语']
[' 伊朗'],['拉马丁·拉瓦菲浦'],['92'],['06'],[],['帽子戏法 Hattrick'],['剧情'],['6.6'],['107'],[' 波斯语']
[' 伊朗'],['贾法·帕纳西'],['100'],['05'],"['贝纳兹·贾法里', '贾法·帕纳西']",['三张面孔 سه چهره'],['剧情'],['6.5'],['1038'],[' 波斯语 / 阿塞拜疆语 / 土耳其语']
[' 伊朗'],['Alireza Motamedi'],[],['04'],"['Alireza Motamedi', 'Sahar Dolatshahi', 'Solmaz Ghani', 'Reza Davoudnejad', 'Setareh Pesyani']",['离婚了还来找我 Reza'],"['剧情', '爱情']",['5.9'],['78'],[' 波斯语']
[' 伊朗'],['Mohammad Ali Bashe Ahangar'],[],['02'],"['Babak Hamidian', 'Masoud Rayegany', '利萨·贝赫布迪', '米娜·沙达蒂', '胡马云·埃沙迪', 'Mahtab Nasirpour', 'Homan Bargh Navard', 'Setareh Eskandari', 'Shahram Haghighat Doost', 'Hossein Ahangar', 'Farrokh Nemati', 'Hadi Ghomeishi', 'Siavash Cheraghi Pour', 'Hasan Najarian', 'Hossein Fallah']",['水下雪松 سرو زیر آب'],"['剧情', '战争']",[''],[],[' 波斯语']
[' 伊朗'],['Behzad Khodaveisi'],['82'],[],[],['Dokhtaran Zemestan'],['剧情'],[''],[],[' 波斯语']
[' 伊朗'],['Kamal Tabrizi'],['90'],[],"['哈穆德·贝哈德', 'Vishka Asayesh', 'Azadeh Samadi']",['诈骗 Sly'],"['剧情', '喜剧']",[''],[],[' 波斯语']
[' 伊朗'],['巴曼·法玛纳拉'],['127'],[],"['巴曼·法玛纳拉', '蕾拉·哈塔米', '法特梅赫·莫塔梅德-阿尔娅', 'Saber Abar', 'Ali Nassirian', 'Roya Nonahali', '阿里·莫沙法']",['Hekayat-e Darya'],['剧情'],[''],[],[]
[' 伊朗'],[],['8'],[],[],['Tulsa'],[],[''],[],[]
[' 伊朗'],['Bahman Kamyar'],['80'],['06'],"['Zhaleh Sameti', 'Iraj Sanjari', 'Mohammad Reza Ghaffari', ""Ra'na Azadivar"", 'Mohsen Kiayee', 'Roya Javidnia', 'Ehsan Amani']",['در وجه حامل'],['剧情'],[''],[],[' 波斯语']
[' 伊朗'],['巴曼·法玛纳拉'],['85'],['06'],"['Reza Kianian', '马纳兹·阿什哈尔', 'Mohammad Reza Golzar']",['我想跳舞 I Want to Dance'],"['剧情', '喜剧']",[''],[],[' 波斯语']
[' 伊朗'],['Farzad Khoshdast'],['79'],['03'],[],['A Woman Without a Name'],[],[''],[],[' 波斯语']
[' 伊朗'],['Khosrow Masoumi'],[],"['02(黎明电影节)"">2018']",[],['کار کثیف'],[],[''],[],[]
[' 伊朗'],['Tina Pakravan'],[],[],[],['Los Angeles/Tehran'],[],[''],[],[' 波斯语']
[' 伊朗'],['Manijeh Hekmat'],[],['02'],"['Mohammad Reza Ghaffari', 'Mohammed Reza Hedayati', '贝纳兹·贾法里', 'Mahtab Karamati', 'Tarlan Parvaneh', 'Atila Pesiani', 'Parviz Poorhosseini', 'Pouria Rahimi', 'Leili Rashidi', 'Banipal Shoomoon', '希尔·亚齐丹巴克什', 'Hoda Zeinolabedin']",['旧路 جاده قدیم'],['剧情'],[''],[],[' 波斯语']
[' 伊朗'],['Abolhassan Davoodi'],['122'],[],"['Reza Attaran', 'Javad Ezati', 'Sara Bahrami']",['哈扎帕 Hezarpa'],['喜剧'],[''],[],[]
[' 伊朗'],['Payman Maadi'],[],['02'],[],['轰炸 بمب؛ یک عاشقانه'],"['剧情', '战争']",[''],[],[' 波斯语']
[' 伊朗'],['Nima Salehyiar'],['79'],[],"['Samira Zoka’ee', 'Maryam Boobani', 'Nastaran Mohammadi']",['Kejal'],['剧情'],[''],[],[' 波斯语']
[' 伊朗'],['Mostafa Razagh Karimi'],['80'],[],[],['بانو قدس ايران'],[],[''],[],[]
[' 伊朗'],['Hamid Zargar Nezhad'],[],[],"['Saed Soheili', 'Mitra Hajjar', 'Kamran Tafti', 'Bahareh Kian Afshar', 'Ahmad Kavari', 'Mehdi Sabayi', 'Mona Farjad', 'Yusef Moradian', 'Mohsen Afshani', 'Malek Seraj', 'Dariush Arjmand']",['ماهورا'],['剧情'],[''],[],[' 波斯语']
[' 伊朗'],['Pouria Azarbayejani'],[],[],[],['جشن دلتنگی'],[],[''],[],[]
[' 伊朗'],['Parviz Sheikh Tadi'],[],[],"['Ali Nassirian', 'Alirum Nurai', 'Saba Kamali', 'Mohammad Kasebi', 'Enayatallah Shafii', 'Farzin Mohades', 'Esmaeel Khalaj', 'Farrokh Nemati', 'Mehdi Faghih', 'Kourosh Zarei']",['امپراطور جهنم'],['剧情'],[''],[],[' 波斯语']
[' 伊朗'],['Zanyar Azizi'],['82'],[],[],['Inja Har Roz Zemestan Ast'],[],[''],[],[]
[' 伊朗'],['Abbas Amini'],['88'],['02'],"['Hamed Alipour', 'Zohreh Eslami', 'Asma Daneh-Chin', 'Mohammad Banouj']",['Hendi &amp; Hormoz'],"['剧情', '爱情']",[''],[],[' 波斯语']
[' 伊朗'],['Nima Eghlima'],['106'],['02'],[],['阿米尔 امیر'],[],[''],[],[]
[' 伊朗'],['Mohammad Hossein Mahdavian'],['105'],"['02', '03']","['哈米德·法罗赫内扎德', 'Saed Soheili', 'Ziba Karamali', 'Hadi Hejazifar', 'Javad Ezati', 'Nader Soleymani', 'Mahsa Bagheri', 'Alireza Ostadi', 'Mahdi Zaminpardaz']",['لاتاری'],"['剧情', '爱情', '惊悚']",[''],[],[' 波斯语 / 英语']
[' 伊朗'],['Rouhollah Hejazi'],['102'],['02'],"['萨瑞·巴亚特', 'Saed Soheili']",['暗室 اتاق تاریک'],['剧情'],[''],[],[' 波斯语']
[' 伊朗'],['Reza Fahimi'],['79'],[],"['戈拉布·阿迪娜', 'Shams Langroudi']",['爱若重生 Life Again'],['剧情'],[''],[],[' 波斯语']
[' 伊朗'],['苏海尔·贝拉吉'],['88'],['02'],"['巴兰·科萨里', '阿米尔·扎迪迪', 'Leili Rashidi', 'Hoda Zeinolabedin', '萨哈尔·多拉沙西']",['铿锵玫瑰 عرق سرد'],"['剧情', '运动']",[''],[],[' 波斯语']
[' 伊朗'],['Amirali Mokaraminejad'],[],[],[],['پایان نزدیک است'],[],[''],[],[]
[' 伊朗'],['哈迪·默哈黑'],['80'],['10'],"['Hamdollah Azizi', 'Mohammad Azarakhsh']",['此地 Iro'],['剧情'],[''],[],[' 波斯语']
[' 伊朗'],['曼尼·夏希希'],['108'],['02'],"['Hasan Majuni', '蕾拉·哈塔米', 'Leili Rashidi', 'Parinaz Izadyar', '阿里·巴格利']",['猪 خوک'],['剧情'],[''],[],[' 波斯语']
[' 伊朗'],['易卜拉欣·哈塔米基亚'],['120'],"['02', '03']","['Babak Hamidian', 'Hadi Hejazifar', 'Pierre Dagher']",['大马士革时间 به وقت شام'],"['剧情', '战争']",[''],[],[' 波斯语']
[' 伊朗'],['Behrouz Shoaybi'],['91'],['06'],"['Amin Hayayee', 'Sara Bahrami']",['解雇 Axing'],['剧情'],[''],[],[' 波斯语']
[' 伊朗'],['图拉杰·阿斯拉尼'],['85'],['10'],"['Hossein Ahmadinia', 'Saeed Aghakhani', 'Lotfollah Seyfi', 'Jaleh Sameti']",['黄金载体 Gold Carrier'],['剧情'],[''],[],[]
[' 阿富汗 / 伊朗'],['Jamshid Mahmoudi'],['89'],['10'],"['萨义德·昌吉赞', 'Mohsen Tanabandeh', 'Mojtaba Pirzadeh', 'Fatemeh Hosseini', 'Fereshteh Hosseini', 'Fatemeh Mirzaei', 'Alireza Ostadi', 'Ollah Ahangaran', 'Mehran Mamdooh', 'Ahmad Hosseini']",['罗娜，阿齐姆的母亲 رونا مادر عظیم'],['剧情'],[''],[],[' 波斯语 / 达里语']
[' 伊朗'],['Ebrahim Ebrahimiyan'],['90'],[],[],['ZERO FLOOR'],[],[''],[],[]
[' 伊朗'],['Rahim Toofan'],['83'],[],"['Saeid Aghakhani', 'Leila Zare']",['A heart for any Eye'],['剧情'],[''],[],[' 波斯语']
[' 伊朗'],['Abbas Nezamdoost'],['94'],[],"['阿里·莫沙法', 'Negar Javaherian']",['狼人杀疑案 A Bigger Game'],"['悬疑', '惊悚', '犯罪']",[''],[],[' 伊朗']
[' 伊朗'],['Arash Zaare'],['102'],[],"['Arash Asefi', 'Mitra Hajjar']",['When I Became A Butterfly'],[],[''],[],[' 波斯语']
[' 伊朗'],['Ali Ebrahimi'],[],[],"['Khatereh ASADI', 'Shiva MAKINIAN']",['炽热的香气 عطر داغ'],['剧情'],[''],[],[' 波斯语']
[' 伊朗'],['Maryam Bahrololumi'],['83'],['04'],"['贝纳兹·贾法里', 'Mohadeseh Heyrat', 'Karim Amini', 'Pouria Poursorkh', '巴巴克·安萨里', 'Shaghayegh Farahani', 'Hossein Maleki', 'Yasaman Torabi']",['پاسیو'],['剧情'],[''],[],[' 波斯语']
[' 伊朗'],['哈曼·赛耶迪'],['102'],['02'],"['纳维德·穆罕默德扎德', '法尔哈德·阿斯兰尼', '法里德·萨贾蒂·侯赛尼', 'Marjan Ettefaghian', 'Navid Pourfaraj', 'Nazanin Bayati', 'Ladan Zhaveh Vand']",['群羊 مغز\u200cهای کوچک زنگ زده'],['剧情'],[''],[],[' 波斯语']
[' 捷克 / 波兰 / 伊朗'],['Kaveh Daneshmand'],[],[],[],['The One of the Whale'],['剧情'],[''],[],[' 捷克语 / 波兰语']
