地区,导演,时长,月份,演员,电影名,类型,评分,评论数,语言
[' 伊朗 Iran'],['Arash Lahooti'],[],['09'],[],['香橙的滋味 Orange Days'],['剧情'],[''],[],[]
[' 伊朗 Iran'],['巴拉姆·塔瓦克力'],['95'],['02'],"['Javad Ezati', 'Hamid Reza Azarang', '阿米尔·扎迪迪']",['失落的海峡 تنگه ابوقریب'],"['剧情', '战争']",[''],[],[]
[' 伊朗 Iran'],['Behrouz Nooranipour'],['80'],[],"['Naser Babaeian', 'Bahar Maroofi', 'Azar-Hamid Jafari']",['Dayan'],"['剧情', '家庭', '战争']",[''],[],[' Kurdish']
[' 伊朗 Iran'],['Hatef Alimardani'],['86'],[],"['Farhad Aslani', 'Saeed Poursamimi', 'Shabnam Moghaddami']",['Columbus'],[],[''],[],[' Persian']
