地区,导演,时长,月份,演员,电影名,类型,评分,评论数,语言
[' 美国 / 俄罗斯'],['阿尼什·查甘蒂'],['102'],"['12', '01', '08']","['约翰·赵', '米切尔·拉', '黛博拉·梅辛', '约瑟夫·李', '萨拉·米博·孙', '亚历克丝·杰恩·高', '刘玥辰', '刘卡雅', '多米尼克·霍夫曼', '西尔维亚·米纳西安', '梅丽莎·迪斯尼', '康纳·麦克雷斯', '科林·伍德尔', '约瑟夫·约翰·谢尔勒', '阿什丽·艾德纳', '考特尼·劳伦·卡明斯', '托马斯·巴布萨卡', '朱莉·内桑森', '罗伊·阿布拉姆森', '盖奇·比尔托福', '肖恩·奥布赖恩', '瑞克·萨拉比亚', '布拉德·阿布瑞尔', '加布里埃尔·D·安吉尔']",['网络谜踪 Searching'],"['剧情', '悬疑', '惊悚', '犯罪']",['8.6'],['285614'],[' 英语']
[' 俄罗斯'],['Igor Marchenko'],[],"['01(俄罗斯)"">2018']","['伊格·克里普诺夫', 'Svetlana Levicheva', 'Maxim Lagashkin']",['手 РУКА'],['剧情'],['8.4'],['155'],[' 俄语']
[' 美国 / 英国 / 塞浦路斯 / 俄罗斯'],['提莫·贝克曼贝托夫'],['105'],['02'],"['瓦伦·凯恩', '沙扎德·拉蒂夫', '克里斯蒂尼·亚当斯', '摩根·华金斯', 'Emma Cater', 'Louis Martin', 'Amir Rahimzadeh']",['网诱惊魂 Profile'],"['剧情', '惊悚']",['8.1'],['176'],[' 英语']
[' 俄罗斯'],['基里尔·谢列布连尼科夫'],['126'],"['05', '06']","['刘太旿', '伊琳娜·斯达申鲍姆', '罗曼·比利克', '菲利普·阿杰耶夫', '亚历山大·戈尔奇林', '尼基塔·叶甫列莫夫', '尤利娅·奥格', '叶莲娜·科连诺娃', '莉亚·阿赫扎科娃', '安东·阿达辛斯基']",['盛夏 Лето'],"['音乐', '传记']",['7.8'],['6287'],[' 俄语']
[' 俄罗斯'],['阿列克赛·西多洛夫'],['139'],['12'],"['亚历山大·佩特罗夫', '文森兹·凯弗', '维克多·多勃朗拉沃夫', '伊琳娜·斯达申鲍姆', '谢苗·特列斯库诺夫', '尤利斯·鲍里索夫', '阿尔焦姆·贝斯特罗夫', '约书亚·格罗斯', '伊格·克里普诺夫', '彼得·斯科沃尔佐夫']",['T-34坦克 T-34'],"['动作', '历史', '战争']",['7.6'],['8895'],[' 俄语']
[' 俄罗斯 / 德国 / 波兰 / 哈萨克斯坦 / 中国大陆 / 法国'],['谢尔盖·德瓦茨沃伊'],['100'],['05'],"['萨梅尔·叶斯利亚莫娃', 'Zhipargul Abdilaeva', 'David Alaverdyan', 'Sergey Mazur', 'Slava Agashkin', 'Ashkat Kuchinchirekov']",['小家伙 Айка'],['剧情'],['7.6'],['1196'],[' 俄语 / 吉尔吉斯语']
[' 俄罗斯'],['丹尼拉·科兹洛夫斯基'],['137'],"['06', '04']","['丹尼拉·科兹洛夫斯基', '伊琳娜·戈尔巴乔娃', '安德烈·斯莫利亚科夫', '奥莉亚·祖耶娃', '弗拉基米尔·伊利因', '维伦·巴比切夫', '维克多·维尔比斯基', '维塔利亚·安德烈夫']",['最后一球 Тренер'],"['剧情', '运动']",['7.5'],['5874'],[' 俄语']
[' 俄罗斯'],['阿列克谢·费多尔琴科'],['74'],['01'],['Marta Kozlova'],['安娜的战争 Война Анны'],"['剧情', '战争']",['7.5'],['85'],[' 波兰语']
[' 俄罗斯'],['斯坦尼斯拉夫·索科洛夫'],['73'],['06'],"['Natalya Fisson', 'Vladimir Koshevoy', 'Slawa Polunin']",['霍夫曼奇遇记 Гофманиада'],"['动画', '传记']",['7.5'],['99'],[' 俄语']
[' 白俄罗斯 / 美国 / 德国 / 俄罗斯'],['Darya Zhuk'],['95'],"['07', '08']","['尤利斯·鲍里索夫', 'Alina Nasibullina', 'Ivan Mulin', 'Anastasia Garvey', 'Natalya Onishenko', 'Ilya Kapanets', 'Svetlana Anikey', 'Lyudmila Razumova', 'Vyacheslav Shakalido']",['水晶天鹅 Хрусталь'],['剧情'],['7.2'],['117'],[' 俄语 / 英语']
[' 俄罗斯 / 爱沙尼亚 / 法国'],"['阿列克谢·丘波夫', '娜塔莉亚·梅尔库洛娃']",['105'],['09'],"['阿列克谢·菲利蒙诺夫', '纳塔莉娅·库德拉什瓦', 'Yuriy Kuznetsov', '帕维尔·迈科夫', '叶甫盖尼·齐加诺夫', '马克西姆·维托尔甘', 'Elena Voronchikhina']","['哗众之人 Человек, который удивил всех']",['剧情'],['7.2'],['113'],[' 俄语']
[' 俄罗斯 / 波兰 / 塞尔维亚'],['小阿列克谢·日耳曼'],['126'],['02'],"['米兰·马里奇', '丹尼拉·科兹洛夫斯基', '海伦娜·苏耶茨卡', '阿尔图尔·别夏斯特内', '叶莲娜·利亚多娃', '安东·沙金', '斯维特拉纳·库德钦科娃', '彼得·戈萨沃斯基', '伊娃·格尔', '汉娜·斯莱辛斯卡']",['多甫拉托夫 Довлатов'],"['剧情', '传记']",['7.2'],['872'],[' 俄语 / 西班牙语 / 芬兰语']
[' 俄罗斯'],['Aleksandr Aravin'],['96'],['06'],"['伊戈尔·别特连科', 'Ayub Tsingiev', 'Aleksey Vertkov']",['清算行动 Reshenie o likvidatsii'],['动作'],['6.9'],['73'],[' 俄语']
[' 俄罗斯'],['埃格尔·巴拉诺夫'],['144'],['08'],"['帕维尔·杰列维扬科', '欧列格·缅希科夫', '亚历山大·佩特罗夫', '叶夫根尼·斯迪查金', '玛尔塔·蒂莫菲娃', '泰西娅·维尔科娃']",['果戈里·复仇 Гоголь. Страшная месть'],"['悬疑', '惊悚', '奇幻', '冒险']",['6.9'],['566'],[' 俄语']
[' 俄罗斯'],['奥列格·特罗费姆'],['113'],"['03', '02']","['阿格拉娅·塔拉索娃', '亚历山大·佩特罗夫', '米洛斯·比柯维奇', '玛丽亚·阿龙诺娃', '瑟妮娅·拉芙洛娃-格林卡', '彦·萨普尼克', '克谢尼娅·拉波波尔特', '维伦·巴比切夫', '帕维尔·迈科夫', '伊琳娜·斯达申鲍姆']",['花滑女王 Лёд'],"['剧情', '爱情', '运动']",['6.8'],['14178'],[' 俄语']
[' 俄罗斯'],['拉斯塔姆·莫沙菲尔'],['105'],['01'],"['阿列克谢·法迪耶夫', '亚历山大·库兹涅佐夫', '尤里·楚里洛', '伊兹马洛娃·瓦西里萨', '拉斯塔姆·莫沙菲尔']",['塞西亚：复仇之剑 Скиф'],"['剧情', '动作', '奇幻']",['6.7'],['1477'],[' 俄语']
[' 俄罗斯'],['埃格尔·巴拉诺夫'],['100'],['04'],"['亚历山大·佩特罗夫', '欧列格·缅希科夫', '谢尔盖·巴杜克', '尤丽雅·弗朗茨', '叶夫根尼·斯迪查金', '叶夫根尼·西蒂', '阿尔乔姆·特卡琴科', '阿列克谢·沃特考夫', '泰西娅·维尔科娃', '基里尔·扎耶采夫']",['果戈里·恶灵 Гоголь. Вий'],"['悬疑', '惊悚', '冒险']",['6.5'],['859'],[' 俄语']
[' 俄罗斯'],['迪米特里·图灵'],['98'],['02'],"['Kristina Brodskaya', '叶莲娜·利亚多娃', 'Alexander Korshunov']",['激战阵线 Рубеж'],"['科幻', '战争']",['6.4'],['73'],[' 俄语']
[' 俄罗斯'],['康斯坦丁·哈宾斯基'],['110'],['04'],"['康斯坦丁·哈宾斯基', '克里斯多弗·兰伯特', '玛利亚·科热夫尼科娃', '米卡丽娜·欧赞思佳', '菲利普·莱因哈特', '沃尔夫冈·塞尔尼']",['索比堡 Собибор'],"['历史', '战争']",['6.3'],['382'],[' 俄语']
[' 俄罗斯'],['基姆·德鲁日宁'],['95'],['04'],"['安德烈·梅尔兹利金', '阿格拉娅·塔拉索娃', 'Aleksandr Tyutin', 'Sergey Chetvertkov', 'Anton Filipenko', 'Aleksey Ovsyannikov', 'Sergey Stukalov', 'Nikolay Gorshkov']",['坦克 Танки'],"['喜剧', '动作', '历史']",['6.3'],['369'],[' 俄语']
[' 俄罗斯'],['康斯坦京·马克西莫夫'],['90'],['10'],"['安德烈·切尔内绍夫', '弗拉基米尔·叶皮凡采夫', '奥列格·福明']",['坚不可摧 Несокрушимый'],"['剧情', '历史', '战争']",['6.1'],['368'],[' 俄语 / 德语']
[' 中国大陆 / 印度 / 巴西 / 俄罗斯 / 南非'],"['刘雨霖', '丹妮拉·托马斯', '伊丽莎维塔·斯蒂肖娃', '阿什维尼·伊耶·蒂瓦里', '萨拉·布兰克']",['99'],['10'],"['玛丽亚·海伦娜·迪拉兹', '翟·巴普蒂斯塔', '奥嘉·多布里娜', '亚历山大·库丁', '沙克希·坦沃', '王珞丹', '刘蓓', '宗平', '曼迪萨·恩杜纳']",['半边天'],['剧情'],['6.1'],['441'],[' 汉语普通话 / 印地语 / 葡萄牙语 / 俄语 / 英语']
[' 俄罗斯'],"['阿列克山大·博古斯拉夫斯基', '弗朗西斯科·钦奎马尼']",['101'],['03'],"['柳波芙·阿克肖诺娃', '阿纳斯塔西亚·安尼霍夫斯卡亚', '谢尔盖·阿斯塔霍夫', '维伦·巴比切夫', '安东尼奥·班德拉斯', '米洛斯·比柯维奇', '尤里·切里辛', '叶夫根尼·斯迪查金', '佩塔尔·泽卡维卡']",['超越边缘 Za granyu realnosti'],"['动作', '奇幻', '冒险']",['5.2'],['662'],[' 俄语']
[' 俄罗斯'],['Anton Zenkovich'],['80'],['06'],"['Egor Kharlamov', '桑扎尔·马季耶夫', 'Garik Petrosyan', 'Irina Temicheva', 'Stepan Yurpalov', 'Sofya Zaika', 'Anastasiya Zenkovich']",['鬼照片 Фото на память'],"['惊悚', '恐怖']",['4.8'],['229'],[' 俄语']
[' 俄罗斯'],['Svyatoslav Podgaevskiy'],['87'],['07'],"['维多利亚·阿加拉科娃', '埃菲姆·彼得鲁宁', '尼基塔·埃列涅夫', '塞西尔·普尔哲', '伊格·克里普诺夫', '索菲亚·什德洛夫斯卡娅', '达利亚·亚尔茨瓦夫', '德米特里·亚采尔', '阿拉·阿塔莫诺娃', '埃米尔·沙莱斯', '霍普·伊戈什娜']",['美人鱼之死亡湖 Русалка: Озеро мёртвых'],"['爱情', '恐怖', '奇幻']",['4.5'],['554'],[' 俄语']
[' 俄罗斯 / 捷克 / 瑞士 / 荷兰'],['Vladimir Rakshá'],[],[],['茵格保加·达坤耐特'],['生命时间 Жизнь Раз'],[],[''],[],[]
[' 俄罗斯'],['Alexander Novikoy-Yanginov'],[],[],['维克托·苏霍卢科夫'],['梦碎 Звёзды'],['剧情'],[''],[],[' 俄语 / 乌兹别克语']
[' 俄罗斯'],['Igor Kagramanov'],[],[],[],['Пусть будет Лиза'],['剧情'],[''],[],[]
[' 俄罗斯'],['Evgeniy Dakot'],[],[],"['Natalya Anisimova', 'Evgeniy Dakot', 'Vladimir Seleznyov']",['Ya schastliv'],['剧情'],[''],[],[' 俄语']
[' 俄罗斯'],['Aleksandr Aravin'],['94'],[],"['Igor Petrenko', 'Alexei Vertkov', 'Aleksei Shevchenkov']",['Решение о ликвидации'],"['剧情', '动作', '惊悚', '战争']",[''],[],[]
[' 俄罗斯'],['杨歌'],[],[],"['杨歌', 'Daria Yastrebova', 'Evgeniy Romantsov']",['牛 НЮ'],['剧情'],[''],[],[' 俄语']
[' 亚美尼亚 / 塞浦路斯 / 俄罗斯 / 瑞典 / 瑞士'],['Alexey Zlobin'],['95'],['07'],[],['幻想与现实 Lorik'],['剧情'],[''],[],[' 亚美尼亚语']
[' 俄罗斯'],[],[],[],[],['Enchanted Princess'],[],[''],[],[]
[' 俄罗斯'],['Elena Hazanov'],[],[],"['尤莉娅·亚历山德罗娃', '巴乌莉娜·安德烈耶娃', '莉莎·阿尔扎马索娃', '亚历山德拉·伯蒂奇', '叶夫根尼娅·希里夫斯卡娅', '安娜·邱丽娜', '尤里·切里辛', 'Olga Dibtseva', 'Georgiy Dronov', 'Elena Dudina', '谢尔盖·加尔马什', '尤里·库琴科', '马克西姆·拉加什金', '埃菲姆·彼得鲁宁', '阿纳托利·卢登科', '玛利亚·沙拉耶娃', '尤里·斯托亚诺夫']",['Lyubovnitsy'],['喜剧'],[''],[],[' 俄语']
[' 俄罗斯'],['Sergei Milyaev'],[],[],[],['BEMOL'],[],[''],[],[]
[' 俄罗斯'],['Oxana Karas'],[],[],[],['У ангела ангина'],[],[''],[],[]
[' 俄罗斯'],[],[],[],[],['Dvoe'],[],[''],[],[]
[' 俄罗斯'],['季莫费伊·库里亚宾'],['255'],['03'],"['Konstantin Telegin', 'Ilya Musyco', 'Anton Voynalovich']",['三姐妹 Three Sisters'],[],[''],[],[' 俄语']
[' 俄罗斯'],['Roman Zhigalov'],['97'],['04'],"['Oleg Shibayev', 'Natalya Rychkova']",['木材 Les'],['剧情'],[''],[],[' 俄语']
[' 俄罗斯'],['EVGENY TOKAREV'],[],[],[],['LIFE GOES ON'],[],[''],[],[]
[' 俄罗斯'],['Сергей Лялин'],['180'],['09'],"['Ольга Павловец, Алексей Фатеев, Илья Оболонков, Аделина Коблова, Елена Вербицкая, Ева Авеева, Даниил Вершинин']",['Мое сердце с тобой'],"['剧情', '喜剧', '爱情']",[''],[],[]
[' 俄罗斯'],['victor tatarsky'],['80'],['12'],"['aleskey mitin', 'darya lenda', 'kirill kuznetzov']",['A Stolen Life'],[],[''],[],[' 俄语']
[' 俄罗斯'],"['Alexey Kuzmin-Tarasov', 'Anna Kolchina']",[],[],[],['Одиссея Петра'],['剧情'],[''],[],[' 英语 / 德语 / 俄语 / 塞尔维亚语']
[' 俄罗斯'],['Tatiana Kiseleva'],['14'],[],[],['小顽童 Perfectly Naughty Kids'],"['剧情', '喜剧', '动画']",[''],[],[]
[' 俄罗斯'],['Daniil Demidov'],[],[],[],['REFRACTION'],[],[''],[],[]
[' 俄罗斯'],[],[],[],[],['Uspekh'],[],[''],[],[]
[' 俄罗斯'],[],[],[],"['弗兰西丝·费舍', '坎迪斯·麦克卢尔', '黛安·萨林格']",['Grace and Grit'],"['剧情', '喜剧', '爱情', '传记']",[''],[],[' 英语']
[' 俄罗斯'],['Vladimir Alenikov'],[],[],[],['Странники терпения'],[],[''],[],[]
[' 芬兰 / 俄罗斯 / 英国'],"['Arto Laukkanen', 'Riitta Jalonen']",['59'],[],[],['The Art of Expression'],[],[''],[],[' 英语']
[' 俄罗斯'],['德米特里·梅谢耶夫'],['100'],[],"['谢尔盖·加尔马什', 'Kamil Khardin', '伊琳娜·拉赫曼诺娃', 'Irina Rozanova', 'Mariya Skuratova', '娜塔莉亚·苏尔科娃', '叶甫盖尼·特卡丘克']",['Dva bileta domoy'],['剧情'],[''],[],[' 俄语']
[' 俄罗斯'],['Vladimir Bitokov'],['75'],[],"['Oleg Guseinov', 'Rustam Muratov']",['Glubokie reki'],['剧情'],[''],[],[' 俄语']
[' 俄罗斯'],['Aleksey Krasovskiy'],[],[],[],['Праздник'],[],[''],[],[]
[' 俄罗斯'],['victor tatarsky'],['80'],[],"['aleskey mitin', 'darya lenda']",['Chuzhaza Zhizn'],[],[''],[],[' 俄语']
[' 俄罗斯'],['Grigoriy Konstantinopolskiy'],[],[],[],['Русский Бес'],[],[''],[],[]
[' 俄罗斯'],['Timofey Zhalnin'],[],[],"['Anton Momot', 'Tatyana Polosina', 'Andrey Shchepochkin']",['Двое'],[],[''],[],[]
[' 俄罗斯'],['Viktor Tatarskiy'],[],[],[],['别人的生活 Чужая жизнь'],"['剧情', '历史', '战争']",[''],[],[' 俄语']
[' 俄罗斯'],['Dunya Smirnova'],[],[],[],['一个任务的故事 История одного назначения'],"['剧情', '历史']",[''],[],[' 俄语']
[' 俄罗斯'],['Denis Silyakov'],['85'],"['12(俄罗斯)"">2018']",[],['Потерянный остров'],"['剧情', '悬疑', '惊悚']",[''],[],[' 俄语']
[' 爱沙尼亚 / 俄罗斯'],['Andres Puustusmaa'],[],['01'],"['Jüri Aarma', 'Tonu Kark', 'Sergey Makovetskiy']",['绿猫 Rohelised kassid'],['剧情'],[''],[],[' 爱沙尼亚语 / 俄语']
[' 俄罗斯'],['Marius Balchunas'],['96'],['06'],"['弗拉基米尔·雅格雷奇', '帕维尔·杰列维扬科', 'Kseniya Teplova', '娜塔莉亚·巴尔多', 'Igor Jijikine', 'Valentina Mazunina', 'Elena Valyushkina']",['夜班 Ночная смена'],['喜剧'],[''],[],[' 俄语']
[' 俄罗斯'],['Ilya Kazankov'],[],['09'],[],['Позвоните Мышкину'],[],[''],[],[]
[' 俄罗斯'],['Victor Chichaykin'],[],"['09(俄罗斯)"">2018']",[],['Азор'],"['剧情', '历史']",[''],[],[' 厄尔兹亚语']
[' 俄罗斯 / 意大利'],['安德烈·康查洛夫斯基'],['120'],[],"['Alberto Testone', '翁贝托·奥尔西尼', 'Nicola Adobati', 'Massimo De Francovich', 'Nicola De Paola']",['罪恶 Mostro'],['剧情'],[''],[],[' 意大利语']
[' 拉脱维亚 / 俄罗斯'],['Sergey Livnev'],[],[],"['Aleksey Serebryakov', 'Daniel Olbrychski', 'Natalya Negoda', 'Evgeniy Tkachuk', 'Dainis Grube', 'Elena Koreneva', 'Olga Ostroumova']",['Van Gogi'],['剧情'],[''],[],[' 俄语']
[' 俄罗斯'],['Michael Raschodnikow'],['95'],['11'],"['Anna Banshchikova', 'Andrey Smolyakov', '马克西姆·维托尔甘']",['棱镜 Martian'],['科幻'],[''],[],[' 俄语']
[' 美国 / 俄罗斯'],['Jessica Oreck'],['92'],[],[],['死了一百万次的男人 One Man Dies a Million Times'],"['剧情', '历史']",[''],[],[' 俄语']
[' 俄罗斯'],['Sergey Khodich'],['70'],['02'],"['Marina Gavrilyk', 'Alex Wesley']",['Tumors3: Doctor Nightmare'],"['剧情', '惊悚', '恐怖']",[''],[],[' 俄语']
[' 俄罗斯'],['Atana Agrba'],['17'],['10'],[],['汽水铺的老乔 Лимонадный Джо'],['剧情'],[''],[],[' 阿布哈兹语']
[' 俄罗斯'],['Grigoriy Konstantinopolskiy'],[],[],[],['Русский Бес'],[],[''],[],[]
[' 俄罗斯'],['Timofey Zhalnin'],[],[],"['Anton Momot', 'Tatyana Polosina', 'Andrey Shchepochkin']",['Двое'],[],[''],[],[]
[' 俄罗斯'],['Andrey Valdberg'],[],[],[],['МЕСТО!'],[],[''],[],[]
[' 俄罗斯'],['Viktor Alferov'],[],[],['安德烈·梅尔兹利金'],['沙棘之夏 Облепиховое лето'],"['剧情', '历史']",[''],[],[]
[' 俄罗斯'],['Konstantin Lopushanskiy'],['139'],[],"['maxim suchanov', 'vasilisa denisova']",['Сквозь чёрное стекло'],['剧情'],[''],[],[' 俄语']
[' 俄罗斯'],['Oxana Karas'],[],[],[],['У ангела ангина'],[],[''],[],[]
[' 俄罗斯'],['Pavel Moskvin'],[],[],[],['Пустота'],[],[''],[],[]
[' 格鲁吉亚 / 俄罗斯'],['Nino Zhvania'],[],"['09(多伦多电影节)"">2018']","['Guga Kotetishvili', 'Goga Pipinashvili', 'Archil Kikodze']",['游行 აღლუმი'],['剧情'],[''],[],[' 格鲁吉亚语']
[' 俄罗斯'],['基里尔·普雷特涅夫'],['97'],['10'],"['柳波芙·阿克肖诺娃', 'Yuriy Bigulov', '伊琳娜·奇皮然科', '叶夫根尼娅·德米特里娃', 'Roman Evdokimov', 'Ekaterina Gudina', 'Darya Gushchina', 'Anna Kamenkova', 'Vladislav Kaptur', 'Seseg Khapsasova', '波琳娜·马克西莫娃', '林奈·穆罕默托夫', '基里尔·普雷特涅夫', '弗拉基米尔·雅格雷奇']",['没有我 Без меня'],"['剧情', '悬疑', '惊悚']",[''],[],[' 俄语']
[' 俄罗斯 / 立陶宛'],['纳塔莉娅·梅什查尼诺娃'],['120'],['09'],"['Stepan Devonin', '德米特里·珀德诺佐夫', 'Yana Sekste']",['世界之心 Сердце мира'],['剧情'],[''],[],[' 俄语']
[' 俄罗斯'],['亚历山大·戈尔奇林'],['97'],['10'],"['Filipp Avdeyev', 'Aleksandr Kuznetsov', '德米特里·库利奇科夫']",['酸 Кислота'],[],[''],[],[' 俄罗斯语']
[' 俄罗斯'],['Anton Bilzho'],['117'],['08'],"['Olga Tsirsen', 'Daniil Steklov', 'Egor Morozov']",['矛盾 Амбивалентность'],['剧情'],[''],[],[' 俄语']
[' 乌克兰 / 俄罗斯 / 荷兰 / 德国 / 瑞典'],['Ilya Khrjanovsky'],['180'],['04'],"['Teodor Kurentzis', 'Radmila Schiogoleva']",['列夫·朗道 Дау'],"['剧情', '传记', '历史']",[''],[],[' 俄语']
[' 俄罗斯'],['Vera Glagoleva'],['77'],['11'],[],['家就是个坑 Не чужие'],['剧情'],[''],[],[' 俄语']
[' 俄罗斯'],"['罗伯特·伦塞', '阿列克谢·特斯蒂斯林', '刘凌峰']",['86'],['12'],[],['冰雪女王4：魔镜世界 The Snow Queen: Mirrorlands'],"['动画', '家庭', '奇幻', '冒险']",[''],[],[' 俄语']
[' 俄罗斯'],['Eduard Novikov'],['80'],"['04(莫斯科国际电影节)"">2018', '11']","['Stepan Petrov', 'Zoya Popova', 'Afanasi Fyodorov', 'Prokopiy Danilov', 'Prokopiy Ivanov']",['鹰王 Тойон Кыыл'],['剧情'],[''],[],[' 雅库特语 Yakut']
[' 俄罗斯'],['Aleksey Nuzhnyy'],['102'],['03'],"['Aleksandra Bortich', '伊琳娜·戈尔巴乔娃', 'Evgeniy Kulik', '谢尔盖·希纳罗维']",['瘦身大作战 Я худею'],['喜剧'],[''],[],[' 俄语']
[' 俄罗斯'],['萨里·奥德赛耶'],['111'],"['06', '09']","['德米特里·纳吉耶夫', '罗扎·哈伊鲁林娜', 'Mikhail Safronov', 'Samvel Muzhikyan', 'Marjan Avetisyan']",['空难疑云 Непрощенный'],['剧情'],[''],[],[' 俄语']
[' 俄罗斯'],['丹尼斯·切尔诺夫'],['85'],['04'],[],['开心球：似曾相识 Смешарики. Дежавю'],"['喜剧', '动画', '冒险']",[''],[],[' 俄语']
[' 俄罗斯'],['Kirill Sokolov'],['100'],[],"['维塔利·哈耶夫', '亚历山大·库兹涅佐夫', 'Evgeniya Kregzhde']","['Papa, sdokhni']",['剧情'],[''],[],[' 俄语']
[' 俄罗斯'],['Alexander Abaturov'],['71'],['02'],[],['Сын'],[],[''],[],[]
[' 亚美尼亚 / 俄罗斯'],['亚历山大·科特'],['98'],"['04(俄罗斯)"">2018']","['亚历山大·库兹涅佐夫', 'Mkhitar Avetisyan', 'Martun Ghevondyan', 'Lernik Harutyunyan', '约瑟芬·约比', 'Arthur Manukyan', 'Olivier Pagès', 'Alexandra Politic', 'Konstantin Poyarkin', 'Hermine Stepanyan', '奥列格·瓦西里科夫']",['斯皮塔克大地震 ՍՊԻՏԱԿ'],"['剧情', '动作']",[''],[],[' 亚美尼亚语']
[' 俄罗斯'],['Mikhail Raskhodnikov'],['86'],['06'],"['林奈·穆罕默托夫', '伊万·阿赫洛贝斯金', '伊莉娜·佩戈娃']",['暂时困难 Временные трудности'],[],[''],[],[' 俄语']
[' 俄罗斯'],['Alina Chevik'],['132'],['06'],"['Andrey Alexandrin', 'Karine Asiryan', 'Olga Belyaeva', 'Andrey Birin', 'Natalia Bystrova', 'Denis Demkiv', 'Dmitri Ermak', '叶卡捷琳娜·古谢娃', 'Vlad Kiryukhin', 'Valeriya Lanskaya']",['音乐剧-安娜·卡列尼娜 Anna Karenina Musical'],['歌舞'],[''],[],[' 俄语']
[' 斯洛伐克 / 俄罗斯 / 捷克'],['Igor Voloshin'],['108'],['09'],"['让-马克·巴尔', 'Olga Simonova', '约翰·罗宾森', 'Milan Ondrík', 'Dalibor Stofan', 'Zuzana Vejvodová', 'Roman Skamene', 'Aurélia Fritzová']",['酒窖 Cellar'],"['剧情', '惊悚', '犯罪']",[''],[],[' 斯洛伐克语']
[' 俄罗斯'],['迪米特里·迪亚琴科'],['90'],['10'],"['奥莎娜·阿金什那', '帕维尔·杰列维扬科', '罗曼·库特辛', '罗曼·马佳诺夫', 'Sofya Mitskevich', 'Stas Oksaniy', 'Vladimir Parshenkov', '伊莉娜·佩戈娃', 'Olesya Sugak', 'Vladimir Tolokonnikov', '丹尼尔·瓦赫鲁舍夫']",['SuperBobrovy. Narodnye mstiteli'],['喜剧'],[''],[],[' 俄语']
[' 俄罗斯'],['Aleksei Petrukhin'],['135'],['11'],"['Irina Kupchenko', 'Andrei Merzlikin', 'Irina Alferova']",['挑战 Испытание'],"['剧情', '动作', '惊悚']",[''],[],[' 俄语']
[' 俄罗斯'],"['Konstantin Kutuyev', 'Yana Polyarush', 'Tamara Tsotsoriya']",['106'],['03'],"['Pavel Shevando', 'Konstantin Beloshapka', 'Natalia Berger', '弗拉季米尔·弗多维琴科夫', 'Kseniya Kuznetsova', '谢尔盖·尼科年科', 'Eldar Kalimulin', 'Irina Rozanova', '谢尔盖·普斯科帕里斯', 'Nonna Grishaeva', 'Andrei Kharybin']",['无往不胜 Со дна вершины'],"['剧情', '运动']",[''],[],[' 俄语']
[' 俄罗斯 / 立陶宛'],['伊万·特韦尔多夫斯基'],['90'],"['07(卡罗维发利电影节)"">2018']","['Denis Vlasenko', 'Anna Slyu', 'Danil Steklov', 'Pavel Chinarev', 'Vilma Kutavičiútë']",['碰瓷者 Подбросы'],"['剧情', '犯罪']",[''],[],[' 俄语']
[' 俄罗斯'],['Михаил Сегал'],[],['03'],[],['英雄勇过美人关 Слоны могут играть в футбол'],[],[''],[],[]
[' 俄罗斯'],['Evgenia Golubeva'],['6'],['10'],"['Myles McLeod', 'Lyla McLeod', 'Evgenia Golubeva']",['好想住在动物园 I Want to Live in the Zoo'],[],[''],[],[' 英语']
[' 俄罗斯'],"['提莫·贝克曼贝托夫', 'Zhora Kryzhovnikov', 'Galina Strizhevskaya', 'Maria Zatulovskaya']",['85'],['12'],"['伊凡·乌尔甘特', '谢尔盖·斯维特拉科夫', '德米特里·纳吉耶夫']",['圣诞树7 Ёлки Последние'],['喜剧'],[''],[],[' 俄语']
[' 俄罗斯 / 法国'],['尤里·贝科夫'],['109'],['09'],"['德尼斯·什韦多夫', 'Andrey Smolyakov', '弗拉迪斯拉夫·阿巴辛']",['工厂 Завод'],"['剧情', '惊悚']",[''],[],[' 俄罗斯语 Russian']
[' 美国 / 俄罗斯'],['安德泽·巴特科维卡'],[],['09'],"['阿列克斯·涅夫斯基', '丹尼·特雷霍', '汤姆·阿诺德', '胡凯莉', '马克·达卡斯考斯', '威廉·鲍德温', '阿方索·麦考利', 'Matthias Hues', '凯斯·鲍尔斯', '叶夫根尼·斯迪查金', '白灵', 'Georges Devdariani']",['致命冲击 Максимальный удар'],"['喜剧', '动作']",[''],[],[' 英语 / 俄语']
[' 俄罗斯'],['尼古拉·霍梅里基'],['112'],['02'],"['康斯坦丁·哈宾斯基', 'Yuliya Khlynina', '费奥多尔·邦达尔丘克', '安娜·米哈尔科娃', '斯维里娅·雅努索斯凯伊特', 'Mikhail Mukhtasipov']",['Селфи'],['惊悚'],[''],[],[' 俄语']
[' 俄罗斯'],['Pavel Drozdov'],['113'],['06'],"['安德烈·梅尔兹利金', 'Yegor Beroyev', '安娜·邱丽娜', 'Kseniya Petrukhina', 'Artur Vakha', 'Alena Chekhova', 'Andrey Smolyakov']",['不说再见 Прощаться не будем'],"['剧情', '战争']",[''],[],[' 俄语']
[' 俄罗斯'],['卡伦·奥加尼西安'],[],[],"['弗拉基米尔·马什科夫', '亚历山大·佩特罗夫', '斯维特拉纳·库德钦科娃']",['英雄 Герой'],"['剧情', '悬疑', '冒险']",[''],[],[' 俄语']
