地区,导演,时长,月份,演员,电影名,类型,评分,评论数,语言
[' 俄罗斯 Russia'],['谢尔盖·马克利斯基'],['112'],['05'],"['Nikita Volkov', '斯维里娅·雅努索斯凯伊特', '尤利娅·别列希尔德']",['草稿 Черновик'],['科幻'],['5.8'],['96'],[' 俄语 Russian']
[' 俄罗斯 Russia'],['瓦迪姆·佩尔曼'],['107'],['03'],"['安娜·阿达莫维奇', '尤里亚·凯林娜', '斯薇坦娜·乌斯蒂诺娃']",['买下我 Kupi menya'],['剧情'],['5.3'],['697'],[' 俄语 Russian']
[' 俄罗斯 Russia'],['Roman Karimov'],['80'],['08'],"['Igor Brovin', 'Danila Chvanov']",['Dnyukha!'],['喜剧'],[''],[],[' 俄语 Russian']
[' 俄罗斯 Russia'],['Vladimir Kott'],['101'],['01'],"['Marina Neyolova', 'Alisa Freindlikh', 'Evgeny Mironov', '娜塔莉亚·苏尔科娃', 'Sergey Puskepalis', 'Aleksandr Bashirov']",['冻伤的鲤鱼 Карп отмороженный'],"['剧情', '喜剧']",[''],[],[' 俄语 Russian']
[' 俄罗斯 Russia'],['Vincent Bataillon'],['188'],[],"['Ekaterina Krysanova', 'Vladislav Lantratov', 'Igor Tsvirko', 'Dmitry Dorokhov', 'Vitaly Biktimirov']",['波休瓦芭蕾：罗密欧与朱丽叶 Bolshoi Ballet: Romeo and Juliet'],[],[''],[],[]
[' 俄罗斯 Russia'],[],['50'],[],[],['Fallen Angels: True cost of sex tourism'],[],[''],[],[' 英语']
[' 俄罗斯 Russia'],['奥莉亚·祖耶娃'],['97'],['10'],"['丹尼拉·科兹洛夫斯基', '奥莉亚·祖耶娃', 'Ilya Malanin', 'Angelina Strechina']",['罩中任务 На районе'],"['剧情', '惊悚', '传记']",[''],[],[' 俄语 Russian']
[' 俄罗斯 Russia'],['Anna Yanovskaya'],[],"['07(俄罗斯)"">2018']",['Andrei Borisov'],['INTERESNAYA ZHIZN'],[],[''],[],[' 俄语 Russian']
[' 俄罗斯 Russia'],['Alex Wesley'],[],[],"['Paul Miloslavsky', 'Yury Avdeev', 'Dmitriy Khmelyov']",['Horrors in the Witch&#39;s House'],['恐怖'],[''],[],[]
