地区,导演,时长,月份,演员,电影名,类型,评分,评论数,语言
[' 古巴 / 加拿大'],"['罗德里戈·巴鲁索 ', '塞巴斯蒂安·巴鲁索']",['108'],['01'],"['罗德里戈·桑托罗', '马里塞尔·阿尔瓦雷斯', 'Milda Gecaite']",['翻译家 Un Traductor'],['剧情'],['7.7'],['218'],[' 俄语 / 西班牙语']
[' 英国 / 美国 / 加拿大'],['乔·拜尔德'],['97'],['10'],"['史蒂夫·库根', '约翰·C·赖利', '雪莉·亨德森', '妮娜·阿里安达', '丹尼·赫斯顿', '斯蒂芬妮·海姆', '萨西·凯恩', '鲁弗斯·琼斯', '宾利·卡鲁', '桑吉弗·科赫利', '丹尼尔·弗恩', '迈克尔·海登', '尼克·欧文福特', '哈里·赫普', '加里·基利', '莱蕾·迪克斯', '丽贝卡·埃莉斯·兰姆', '西蒙·阿格']",['斯坦和奥利 Stan &amp; Ollie'],"['剧情', '喜剧', '传记']",['7.3'],['1584'],[' 英语']
[' 加拿大'],['基思·贝尔曼'],['93'],['09'],"['玛丽亚·贝罗', '凯尔·麦克拉克伦', '泰勒·辛克森', '彼德·奥德博拉治', '达伦·曼恩', '乔什·维金斯', '妮娅姆·威尔逊', '基亚娜·马德拉', '奥利维亚·斯克里文', '卡尔森·迈克马克', '李康宁', '杰夫·克拉克', '海莉·基特尔', '史蒂芬·穆尔', '埃文·马什', '特洛伊·布德罗']",['小小巨人 Giant Little Ones'],"['剧情', '同性']",['7.3'],['1264'],[' 英语']
[' 美国 / 加拿大'],['保罗·费格'],['117'],['09'],"['安娜·肯德里克', '布蕾克·莱弗利', '亨利·戈尔丁', '伊恩·霍', '约书亚·萨坦', '格伦达·布拉甘扎', '安德鲁·兰内斯', '凯利·麦柯马克', '阿帕纳·纳彻', '达斯汀·米利甘', '丹妮尔·布尔贡', '吉亚·桑德赫', '鲁伯特·弗兰德', '诺林·古拉姆高斯', '巴希尔·萨拉赫丁', '梅洛迪·约翰逊', '麦丽莎·奥尼尔', '埃里克·约翰逊', '琳达·卡德里尼', '莎拉·贝克', '珍·斯马特', '莱斯勒·唐纳森', '克里斯·欧文斯', '罗莎娜·斯科托', '多梅尼克·塞纳', '辛迪·戴']",['一个小忙 A Simple Favor'],"['剧情', '悬疑', '犯罪']",['7.2'],['37779'],[' 英语']
[' 加拿大'],['阮金'],['111'],['09'],"['杰西·艾森伯格', '亚历山大·斯卡斯加德', '萨尔玛·海耶克', '迈克尔·曼多', '约翰·海尔登贝格', '阿伊莎·伊萨', '萨拉·古德伯格', '弗兰克·萧宾', '夸西·宋桂', '康拉德·皮拉', '朱利安·拜利', '卡内赫迪奥·霍恩', '泰勒·艾略特·伯克', '布朗温·曼特尔', '伊戈尔·奥瓦迪斯', '詹维姆维·米勒', '艾瑞卡·罗森鲍姆', '朱丽叶特·高斯林', '拉斐尔·格罗斯-哈维', '斯蒂芬妮·科斯塔', '卡尔·格拉戈萨斯', '梅兰莎·布莱克索恩']",['蜂鸟计划 The Hummingbird Project'],['剧情'],['7.2'],['1045'],[' 英语']
[' 美国 / 爱尔兰 / 法国 / 加拿大'],['Richard Lanni'],['84'],['04'],"['海伦娜·伯翰·卡特', '罗根·勒曼', '热拉尔·德帕迪约']",['斯塔比中士：一个美国英雄 Sgt. Stubby: An American Hero'],"['动画', '历史', '战争', '冒险']",['7.2'],['212'],[' 英语']
[' 墨西哥 / 加拿大'],['Andrea Bussmann'],['70'],['08'],"['Victor Pueyo', 'Fernando Renjifo', 'Ziad Chakaroun', 'Alberto Núñez', 'Gabino Rodríguez']",['浮士德 Fausto'],['剧情'],['7.1'],['59'],[' 西班牙语']
[' 加拿大 / 英国'],['泽维尔·多兰'],['127'],['09'],"['基特·哈灵顿', '雅各布·特伦布莱', '苏珊·萨兰登', '娜塔莉·波特曼', '凯西·贝茨', '本·施耐泽', '埃米丽·汉普希尔', '迈克尔·刚本', '坦迪·牛顿', '贝拉·索恩', '克里斯·泽尔卡', '莎拉·加顿', '杰瑞德·基苏', '阿里·米伦', '阿玛拉·卡兰']",['约翰·多诺万的死与生 The Death And Life of John F. Donovan'],['剧情'],['6.8'],['190'],[' 英语']
[' 加拿大 / 美国'],['S·克雷格·扎勒'],['159'],['09'],"['梅尔·吉布森', '詹妮弗·卡朋特', '文斯·沃恩', '劳瑞·侯登', '唐·约翰逊', '迈克尔·加·怀特', '托马斯·克莱舒曼', '乌多·基尔', '安德鲁·邓巴', '托利·基特尔斯', '弗雷德·迈拉麦德', '特雷佐·马霍洛', '迈尔斯·特鲁伊特', '詹·格里芬', '王卡帝', '克莱尔·菲利保', '维罗妮卡·伦敦', '大卫·昆兰', '保罗·罗吉克']",['逃出水泥地 Dragged Across Concrete'],"['剧情', '动作', '惊悚', '犯罪']",['6.7'],['2462'],[' 英语']
[' 法国 / 卢森堡 / 加拿大'],['Juan Antin'],['72'],['12'],"['Andrea Santamaria', 'India Coenen', 'Saïd Amadis', '玛丽-克莉丝汀·达哈', 'Vincent Ropion']",['大地母亲 Pachamama'],"['动画', '奇幻', '冒险']",['6.6'],['73'],[' 法语 / 英语']
[' 加拿大'],['拉法尔·索科洛夫斯基'],['90'],['07'],"['布莱恩·J·史密斯', '卡内赫迪奥·霍恩', '劳尔·特鲁希洛', '艾伦·阿什莫', '托姆·阿利森', '罗布·阿切尔', '肖恩·本森', '莎农·卡诺瓦斯', '艾丹·迪瓦恩', '杰克·富尔顿', '约翰·卡普洛斯']",['22号追击者 22 Chaser'],"['剧情', '动作']",['6.5'],['486'],[' 英语']
[' 美国 / 加拿大'],['朱利叶斯·艾弗里'],['110'],"['09', '11']","['约翰·艾德坡', '怀亚特·罗素', '马蒂尔德·奥利维耶', '皮鲁·埃斯贝克', '约翰·马加罗', '伊恩·德·卡斯泰克', '雅各布·安德森', '多米尼克·阿普尔怀特', '博基姆·伍德拜因', '恩里奇·雷德曼', '马克·麦克肯纳', '海莉·卡迈克尔', '米迦勒·埃普', '罗斯·汤姆林森', '本·特瓦索里', '安迪·韦勒姆', '帕特里克·布拉莫尔', '肖恩·狄克逊', '豪尔赫·莱昂·马丁内斯', '伊娃·马格亚']",['霸主 Overlord'],"['动作', '科幻', '恐怖', '战争']",['6.5'],['14004'],[' 英语 / 俄语 / 法语 / 德语']
[' 丹麦 / 加拿大 / 美国'],['皮尔·弗莱'],['108'],['01'],"['提奥·詹姆斯', '本·金斯利', '杰奎琳·比塞特', '罗西弗·萨瑟兰', '蕾切尔·威尔森', '布莱恩·马克金森', '贝尔奇姆·比尔金', '肖娜·麦克唐纳德', '艾丹·迪瓦恩', '扎希尔·吉拉尼']",['与人为恶 Backstabbing for Beginners'],['惊悚'],['6.5'],['598'],[' 英语']
[' 德国 / 美国 / 加拿大'],['安德鲁·尼科尔'],['100'],"['05', '05']","['克里夫·欧文', '阿曼达·塞弗里德', '科鲁姆·费奥瑞', '索尼亚·瓦格尔', '马克·奥布莱恩', '乔·平格', '伊多·戈德堡', '塞巴斯蒂安·皮戈特', '瑞秋·罗伯茨', '马克·格拉齐尼', '康拉德·科茨', '梅寇·阮', '萨拉·米蒂奇', '达蒙·伦延']",['匿名者 Anon'],"['科幻', '惊悚']",['6.3'],['5812'],[' 英语']
[' 加拿大 / 美国'],['唐纳德·佩特瑞'],['102'],['08'],"['艾玛·罗伯茨', '海登·克里斯滕森', '艾莉莎·米兰诺', '丹尼·爱罗', '安德列·马丁', '简·西摩', '盖里·巴萨拉巴', '亚当费拉拉', '琳达·卡辛', '克里斯蒂娜·罗塞托']",['小意大利 Little Italy'],"['喜剧', '爱情']",['6.3'],['1669'],[' 英语']
[' 美国 / 加拿大'],['苏珊娜·福格尔'],['117'],"['10', '08']","['米拉·库尼斯', '凯特·麦克金农', '贾斯汀·塞洛克斯', '萨姆·修汉', '薇尔玛·斯泽克斯', '哈桑·明哈杰', '凯文·亚当斯', '吉莲·安德森', '伊万娜·萨赫诺', '简·库丁', '保罗·雷瑟', '弗雷德·迈拉麦德', '詹姆斯·弗雷特', '卡罗琳·皮克尔斯', '贾斯婷·瓦希伯格', '汤姆·斯托顿', '罗德里克·希尔']",['我的间谍前男友 The Spy Who Dumped Me'],"['喜剧', '动作']",['6.3'],['40973'],[' 英语 / 俄语 / 法语']
[' 英国 / 德国 / 瑞典 / 加拿大 / 美国'],['费德·阿尔瓦雷兹'],['117'],['11'],"['克莱尔·芙伊', '斯瓦利尔·古德纳松', '西尔维娅·侯克斯', '勒凯斯·斯坦菲尔德', '斯戴芬·莫昌特', '卡梅隆·布莱顿', '薇姬·克里普斯', '沃尔克·布鲁赫', '米卡埃尔·佩斯布兰特', '克拉斯·邦', '安德烈·佩伊奇', '克里斯托弗·康夫瑞', '西诺薇·玛考迪·伦德']",['蜘蛛网中的女孩 The Girl in the Spider&#39;s Web'],"['剧情', '惊悚', '犯罪']",['6.1'],['3272'],[' 英语']
[' 加拿大 / 美国'],"['弗朗索瓦·西玛德', '阿努克·惠斯塞尔', '约恩-卡尔·惠斯塞尔']",['105'],"['01', '08']","['格雷厄姆·维奇尔', '犹大·刘易斯', '凯勒布·埃默里', '科里·格鲁特-安德鲁', '提拉·斯考比', '里奇·索莫', '贾森·加里-斯坦福德']",['八四年夏天 Summer of &#39;84'],"['剧情', '惊悚', '恐怖']",['6.1'],['1496'],[' 英语']
[' 美国 / 加拿大'],['亚当·罗比特尔'],['103'],['01'],"['林·沙烨', '雷·沃纳尔', '安格斯·桑普森', '柯克·埃斯沃多', '凯特琳·杰拉德', '史宾塞·洛克', '乔什·斯图沃特', '特莎·费勒', '阿勒奎·里德', '艾娃·寇克尔', '皮尔斯·波普', '布鲁斯·戴维森', '哈维尔·博泰特', '马库斯·亨德森', '阿曼达·亚罗斯']",['潜伏4：锁命亡灵 Insidious: The Last Key'],"['惊悚', '恐怖']",['6.1'],['11745'],[' 英语']
[' 加拿大'],['Carly Stone'],['82'],['03'],"['杰西卡·巴登', '海莉·洛', '布瑞特·迪尔', '卡米拉·门德斯', '蒂姆·夏普', '阿万·乔贾', '伊娃·林克', '格雷格·霍瓦尼西安', '塞巴斯蒂安·皮戈特', 'Annie Clark']",['新罗曼蒂克 The New Romantic'],"['喜剧', '爱情']",['6.0'],['135'],[' 英语']
[' 中国大陆 / 加拿大'],"['安恪温', '龙子乔']",['90'],['09'],"['韩莹棣', '郑海音', '冯远征', '石班瑜', '涂松岩', '杨婷', '查琳·易', '约翰·卡拉辛斯基', '杰森·苏戴奇斯', '大卫·克罗斯', '迈克尔·佩纳', '吴恬敏', '杰特·尤尔根斯米尔', '安娜·阿卡娜']",['未来机器城'],"['科幻', '动画', '冒险']",['6.0'],['3808'],[' 英语 / 汉语普通话']
[' 加拿大 / 美国'],['Ross Venokur'],['90'],['04'],"['塔拉·斯特朗', '维尔摩·瓦尔德拉玛', '阿什丽·提斯代尔', '黛米·洛瓦托', '吉姆·库宁斯', '吉莉恩·贝尔', '约翰·克立斯', '艾薇儿·拉维尼', '基莎·可儿', '邓紫棋', '希雅', '史蒂夫·青木']",['白马王子 Charming'],"['喜剧', '动画']",['6.0'],['251'],[' 英语']
[' 加拿大'],['林·奥汀'],['94'],['02'],"['杰森·莫玛', '加瑞特·迪拉胡特', '史蒂芬·朗', '扎恩·迈克拉农', '吉尔·瓦格纳', '萨拉·贝克', '布莱登·佛雷切', '蒂奇·格兰特', '萨莎·罗索夫', '弗雷泽·艾奇逊', '詹姆斯·哈尔维·瓦德', '斯蒂夫·奥康奈尔', '泰·亚历山大']",['雪光之灾 Braven'],"['剧情', '动作']",['5.9'],['1389'],[' 英语']
[' 加拿大'],['埃马纽埃尔·奥斯-德马雷'],['90'],['03'],"['马修·古迪', '托妮·科莱特', '安德里亚斯·艾波吉斯', 'Jordan Poole  ', ""Megan O'Kelly"", 'Anton Gillis-Adelman', '迈克尔·史麦利', '菲奥纽拉·弗拉纳根', '苏珊娜·克莱蒙', '蒂龙·本斯金', '凯瑟琳·勒米厄', '埃马纽埃尔·奥斯-德马雷', '嘉登·马隆', 'Ethan Caminsky', '瓦罗娜·塞茨瓦埃洛']",['胎记 Birthmarked'],['喜剧'],['5.9'],['258'],[' 英语']
[' 法国 / 加拿大'],['丹尼尔·罗比'],['89'],['04'],"['罗曼·杜里斯', '欧嘉·柯瑞兰寇', '芳汀·阿杜安', '米歇尔·罗班', '安娜·盖洛', '埃尔加·马拉蒂耶', '亚历克西斯·曼蒂']",['呼吸 Dans la brume'],"['科幻', '灾难']",['5.9'],['2604'],[' 法语 / 英语']
[' 加拿大'],['阿萨夫·伯恩斯坦'],['103'],['10'],"[' 英迪娅·埃斯利', '詹森·艾萨克', '佩内洛普·米契尔', '米拉·索维诺', '哈里森·吉尔伯特森', '克里斯汀·哈里斯', '亚当·哈蒂格', '康纳·彼得森', '辛蒂·迈斯科']",['镜中人 Look Away'],['惊悚'],['5.9'],['2881'],[' 英语']
[' 美国 / 印度 / 加拿大'],['伊莱·罗斯'],['104'],"['11', '09']","['杰克·布莱克', '凯特·布兰切特', '欧文·瓦卡罗', '凯尔·麦克拉克伦', '芮妮·戈兹贝里', '考林·加普', '桑尼·苏尔季克', '洛伦扎·伊佐', '布拉克斯顿·比肯', 'Vanessa Anne Williams', '查尔斯·格林', ""De'Jon Watts"", '艾伦·比尔纳', 'Christian Calloway', '伊莱·罗斯', 'Anna Chuancheun', '德梅特里·兰德尔', '佩拉·米德尔顿']",['滴答屋 The House with a Clock in its Walls'],"['喜剧', '惊悚', '奇幻', '冒险']",['5.5'],['13903'],[' 英语']
[' 加拿大'],['罗宾·奥贝尔'],['104'],['03'],"['马克-安德烈·格隆丁', '莫妮亚·肖克里', 'Charlotte St-Martin']",['食人之饥 Les Affamés'],"['剧情', '恐怖']",['5.4'],['783'],[' 法语']
[' 德国 / 加拿大'],['德鲁·林特'],['81'],['01'],"['Antoine Lahaie', 'Nicolas Maxim Endlicher', 'Nina Kettiger', 'Vika Kirchenbauer', 'Lynn Lahaie', 'Ahmad Larnes', 'Antonio Onio', 'Ivan Rueda', 'Paul Auls', 'Filip Samuel Berg', 'Kévin Thomé de Souza', 'Søren Drastrup', 'Ali Esfahani', 'Valeria Farina', 'Luca Fuchs', '德鲁·林特']",['M/M'],"['剧情', '惊悚', '同性']",['5.4'],['483'],[' 英语 / 法语 / 德语']
[' 加拿大'],['莎拉·罗泰拉'],['90'],"['05', '05']","['温妮·克拉克', '贾斯汀·格哈德', 'Evan Giovanni', ""Gráinne O'Flynn"", 'Justine Nelson', 'Danny Bruzzi', 'Jen Pogue']",['无人出名 Nobody Famous'],"['剧情', '喜剧']",['5.3'],['92'],[' 英语']
[' 加拿大'],['罗伯特·文斯'],['87'],['05'],"['戴德里克·巴德', '妮基·布朗斯凯', 'Reggie De Leon']",['萌犬好声音3 Pup Star: World Tour'],"['喜剧', '音乐']",['5.3'],['156'],[' 英语']
[' 加拿大'],['柯林·米尼汉'],['99'],"['03', '08']","['汉娜·艾米莉·安德森', '布列塔尼·艾伦', '玛莎·麦萨克', '乔伊·克莱恩', '夏洛特·林赛·马荣']",['蜜谋逃杀 What Keeps You Alive'],['惊悚'],['5.2'],['382'],[' 英语']
[' 加拿大'],['杰森·斯通'],['91'],['03'],"['斯戴芬妮·斯考特', '西奥多·佩尔兰', '萨伊德·塔格马奥', '珀西·海恩斯·怀特', '凯特·伯顿', '雅内-莱恩·格林', '贾密尔·弗伦奇', '克莉丝汀·布丝', '肖恩迪瓦恩', '亚历山大·戈麦斯']",['第一缕曙光 First Light'],"['科幻', '惊悚']",['5.1'],['388'],[' 英语']
[' 加拿大'],['Aaron Kurmey'],['91'],['05'],"['Adam Munro', 'Kirsten Wendlandt', 'Gin Fedotov', 'Michael Dodge', 'Kelten Jensen', 'Christopher Giles', 'Mathieu Bourassa', 'Kelsey Flower']",['千码凝视 Thousand Yard Stare'],['战争'],['5.1'],['92'],[' 英语']
[' 加拿大'],['迈克尔·斯科特'],['84'],['01'],"['史蒂夫·隆德', '西沃恩·威廉姆斯', '艾丽·伯特伦', '亚当·迪马克', '本·苏利文', '杰米·M·卡利卡', '迈克尔·科普萨', '凯伦·霍尔尼斯', '埃利斯·盖坦', '内森·维特', '德鲁·雷·坦纳', '格雷斯·法特金', '阿曼达·艾默里', '埃文·费拉顿']",['爱上青蛙王子 Secret Millionaire'],"['喜剧', '爱情']",['5.0'],['112'],[' 英语']
[' 美国 / 加拿大'],['沙恩·布莱克'],['107'],"['10', '09', '09']","['波伊德·霍布鲁克', '崔凡特·罗兹', '雅各布·特伦布莱', '科甘-迈克尔·凯', '奥立薇娅·玛恩', '斯特林·K·布朗', '托马斯·简', '阿尔菲·艾伦', '奥古斯托·阿奎莱拉', '杰克·布塞', '伊冯娜·斯特拉霍夫斯基', '布赖恩·A·普林斯', '麦克·多普德', '尼尔迈特', '加里·切克', '艾米·阿内克', '弗雷泽·艾奇逊', '简·波斯', '洛奇林·莫罗', '叶芳华', '里斯·威廉姆斯', '萨奇·布洛克勒班克', '肖恩·O.罗伯茨', '柯林·科里根', '帕特里克·萨邦圭', '弗雷泽·科比特', '阿隆·克拉文', '安德鲁·詹金斯']",['铁血战士 The Predator'],"['动作', '科幻', '惊悚', '冒险']",['5.0'],['40719'],[' 英语 / 西班牙语']
[' 加拿大'],['Chad Archibald'],['83'],['09'],"['艾丹·迪瓦恩', '艾娃·普雷斯顿', '洁斯·萨尔圭罗']",['让我来给你收尸 I&#39;ll Take Your Dead'],['恐怖'],['5.0'],['200'],[' 英语']
[' 加拿大'],['Brett Donowho'],['86'],['01'],"['科尔·豪瑟', '布鲁斯·威利斯', '肖恩·阿什莫', '艾什顿·霍尔姆斯', '梅丽莎·博洛纳', '肖恩·布鲁斯南', '索菲亚·布什', '迈克·艾普斯', '蒂凡尼·布劳威尔', '珍娜.B.凯利', '帕特里克·圣埃斯普利特', '博伊德·肯斯特纳', '大卫·维格']",['暴力行为 Acts of Violence'],"['动作', '犯罪']",['4.9'],['974'],[' 英语']
[' 美国 / 德国 / 加拿大'],['Anthony Scott Burns'],['90'],"['07', '07']","['妮可拉·佩尔茨', '托马斯·曼', '克里斯汀·霍恩', '艾莉森·海萨克', 'Robert B. Kennedy', '约翰·拉尔斯顿', '珀西·海恩斯·怀特', 'Carlyn Burchell', '卢修斯·霍约斯', '尼尔·怀特利', 'Aaron Hale', '凯特·莫耶']",['幽冥之家 Our House'],"['惊悚', '恐怖']",['4.9'],['408'],[' 英语']
[' 加拿大'],['罗布·W·金'],['86'],['05'],"['布莱登·佛雷切', '克里斯蒂娜·里奇', '约翰·库萨克', '奥利弗·莱斯', '斯科特·奥林克', '朱丽娅·马克斯维尔', 'Angela Quinn', 'Nicole Anthony']",['扭曲 Distorted'],['惊悚'],['4.2'],['234'],[' 英语']
[' 加拿大 / 美国'],['彼得·休伊特'],['96'],['02'],"['吉娜·卡拉诺', '约翰·汉纳', '瑞安·罗宾斯', '帕特里克·萨邦圭', '帕特里克·吉尔莫', '迪恩·S·贾格尔', 'Luvia Petersen']",['焦土作战 Scorched Earth'],"['动作', '科幻']",['3.9'],['241'],[' 英语']
[' 加拿大'],['Lux'],['90'],[],"['Alex Essoe', 'Georgie DaburasTawny West', 'See full cast & crew']",['血红岛屿 Red Island'],['恐怖'],['3.4'],['69'],[' 英语']
[' 加拿大 / 美国'],['马蒂·贝克曼'],['85'],['07'],"['科林·伊格斯菲德', '迪伦·斯派比利', '米娅·罗斯·弗兰普顿', '兰迪·库卓', '莱克西·阿特金斯', 'Lala Kent', 'Sarah McDaniel', '雷卡·雷内', '梅莉尔·罗斯', '泰勒·乔恩·奥尔森', '凯瑟琳·勒', '塔尼娅', '谢伊·巴克纳', '詹妮弗·提图斯', 'Natali Yura']",['血腥姐妹会 The Row'],['惊悚'],['3.3'],['362'],[' 英语']
[' 加拿大 / 德国'],['Erdal Ceylan'],[],['01'],"['Alyson Walker', '托尼·吉罗克斯', 'Meelah Adams', 'Ian Butcher', 'Tyler A.H. Smith', 'Shaun Morse', '马修·格雷厄姆', 'Stephanie Gooden']",['地狱自拍 Selfie from Hell'],"['悬疑', '恐怖']",['3.3'],['203'],[' 英语']
[' 加拿大'],['Michael James Regan'],['73'],['07'],"['Michael James Regan, Tommy James Murphy, Louis Di Bianco']",['记忆码 recall'],"['剧情', '惊悚', '犯罪']",['3.2'],['66'],[' 英语']
[' 加拿大'],[],[],[],[],['Darrow &amp; Darrow 2'],[],[''],[],[]
[' 加拿大'],['Philippe Gagnon'],[],[],"['卡拉·吉尔默', '布雷特·多纳休', '玛丽莲·迪恩-罗比齐', '拉伊塞·康德拉基', '乔·柯布登 ', '马克·卡马乔']",['sleeper'],['惊悚'],[''],[],[' 英语']
[' 加拿大'],[],[],[],[],['A Sister’s Obsession'],[],[''],[],[]
[' 加拿大'],"['Hugo Belhassen', 'Audric Cussigh', 'Julie De Lafrenière', 'Tiphaine DeReyer', 'Eve Dufaud', 'Rémi Fréchette', 'Emilie Gauthier', 'Mara Joly', 'Quentin Lecocq', 'Charles Massicotte', ""Mickael N'Dour""]",[],[],"['Guy Jodoin', 'Marco Collin', 'Mirianne Brulé', '利斯·罗伊', 'Carmen Sylvestre', 'Richardson Zéphir', 'Mathieu Lorain Dignard', 'Sarah Dagenais', 'Pierre-François Bouffard', 'Marie-Michèle Boutet']",['Montreal Dead End'],['恐怖'],[''],[],[]
[' 加拿大'],[],[],[],[],['Schlafwandeln unter Nachbarn'],[],[''],[],[]
[' 加拿大'],['Natty ZAVITZ'],[],[],"['嘉科莫·吉安尼欧缇', 'Laysla DE OLIVEIRA', 'Rachel SKARSTEN', 'Raymond ABLACK', 'Adelaide KANE']",['熟悉的人 Acquainted'],[],[''],[],[]
[' 加拿大'],[],[],[],[],['Garage Sale Mystery: Pandora’s Box'],[],[''],[],[]
[' 加拿大'],[],[],[],[],['A.R.C.H.I.E. 2'],[],[''],[],[]
[' 加拿大'],[],[],[],[],['Sidelined'],[],[''],[],[]
[' 加拿大'],[],[],[],[],['Mommy&#39;s Little Angel'],[],[''],[],[]
[' 加拿大'],[],[],[],[],['A Daughters Revenge'],[],[''],[],[]
[' 加拿大'],['Hanna Khoury'],[],[],[],['选择之夜 Chosen Night'],"['惊悚', '恐怖']",[''],[],[]
[' 加拿大'],['贝尔纳·埃蒙'],['90'],[],"['Elise Guilbault', '索菲·德马雷', 'Amena Ahmad']",['Pour vivre ici'],['剧情'],[''],[],[' 法语']
[' 加拿大'],[],[],[],[],['his-perfect-obsession'],[],[''],[],[]
[' 加拿大'],['David Findlay'],['77'],[],"['Ahmed Muslimani', '露易丝·波特', '卡蒂·奥廷宁']",['Everything Outside'],['剧情'],[''],[],[' 英语']
[' 加拿大'],['Bruce Sweeney'],['88'],[],"['阿加·达什', '加布里埃尔·罗斯', '卡米尔·苏利文']",['Kingsway'],['剧情'],[''],[],[' 英语']
[' 加拿大'],"['Lev Lewis', 'Yonah Lewis', '卡尔文·托马斯']",['82'],[],"['詹妮弗·哈迪·CK', 'Shivali Barot', 'Samantha Cole', 'Déjah Dixon-Green', 'Jennifer Graydon', 'Becca Willow Moss', 'Micaela Robertson', 'Sara Sue Vallee', 'Taylor Baldwin', 'Bela Barot', '伊戈尔·德尔利亚恰', '马特·约翰逊']",['Spice It Up'],"['剧情', '喜剧']",[''],[],[' 英语 / 法语']
[' 加拿大'],"[""Kim O'Bomsawin""]",['76'],[],[],['Quiet Killing'],[],[''],[],[]
[' 加拿大'],['Dominic Gagnon'],[],['04'],[],['Going South'],[],[''],[],[]
[' 加拿大'],['Jason Bourque'],[],['07'],"['James Dean, Larissa Albuquerque, Bruce Blain']",['城郊习俗 Counterfeiting in Suburbia'],"['剧情', '惊悚']",[''],[],[' 英语']
[' 加拿大'],['Yan Giroux'],['107'],['11'],"['Martin Dubreuil', 'Céline Bonnier', 'Henri Picard', 'Marie-Ève Perron']",['所有人都不懂我 À tous ceux qui ne me lisent pas'],[],[''],[],[' 法语']
[' 加拿大'],['Curtis Crawford'],[],"['07', '09']",[],['十七岁被控谋杀 Murdered at 17'],['剧情'],[''],[],[' 英语']
[' 加拿大'],['Terry Ingram'],['83'],['07'],"['Holly Robinson Peete', 'Rick Fox', 'Karen Robinson', 'Al Roker', 'Jordana Largy', 'Anna Van Hooft', 'Jesse Moss']",['晨间秀之谜：致命的灾难 Morning Show Mystery: Mortal Mishaps'],"['剧情', '悬疑']",[''],[],[]
[' 加拿大'],['Darlene Naponse'],['98'],['09'],"['Tantoo Cardina', 'Tina Keeper', '盖尔·莫里斯']",['Falls Around Her'],['剧情'],[''],[],[' 英语 / 奥吉布瓦语']
[' 加拿大'],[],[],[],[],['Untitled Supernatural Series'],"['剧情', '恐怖']",[''],[],[' 英语']
[' 加拿大'],['Sean Devlin'],['81'],[],"['Ryan Beil', 'Alicia Boco', 'Marissa Cabalja', '凯拉·洛雷特', 'Jocelyn Mamita', 'Jelle Nijman', 'Conciso Ocasla', 'Abner Pablo', 'Arnel Pablo', 'Lovely Pablo', '阿隆·里德']",['当暴风雨退去 When The Storm Fades'],"['剧情', '喜剧']",[''],[],[' 英语']
[' 加拿大 / 法国'],['罗杰·阿夫瑞'],[],[],"['妮娜·杜波夫', '克里斯平·格洛弗', '卢克·布雷西', '小克利夫顿·克林斯', '科勒·班尼特', '大卫·休莱特', '马克·达卡斯考斯', '罗伯托·坎帕内利亚', '托莫·希思黎', '娜迪亚·法尔丝', '何超仪', '达林·贝克']",['幸运日 Lucky Day'],['惊悚'],[''],[],[' 英语 / 法语']
[' 加拿大'],['泽布隆·张'],['100'],[],"['Zac Cocciolo', 'Meaghen Buckley', 'Sung Pil Yoon']",['N.O.N.'],[],[''],[],[]
[' 加拿大'],[],[],[],[],['black cop'],[],[''],[],[]
[' 加拿大'],['Patrick Johnson'],[],[],"['亚历山德里娅·德伯里', 'Allie Marie Evans', '汤姆·普罗克特', 'Amanda Marie Wilkinson', 'Bryan Massey', 'Annie Hamilton', 'Natalie Dickinson', '卢克·谢尔顿', 'Julia Lashae', 'Zach Rose']",['47 Hours'],['惊悚'],[''],[],[' 英语']
[' 加拿大'],['Anthony Scott Burns'],[],[],"['兰登·莱伯隆', '茱莉亚·莎拉·斯通', 'Tiffany Helm', 'Caroline Buzanko', 'Chantal Perron', 'Skylar Radzion', 'Michelle Rios', 'Tedra Rogers', 'Austin Baker', 'Karen Johnson-Diamond']",['Come True'],"['科幻', '恐怖']",[''],[],[' 英语']
[' 加拿大'],['Rob Grant'],[],[],"['托马斯·康奎尔', 'Camille Stopps', '安古斯·麦克菲登', 'Chantal Perron', '格里克·温斯顿', 'Zoe Marlett', 'Lisa Moreau']",['Alive'],"['惊悚', '恐怖']",[''],[],[' 英语']
[' 美国 / 加拿大'],['Catherine Black'],[],[],"['克里斯皮安·贝尔弗雷奇', 'Suzanne Birrell', 'Catherine Black', 'Matthew Tully Brown', '瑞奇·切劳洛', 'Brooke Lenzi', 'Micah Joe Parker', 'David Proffitt', 'Bri Parcel']",['Girl Trip'],"['喜剧', '惊悚', '恐怖']",[''],[],[' 英语']
[' 加拿大'],['Braden Croft'],[],[],"['Sara Garcia', '约翰·卡西尼', '朱利安·布莱克 ·安蒂洛普', '朱利安·瑞钦斯', 'Catherine Gell', 'Jason Schneider', '雷蒙·乔希', 'Angelique Berry', 'Lauren Hanna', 'Brian Martell']",['True Fiction'],"['惊悚', '恐怖']",[''],[],[' 英语']
[' 澳大利亚 / 加拿大 / 英国'],['Stephen Amis'],[],[],"['丹·艾克罗伊德', 'Paul Watson', 'Peter Hammarstedt', 'Siddharth Chakravarty', 'Luis Manuel De Pinho', 'Jean Yves Terlain']","['Defend, Conserve, Protect']","['剧情', '冒险']",[''],[],[' 英语']
[' 加拿大'],['Vic Sarin'],[],[],"['杰西卡·朗德斯', '乔·格拉什', '凯特琳·伯纳德', 'Ana Golja', '汤姆·斯蒂文斯', '埃勒里·斯派比利', '露西娅·沃尔特斯']",['A Father’s Nightmare'],[],[''],[],[]
[' 加拿大 / 美国'],['Bill Corcoran'],[],[],"['Michael Emery', '托尼·德文', 'Jon Welch']",['Finding the Lost Child'],"['剧情', '悬疑', '惊悚']",[''],[],[]
[' 加拿大'],['Audrey Cummings'],[],[],"['Olunike Adeliyi', '基亚娜·马德拉', '米歇尔·诺尔顿', '彼得·麦克内尔', 'Noah Danby', 'Katie Messina', 'Murray Furrow', 'Nick Stojanovic', 'Doug Miller']",['不死之身 He never died'],"['剧情', '喜剧', '动作', '惊悚', '奇幻']",[''],[],[' 英语']
[' 加拿大'],['Guillaume Lambert'],[],['01'],['Guillaume Lambert'],['Les scènes fortuites'],[],[''],[],[]
[' 加拿大'],"['Cody Graham', 'Carey Newman']",['85'],[],[],['Picking Up the Pieces: The Making of the Witness Blanket'],[],[''],[],[' 英语']
[' 比利时 / 卢森堡 / 加拿大'],['大卫·兰伯特'],[],[],"['伯利·兰内尔', '埃里克·卡邦戈', '瑞秋·玛瓦赞', '维尔日妮·奥克', 'Jean-Luc Couchard', 'Catarina Reverendo']",['Troisièmes noces'],"['剧情', '喜剧']",[''],[],[' 法语']
[' 加拿大'],['David Uloth'],['104'],[],"['Mélissa Désormeaux-Poulin', '埃马纽埃尔·施瓦茨', 'Réal Bossé']",['The Far Shore'],['剧情'],[''],[],[' 法语']
[' 加拿大'],['Bojan Bodružić'],['87'],[],[],['The Museum of Forgotten Triumphs'],[],[''],[],[]
[' 加拿大'],['狄安娜·弗雷'],['93'],[],[],['An Audience of Chairs'],['剧情'],[''],[],[' 英语']
[' 加拿大 / 意大利 / 美国'],['Paul Stark'],['109'],['01'],[],['THE VATICAN DECEPTION'],[],[''],[],[' 英语 / 意大利语 / 西班牙语 / 德语']
[' 加拿大'],['Olivier Godin'],['77'],['02'],"['Michel Faubert', 'Johanna Nutter', 'Étienne Pilon']",['En attendant Avril'],['喜剧'],[''],[],[' 法语']
[' 加拿大'],['Samuel Thivierge'],[],['04'],[],['Identity'],"['剧情', '犯罪']",[''],[],[]
[' 韩国 / 加拿大'],['Seung-Yuop Lee'],['80'],"['05(全州国际电影节)"">2018']",[],['可爱的她 귀여운 여인'],[],[''],[],[]
[' 加拿大'],['Max McGuire'],[],['06'],"['杰萨琳·吉尔西格', '琼恩·柯', 'Hannah Vandenbygaart', 'Habree Larratt', '斯科特·吉布森', 'Taveeta Szymanowicz']",['The Sweetheart'],"['剧情', '惊悚']",[''],[],[' 英语']
[' 加拿大'],['汤姆·菲茨杰拉德'],['94'],['09'],"['索菲亚·班茨哈夫', '休·汤普森']",['碎片 Splinters'],"['剧情', '同性']",[''],[],[' 英语']
[' 加拿大'],['Roger Boire'],[],"['10(加拿大)"">2018']","['Hortense Bamas', 'Martin Boileau']",['PERVERS ORDINAIRE'],[],[''],[],[' 法语']
[' 加拿大'],['Stephen Wallis'],[],['12'],"['西耶娜·盖尔利', '伯特·雷诺兹', '格雷厄姆·格林', '肖恩·罗伯茨', '坦米·布兰查德', '拉腊·珍·科洛斯特奇', '迪隆·凯西', '尼古拉斯·坎贝尔', 'Polly Shannon', '肖恩·麦卡恩', 'Eric Peterson', 'Kelly Van der Burg', 'Brett Houghton', 'Katie Uhlmann', 'Jake Raymond']",['Defining Moments'],['喜剧'],[''],[],[' 英语']
[' 加拿大'],[],[],[],[],['believe.me.the.abduction.of.lisa.mcvey.'],[],[''],[],[]
[' 加拿大'],['Alexandre Carrière'],[],['10'],"['劳瑞·佛蒂尔', 'Celeste Desjardins', '谢默斯·帕特森', 'Carson MacCormac', 'Alanna Bale', 'Jack Britton', 'Connor McMahon', 'Asha Talbert', 'Helena-Alexis Seymour', 'Gabriel Darku', 'Michael Shore', '弗兰克·穆尔']",['17岁的僵尸 Zombie at 17'],['惊悚'],[''],[],[' 英语']
[' 加拿大'],['Terry Chiu'],['97'],['10'],"['Chloe Yoshino Lemay', 'Corrina Fisches', 'Adrian Vaktor']",['Mangoshake'],[],[''],[],[]
[' 加拿大'],['Darlene Naponse'],['98'],['09'],"['Tantoo Cardina', 'Tina Keeper', '盖尔·莫里斯']",['Falls Around Her'],['剧情'],[''],[],[' 英语 / 奥吉布瓦语']
[' 加拿大'],['Ding Wang'],['80'],['12'],"['Picardy Jean-Pierre', 'Chloe Mercedez', 'Duojie Suonan']",['轮回 Reincarnation'],"['动作', '恐怖']",[''],[],[' 英语']
[' 加拿大'],['Justin G. Dyck'],['88'],[],"['Derick Agyemang', 'Peggy Calvert', 'Brian Scott Carleton']",['来自天堂的最好朋友 Best Friend from Heaven'],['剧情'],[''],[],[' 英语']
[' 加拿大'],['李素英'],['88'],['06'],"['莎拉·加顿', '罗姗娜·阿奎特', '劳尔·特鲁希洛', 'Billy Otis', '周豪', 'Gage Graham-Arbuthnot', 'Marni Van Dyk', 'Kevin Dennis', 'Dimitris Kitsos']",['奥克塔维奥死了 Octavio Is Dead'],['剧情'],[''],[],[' 英语']
[' 加拿大'],['Izidore K. Musallam'],['83'],['07'],"['Youssef Abed-Alnour', 'Amy Cruichshank', 'Josh Maltin', 'Cailey Muise', 'André Luiz Oliveira', 'Alan K. Sapp', 'Eyal Simko']",['恋爱中的德古拉伯爵 Dracula in Love'],"['恐怖', '奇幻']",[''],[],[' 英语']
[' 加拿大'],['Akash Sherman'],['105'],['09'],"['帕特里克·J·亚当斯', '特罗伊安·艾夫瑞·贝利萨里奥', '克里斯汀·哈格', '恩尼斯·埃斯莫', '詹妮弗·戴尔', '罗伯特·H·托马斯', '威尔·宝']",['克莱拉 Clara'],['科幻'],[''],[],[' 英语']
[' 加拿大'],"['盖伊·马丁', '埃文·约翰逊', 'Galen Johnson']",['9'],['02'],[],['Accidence'],[],[''],[],[]
[' 加拿大'],['Tristan Dubois'],['93'],['06'],"['Eric K. Boulianne', 'William Cantin', 'Lili-Ann De Francesco', 'Lévi Doré', 'Simon Duchesne', '玛丽安娜·法利', '阿梅莉·格朗', 'Jean-Marc Généreux', ""Devon O'Connor"", 'Gabriel Sabourin', 'Jonathan St-Armand', '马克·托蒂尔', 'Karl Walcott']",['斯巴达的衰落 La Chute de Sparte'],['剧情'],[''],[],[' 英语 / 法语']
[' 加拿大'],['柯克·哈里斯'],['89'],['12'],"['洛拉·苏尔坦', '凯文·索伯', '斯特里奥·萨万特', '帕特里克·茂顿', '萨姆·索尔沃', '欧文·哈恩', '文森·德·保罗', 'Logan Allen', 'Jimel Atkins', '西恩·迈克尔·格洛里亚', 'Dahlia Legault', 'Braeden Sorbo', 'Lily Cardone', 'Stacey Spong', 'Darla Delgado']",['海豚伯尼 Bernie The Dolphin'],"['喜剧', '动作', '家庭']",[''],[],[' 英语']
[' 加拿大'],['苏菲·劳莱恩'],['89'],['03'],"['Marguerite Bouchard', 'Romane Denis', 'Rose Adam', 'Alex Godbout', '玛丽洛·贝吕古', 'Vassili Schneider', 'Claudia Bouvette', 'Audrey Roger', 'Anthony Therrien', 'Nicolas Fontaine', '马丽恩·约翰逊']",['少女的欲望 Charlotte a du fun: Charlotte has fun'],['喜剧'],[''],[],[' 法语']
[' 加拿大 / 美国'],['莎娜·费斯特'],['104'],['06'],"['维拉·法米加', '克里斯托弗·普卢默', '刘易斯·麦克杜格尔', '克里斯托弗·洛伊德', '叶海亚·阿卜杜勒-迈丁', '克里斯汀·沙尔', '鲍比·坎纳瓦尔', '彼得·方达', '多莉·韦尔斯', '黛安娜·方', '格伦·贝克', '伊丽莎白·鲍恩', '莎伦·克兰德尔', 'Lisa Bunting', 'Rohan Campbell']",['边界 Boundaries'],"['剧情', '喜剧']",[''],[],[' 英语']
[' 加拿大'],['Eisha Marjara'],['95'],['09'],"['Debargo Sanyal', 'Jamie Mayers', '皮埃尔 - 伊夫·卡迪纳尔']",['女人来自金星 Venus'],"['剧情', '喜剧', '家庭']",[''],[],[' 英语']
[' 加拿大'],['Barry Avrich'],['83'],['09'],"['Fatou Bensouda', 'Wesley Clark', 'Alan M. Dershowitz', 'Benjamin Ferencz', 'David Shaffer']",['Prosecuting Evil'],[],[''],[],[]
[' 加拿大'],['凯伦·孟可芙'],[],['10'],"['凯特琳·斯塔西', 'Kate Isaac', 'Warren Abbott', 'Bethany Brown']",['浴缸里的女孩 The Girl in the Bathtub'],['惊悚'],[''],[],[' 英语']
[' 加拿大'],['唐·麦凯勒'],['111'],['09'],"['塔娜亚·比蒂', '格雷厄姆·格林', '坦图·卡丁诺', '帕尔文·考尔', '凯欧瓦·高登', '罗丝安妮·休佩诺特', '达妮埃拉·巴博萨', '高莉莉', 'Glen Gould', 'Anders Yates', '韦斯利·弗兰斯', '乔伊·克莱恩']",['穿过黑云杉 Through Black Spruce'],['剧情'],[''],[],[' 英语']
[' 加拿大'],['Miranda de Pencier'],[],"['09(多伦多电影节)"">2018']",['本·施耐泽'],['灰熊 The Grizzlies'],['剧情'],[''],[],[' 英语']
[' 加拿大'],['Sébastien Pilote'],['96'],['11'],"['Karelle Tremblay', '皮尔-吕克·布里兰特', '弗朗索瓦·帕皮诺', 'Marie-France Marcotte', '吕克·皮卡德']",['再见萤火虫 La disparition des lucioles'],"['剧情', '家庭']",[''],[],[' 法语']
[' 加拿大'],"['Benoît Godbout', '让-弗朗索瓦·波略特', '弗兰克·布里森']",['89'],"['12', '12']","['索哈·鲍尔', '露辛达·戴维斯', 'Tod Fennell', '诺尔·费舍', '道恩·福特']",['冰雪大作战2 Racetime'],"['喜剧', '动画', '冒险']",[''],[],[' 英语']
[' 加拿大 / 美国 / 中国大陆'],['斯科特·斯皮尔'],['106'],['03'],"['罗斯·林奇', '奥利维亚·霍尔特', '哈维·吉兰', '考特尼·伊顿', '格雷格·萨克因', '布瑞克·巴辛格', 'Maude Green', 'Markian Tarasiuk', '安德鲁·海尔', 'Micah', '奥斯汀·奥比晶瓦', 'Vivian Full', ""Tyronne L'Hirondelle"", 'Alexandra Siegel', '尼古拉斯·李']",['状态更新 Status Update'],['喜剧'],[''],[],[' 英语']
[' 加拿大'],['帕特丽夏·罗兹玛'],[],['09'],"['Ari Cohen', 'Ishan Davé', 'David Kohlsmith', 'Ayesha Mansur Gonsalves', 'Taylor Belle Puterman', 'Rebecca Kwan', 'Paloma Nuñez', 'Sarah Camacho', 'Maev Beaty', 'Amy Nostbakken']",['Mouthpiece'],['剧情'],[''],[],[' 英语']
[' 加拿大'],['David I. Strasser'],['97'],['04'],"['杰西·普拉特', 'Julian Paul', '凯蒂·海希达', 'Moishe Teichman', 'Pauline Egan', 'Nina Winkler', 'Saul Camargo', 'Simon Bornhauser', 'Peter Dwerryhouse', 'Matthew Thiessen', 'E.J. Katz', 'Jason Liesch', 'Nick Marinos', 'Matthew Mylrea', 'Victoria Raskin', '比尔·萨奇']",['少年犯 Delinquent'],['犯罪'],[''],[],[' 英语']
[' 澳大利亚 / 加拿大 / 美国'],['詹妮弗·肯特'],['136'],['09'],"['山姆·克拉弗林', '艾斯琳·弗兰乔茜', '达蒙·海瑞曼', '伊文·莱斯利', '查理·肖特韦尔', '纳撒尼尔·迪安', '哈利·格林伍德', '马修·桑德兰', '贝卡利·加纳巴尔', 'Sam Smith', 'Michael Sheasby']",['夜莺 The Nightingale'],"['剧情', '惊悚', '冒险']",[''],[],[' 英语']
[' 加拿大'],['丹尼斯·阿康特'],['127'],"['06', '09(多伦多国际电影节)"">2018']","['马克西姆·罗伊', '雷米·吉拉德', '杨·英格兰德', 'Anoulith Sintharaphone']",['衰落美利坚 La chute de l&#39;empire américain'],['喜剧'],[''],[],[' 法语']
[' 罗马尼亚 / 加拿大'],['尤安娜·乌里卡鲁'],['88'],['02'],"['Mãlina Manovici', 'Dylan Smith', 'Steve Bacic', 'Milan Hurduc']",['柠檬汽水 Lemonade'],['剧情'],[''],[],[' 英语 / 罗马尼亚语']
[' 加拿大'],['Robert Heydon'],['81'],['10'],"['达约·阿德', '沙妮丝·班顿', '克里斯塔·布里吉斯', '亚当·布罗迪', '阿曼达·克鲁', '希拉·麦卡锡']",['伊莎贝尔 Isabelle'],['惊悚'],[''],[],[' 英语']
[' 加拿大'],['王瑞'],['19'],['05'],"['Vasilios Filippakis', 'Francesca Bronk', 'Chase Tang', 'Annabelle Loi']",['窥见 View'],['剧情'],[''],[],[' 英语']
[' 加拿大'],['帕斯卡尔·普朗特'],['87'],"['02', '02(柏林电影节)"">2018']","['Anthony Therrien', 'Rose-Marie Perreault', 'Lysandre Nadeau', 'Brigitte Poupart', 'Nicole-Sylvie Lagarde']",['假纹身 Fake Tattoos'],"['剧情', '爱情']",[''],[],[' 法语']
[' 加拿大'],[],[],[],"['本尼迪克特·康伯巴奇', '马修·古迪', '多米尼克·斯万', '汤姆·莱利', '萨曼莎·莫顿', '吉姆·布劳德本特', '恩佐·科伦蒂', '吉米·卡尔']",['魔法世界 Magik'],"['动画', '奇幻']",[''],[],[' 英语']
[' 加拿大'],['Greg A. Sager'],['85'],['05'],"['Alys Crocker, Brenna Llewellyn, Sean Patrick Dolan']",['灰质 Gray Matter'],"['科幻', '惊悚']",[''],[],[' 英语']
[' 加拿大'],"['Kevin Nikkel', 'Dave Barber']",['86'],"['10(加拿大)"">2018']","['John Paizs', '盖伊·马丁', 'Caroline Monnet']",['TALES FROM THE WINNIPEG FILM GROUP'],[],[''],[],[]
[' 加拿大'],['Félix Dufour-Laperrière'],['76'],[],[],['新城 Ville Neuve'],['动画'],[''],[],[' 法语']
[' 加拿大'],"[""Sean Patrick O'Reilly""]",['79'],['06'],"['马修·凯文·安德森', '阿什莉·鲍尔', 'Elijah Dhavvan', '杰夫·古斯塔夫森', '朱莉安·浩夫']",['奥兹的蒸汽机 The Steam Engines of Oz'],['动画'],[''],[],[' 英语']
[' 加拿大'],['Justin G. Dyck'],[],[],"['Kaitlyn Leeb', 'Scott Cavalheiro', 'Mark Ghanimé', 'Kristen Kurnik', 'Jess Walton', 'Patrick Duffy', 'Vivica A. Fox', 'Brigitte Kingsley', 'Angelina Love', 'Joseph Cannata', 'Boomer Phillips', 'Arisa Cox', 'David Jack', 'Lovell Adams-Gray', 'Mélanie St-Pierre']",['圣诞愿景 Christmas with a View'],"['剧情', '爱情']",[''],[],[' 英语 / 意大利语']
[' 加拿大'],[],['91'],['02'],[],['完美罗曼史 My Perfect Romance'],['爱情'],[''],[],[' 英语']
[' 加拿大'],['Richard MacQueen'],[],['03'],"['James Mullinger', 'Jesse LaPointe', 'Courtney Arsenault']",['匿名僵尸 Anonymous Zombie'],['恐怖'],[''],[],[' 英语']
[' 加拿大'],['Collin Friesen'],['100'],['09'],"['贾斯汀·巴萨', '布鲁斯·格林伍德', '因巴尔·拉维', '何家蓓', '洛丽塔·大卫多维奇', '凯文·麦克唐纳德']",['节哀顺变 Sorry for Your Loss'],"['剧情', '喜剧']",[''],[],[' 英语']
[' 加拿大'],['Robin Hays'],[],['10'],"['卡梅隆·莫纳汉', '佩顿·李斯特', '朱丽叶特·刘易斯', '艾伦·坡尔', '理查德·德克勒克', '祖舒华·克洛斯', '丹尼·伍德伯恩', '内尔斯·莱纳森', '拉吉·拉尔', '斯宾塞·李斯特', 'Grayson Gabriel', '亚历克斯·马克尼科尔', 'Alex McKenna', 'Patti Allan', 'Beau Daniels']",['少年先知的赞歌 Anthem of a Teenage Prophet'],['剧情'],[''],[],[' 英语']
[' 加拿大'],"[""Vince D'Amato""]",[],[],"['David Aboussafy', '里斯·亚历山大', 'Shane Burzynski']",['死亡奥德赛 Odissea Della Morte'],[],[''],[],[' 英语']
[' 加拿大'],['Greg Durrell'],[],['06'],"['Burton Kramer', 'Fritz Gottschalk']",['Design Canada'],[],[''],[],[' 英语']
[' 加拿大'],['Penelope Buitenhuis'],['87'],['08'],"['Shanice Banton', 'Darlene Cooke', '乔尔·加涅', 'Barbara Eve Harris', 'Samantha Munro']",['被偷走的人生 Her Stolen Past'],['惊悚'],[''],[],[' 英语']
[' 加拿大'],['Kristian Lariviere'],['28'],['02'],"['Jennifer Allanson', 'Edith Landreville', 'Candice Lidstone', 'Emily Shanley', 'Fiona Noakes', 'Sam Awwad', 'Christina Roman', 'Andi Cooper']",['母鸡之夜 Hens Night'],"['喜剧', '恐怖']",[''],[],[' 英语']
[' 加拿大 / 南非'],['Richard Boddington'],['87'],['04'],"['Elizabeth Hurley', 'Sam Ashe Arnold', 'Tertius Meintjes', 'Hlomla Dandala', 'Louis Minnaar']",['大象之旅 Phoenix Wilder and the Great Elephant Adventure'],['冒险'],[''],[],[' 英语']
[' 美国 / 加拿大'],['Michael Philip'],['95'],['06'],"['瑞德·李察', '罗伯特·克耐普', '丹尼·特雷霍', '比佛莉·德安姬罗', '史蒂芬 科里蒂', '洛奇林·莫罗', '凯文·P·法利', '欧勒格·塔克塔罗夫', '汉娜·梅·李', 'Lisa De Razzo', '汤米·戴维森', 'Harvey Guillen']",['烂仔帮 Frat Pack'],['喜剧'],[''],[],[' 英语']
[' 加拿大'],"['格瓦伊·埃登肖', '海伦·黑格-布朗']",['100'],['09'],"['泰勒·约克', 'Curtis Brown', 'Diane Brown', '威利·罗斯', 'Greg Brown', 'Toddi Lauren Brown', 'Delores Churchill', 'Zachary Collison', 'Russel Davis', 'Sam Derrick-York', 'Sherri Dick']",['刀刃 SGaawaay K&#39;uuna'],"['剧情', '历史']",[''],[],[' 英语 / 海达语']
[' 加拿大'],['安东尼·迪布拉西'],['103'],['09'],"['Chad Rook', 'J. LaRose', 'Chantal Perron']",['Extremity'],['恐怖'],[''],[],[' 英语']
[' 加拿大'],"['Dimos Vrysellas', 'Aaron Woodley']",[],['01'],"['詹姆斯·弗兰科', '亚历克·鲍德温', '安杰丽卡·休斯顿', '杰瑞米·雷纳', '奥玛·希', '约翰·克立斯', '海迪·克卢姆', '迈克尔·马德森']",['北极正义：雷霆战队 Arctic Justice: Thunder Squad'],['动画'],[''],[],[' 英语']
[' 加拿大'],['Sophie Dupuis'],['88'],['03'],[],['失控夜狂奔 Chien de garde'],['剧情'],[''],[],[' 法语']
[' 加拿大'],['Ian Pfaff'],['93'],['08'],"['杰西·麦特卡尔菲', '艾莉克希娅·法斯特', '萨宾娜·加德克奇', '蒂莫西·V·墨菲', '维罗妮卡·邓恩', '辛塔·劳拉·基尔', '科里·拉奇', 'Tom Maden', 'David Hennessey']",['第九名乘客 The Ninth Passenger'],"['喜剧', '动作', '恐怖']",[''],[],[' 英语']
[' 加拿大'],['Jennifer Westcott'],['60'],['11'],"['莫蕾娜·巴卡琳', '乔什·哈切森', '约翰·克立斯', '马丁·肖特', '杰夫·唐纳姆', '克里斯托弗·贾科特', '萨曼莎·比', '罗伯特·丁克勒', 'George Buza', 'Jean Yoon', '朱莉·勒米厄', 'Scott Farley', 'Carlos Bustamante', 'Steph Lynn Robinson', 'Carly Heffernan']",['小小驯鹿艾略特 Elliot the Littlest Reindeer'],"['动画', '家庭']",[''],[],[' 英语']
[' 加拿大'],['Adam Wood'],[],['12'],"['简·科拉克斯基', '罗莎里奥·道森', '内森·菲利安', '詹姆斯·麦斯登', '罗伯·里格尔', '托马斯·米德蒂奇', '阿尔弗雷德·莫里纳', '博卡·格德斯维特', '克雷格·罗宾森', '威尔·萨索']",['追随者 Henchmen'],['动画'],[''],[],[]
[' 加拿大'],['Andrew Cymek'],[],['01'],[],['致命一顾 a deadly view'],['惊悚'],[''],[],[' 英语']
[' 加拿大'],['菲利浦·勒萨吉'],['129'],['08'],"['诺亚·阿比塔', 'Paul Ahmarani', 'Marc Beaupré', 'Emilie Bierre', 'Émile Bilodeau', '布瑞特·迪尔', '皮埃尔-卢克·冯克', 'Antoine Marchand Gagnon', 'Étienne Galloy', 'Marie Jasmina', '迈伦娜·麦凯', '西奥多·佩尔兰', 'Tomas Ross', '爱德华·特伦布莱·格雷尼尔']",['创性纪 Genèse'],['剧情'],[''],[],[' 法语']
[' 加拿大'],['Alex Caucean'],['70'],[],"['Sam Asante', 'Robert Cormier', 'Sean Rey', 'Nick Biskupek', 'Susannah Mackay', 'James van Langenberg', 'Erik Bell']",['Pyrenees'],"['剧情', '惊悚', '犯罪']",[''],[],[' 英语']
