地区,导演,时长,月份,演员,电影名,类型,评分,评论数,语言
[' 突尼斯 / 比利时 / 法国 / 卡塔尔'],['穆罕默德·本·阿提亚'],['104'],"['05', '11']","['Zakaria Ben Ayyed', 'Mohamed Dhrif', 'Imen Cherif', 'Mouna Mejri', 'Tarik Copty', 'Tahani Sadiki', 'Taylan Mintas']",['亲爱的儿子 ولدي'],['剧情'],['7.3'],['187'],[' 阿拉伯语']
[' 叙利亚 / 法国 / 黎巴嫩 / 卡塔尔'],['苏迪德·卡丹'],['94'],['09'],"['Reham Alkassar', 'Sawsan Arshid', 'Samer Ismail', 'Oweiss Mkhallalati']",['我失去影子的那天 يوم أضعت ظلي'],['剧情'],['6.6'],['195'],[' 阿拉伯语']
[' 智利 / 巴西 / 阿根廷 / 荷兰 / 卡塔尔'],['多明加·索托迈约·卡斯蒂略 Dominga Sotomayor Castillo'],['110'],['08'],"['Demian Hernández', 'Antar Machado', 'Magdalena Tótoro', 'Matías Oviedo']",['死在青春 Tarde para morir joven'],['剧情'],['6.4'],['153'],[' 西班牙语']
[' 法国 / 卡塔尔'],"[""Meryem Benm'Barek-Aloïsi""]",['80'],"['05', '09']","['Maha Alemi', '卢巴纳·阿兹巴尔', '法兹·本沙迪', 'Nadia Benzakour', 'Nadia Niazi', 'Sarah Perles']",['索菲亚 Sofia'],['剧情'],[''],[],[' 法语']
[' 黑山 / 塞尔维亚 / 卡塔尔'],['Ivan Salatić'],['82'],['09'],"['Ivana Vuković', 'Momčilo Pićurić', 'Luka Petrone']",['夜晚属于你 Ti imaš noć'],['剧情'],[''],[],[' 英语 / 塞爾維亞語']
[' 巴勒斯坦 / 美国 / 卡塔尔'],['Bassam Jarbawi'],['108'],[],"['兹亚德·巴克里', 'Areen Omari', 'Jameel Khoury', 'Yasmine Qaddumi', 'Mariam Basha', 'Ahmad Guabeh', '阿米尔·库利']",['螺丝刀 Mafak'],['剧情'],[''],[],[' 阿拉伯语 / 希伯来语']
[' 阿尔及利亚 / 法国 / 卡塔尔 / 黎巴嫩'],['莫扎克·阿洛维奇'],['96'],['09'],"['Abdelatif Benahmed', 'Hacène Benzerari', 'Sarah Layssac', 'Mohamed Oughlis']",['神风 Divine Wind'],['剧情'],[''],[],[' 阿拉伯语']
[' 埃及 / 法国 / 卡塔尔 / 阿联酋'],['Ahmed Fawzi Saleh'],[],[],"['Marihan Magdy', 'Ibrahim El Nagary', 'Mahmoud Hemida']",['有毒玫瑰 ورد مسموم'],['剧情'],[''],[],[' 阿拉伯语']
