地区,导演,时长,月份,演员,电影名,类型,评分,评论数,语言
[' 印尼 Indonesia'],"['Rocky Soraya', 'Anggy Umbara']",['125'],['11'],"['露娜·玛雅', 'Herjunot Ali', 'Clift Sangra']",['活埋之怨 Suzzanna: Bernapas dalam Kubur'],['恐怖'],['4.9'],['83'],[' 印尼语 Indonesian']
[' 印尼 Indonesia'],['Muhammad Yusuf'],['90'],['11'],"['Dara Warganegara', 'Lia Waode', 'Brigitta Cynthia']",['七个天使 Tujuh Bidadari'],['恐怖'],[''],[],[' 印尼语 Indonesian']
[' 印尼 Indonesia'],['Jose Poernomo'],['80'],['12'],"['Zidane Khalid', '苏利亚·萨布特拉', 'Wulan Guritno', 'Nova Eliza', 'Anna Tairas']",['前面 Silam'],['恐怖'],[''],[],[' 印尼语 Indonesian']
[' 印尼 Indonesia'],['Awi Suryadi'],[],['10'],"['斯莱法·达尼什', 'Citra Kirana', 'Darius Sinathrya']",['亚希 Asih'],['恐怖'],[''],[],[' 印尼语 Indonesian']
[' 印尼 Indonesia'],['Helfi C.H. Kardit'],['85'],['10'],"['凯莉·布鲁克', 'Jazz Ocampo', 'Ayu Dyah Pasha']",['巫术 Santet'],['恐怖'],[''],[],[' 英语']
[' 印尼 Indonesia'],['Awi Suryadi'],['92'],['03'],"['Prilly Latuconsina', 'Sandrinna Michelle', 'Shawn Adrian Khulafa']",['Danur 2: Maddah'],['恐怖'],[''],[],[' 印尼语 Indonesian']
