地区,导演,时长,月份,演员,电影名,类型,评分,评论数,语言
[' 澳大利亚 / 美国 / 印度'],['安东尼·马拉斯'],['123'],"['09', '10']","['艾米·汉莫', '纳赞宁·波妮阿蒂', '戴夫·帕特尔', '詹森·艾萨克', '阿努潘·凯尔', '刘承羽', '安格斯·麦克拉伦', '萨钦·乔伯', '蒂尔达·格哈姆-哈维', '维品·沙尔马', '阿布罗伊·辛格', '迪维亚·阿妮', '桑迪普·博雅卡', '齐尼亚·斯塔尔']",['孟买酒店 Hotel Mumbai'],"['剧情', '惊悚', '历史']",['8.4'],['25342'],[' 英语 / 印地语 / 旁遮普语 / 希腊语 / 俄语 / 阿拉伯语 / 乌尔都语 / 波斯语']
[' 印度'],['斯里兰姆·拉格万'],['139'],['10'],"['阿尤斯曼·库拉纳', '塔布', '拉迪卡·艾普特', '安尔·德霍万', '马纳夫·维吉', '阿什维尼·卡尔塞卡', '查亚·卡达姆', '萨基尔·侯赛因', '拉什米·阿格德卡', '莫希尼·凯瓦拉曼']",['调音师 Andhadhun'],"['喜剧', '悬疑', '惊悚', '犯罪']",['8.3'],['428939'],[' 印地语']
[' 印度'],['R·巴尔基'],['140'],"['12', '02']","['阿克谢·库玛尔', '拉迪卡·艾普特', '索娜姆·卡普尔', '乔蒂·苏巴', '森尔·辛', '阿米达普·巴强', '雷·拉维']",['印度合伙人 Padman'],"['剧情', '喜剧', '传记']",['7.6'],['57461'],[' 印地语']
[' 印度'],['Reema Kagti'],[],['08'],['阿克谢·库玛尔'],['金牌 Gold'],"['剧情', '传记', '运动']",['7.6'],['144'],[' 印地']
[' 印度 / 法国 / 新加坡'],['阿蒂提雅·维克拉姆·森古普塔'],['90'],['01'],"['Ratnabali Bhattacharjee', 'Lolita Chatterjee', 'Sumanto Chattopadhyay', '吉姆·萨伯']",['萤火虫 জোনাকি'],['剧情'],['7.5'],['90'],[' 孟加拉语 / 英语']
[' 印度'],['西达夫·马贺拉'],['120'],"['10', '03']","['拉妮·玛克赫吉', '内拉吉·卡比', '萨钦', '苏普丽雅·皮尔加卡尔', '罗特·萨拉夫', '维克拉姆·戈克哈尔', '雷伊·舒克拉', '阿西夫·巴斯拉', '加纳特·拉玛妮', '侯赛因·达拉尔', '伊万·罗德里格斯', '坤纳·斯内德', '哈许‧梅尔', '什库马尔·苏布拉马尼亚姆']",['嗝嗝老师 Hichki'],"['剧情', '喜剧']",['7.5'],['51666'],[' 印地语 / 英语']
[' 印度'],['拉吉库马尔·希拉尼'],['155'],['06'],"['兰比尔·卡普尔', '帕莱什·拉瓦尔', '玛尼沙·柯伊拉拉', '维杰·卡沙尔', '安努舒卡·莎玛', '迪雅·莫扎', '索娜姆·卡普尔', '吉姆·萨伯', '卡里希马·坦纳', '博曼·伊拉尼', '塔布', '马赫什·曼杰瑞卡', '阿施文·穆施拉恩', '萨亚士·希德']",['一代巨星桑杰君 Sanju'],"['剧情', '传记']",['7.5'],['1402'],[' 印地语']
[' 印度'],"['拉希·阿尼尔·巴夫', '安南·甘地', '阿德什·普拉萨德']",['104'],"['08', '10']","['索姆·沙', '田蒂·马舍', '安妮塔·戴特', '朗吉·查克拉博蒂', '迪普克·达姆利']",['塔巴德 तुम्बाड'],"['剧情', '惊悚', '奇幻']",['7.4'],['4536'],[' 印地语']
[' 印度'],['奥米史·舒克拉'],['102'],"['11', '05']","['阿米达普·巴强', '里希·卡普尔', '吉米特·特里韦迪', '达尔曼德拉·吉尔']",['老爸102岁 102 Not Out'],"['剧情', '喜剧']",['7.3'],['12552'],[' 印地语']
[' 印度'],['维卡拉马迪亚·莫特文'],['154'],['06'],"['Harshvardhan Kapoor', 'Priyanshu Painyuli', 'Ashish Verma']",['超级英雄 Bhavesh Joshi Superhero'],"['动作', '犯罪']",['7.2'],['174'],[' 印地语']
[' 印度'],['Abhinay Deo'],['138'],['04'],"['伊尔凡·可汗', 'Kirti Kulhari', '乌尔米拉.马东卡', '迪维亚·达塔', '阿鲁诺德·辛格', '奥米·瓦依达', 'Anuja Sathe', 'Neelima Azim', 'Gajraj Rao', 'Pradhuman Singh', '维布哈·乔希伯尔']",['勒索 Blackmail'],['喜剧'],['7.0'],['2117'],[' 印地语']
[' 印度'],['拉杰·库马尔·古普塔'],['122'],['03'],"['阿贾耶·德乌干', '沙鲁巴·舒克拉', '伊利亚娜·狄克鲁兹', '阿米特·西亚尔', '拉维·汗维尔卡尔']",['袭击 Raid'],"['剧情', '动作']",['6.9'],['755'],[' 英语']
[' 印度'],['夏兰特·卡塔里亚'],['122'],['09'],"['安努舒卡·莎玛', '瓦伦·达瓦', '拉格胡维尔·亚达夫', '纳米特·达斯', '吉恩德拉·沙斯特里']",['印度制造 Sui Dhaaga - Made In India'],"['剧情', '喜剧']",['6.9'],['1357'],[' 印地语']
[' 印度'],['阿南德·蒂瓦里'],['133'],['02'],"['维杰·卡沙尔', 'Angira Dhar', 'Alankrita Sahai', '拉特纳·帕塔克', 'Supriya Pathak']",['方寸之爱 Love Per Square Foot'],['喜剧'],['6.9'],['772'],[' 印地语']
[' 印度'],['梅克纳·古勒扎尔'],['138'],['05'],"['阿莉雅·布哈特', '维杰·卡沙尔', '拉吉特·卡普尔', '什沙尔·夏尔马', '杰德普.阿赫拉瓦迪', '阿里夫·扎卡里亚', '阿姆鲁塔·可汗维卡尔', '桑贾伊·萨里']",['心甘情愿 Raazi'],"['剧情', '动作']",['6.8'],['1004'],[' 印地语']
[' 印度'],['桑杰·里拉·彭萨里'],['164'],['01'],"['迪皮卡·帕度柯妮', '阿努普瑞雅·戈恩卡', '兰维尔·辛格', '沙希德·卡普尔', '阿娣提·拉奥·希达里', '吉姆·萨伯', '拉萨·默拉德', '夏恩·辛格', '曼吉特·辛格', '帕德曼瓦蒂·拉奥']",['印度艳后 Padmaavat'],"['剧情', '爱情', '历史']",['6.8'],['1666'],[' 印地语']
[' 法国 / 印度'],['肯·斯科特'],['92'],['05'],"['丹努什', '贝热尼丝·贝乔', '艾琳·莫里亚蒂', '巴克德·阿巴蒂', '热拉尔·朱尼奥', '本·米勒', '阿贝尔·贾夫里', '莎拉·珍妮·拉布罗丝', '凯·葛利丹努', '阿姆鲁塔·桑特', '希玛·比斯瓦斯', '克里斯蒂安·布朗查特', '斯特凡诺·卡塞蒂', '乌瓦曼古·科内利斯', '甘达夫·德万', '埃德温·吉莱特', '奥卡尔·凯特卡', '波林·马雷查尔', '丹尼勒·尼西', '哈蒂·辛格', '玛尔·索度佩']",['衣柜里的冒险王 The Extraordinary Journey of The Fakir'],"['剧情', '喜剧']",['6.8'],['1007'],[' 英语 / 印度语']
[' 印度'],['Vijay'],['130'],['08'],"['Ditya Bhande', '普拉部·地伐', '艾西瓦娅·拉杰什']",['舞术巨星 Lakshmi'],"['剧情', '歌舞']",['6.8'],['122'],[' 泰米尔语']
[' 印度 / 法国'],['兰迪塔·达斯'],['112'],['05'],"['纳瓦祖丁·席迪圭', '拉塞卡·杜加尔', 'Tahir Raj Bhasin', '里希·卡普尔', '帕莱什·拉瓦尔', '普拉布 科里', 'Vijay Varma', '沙沙恩·阿罗拉', 'Feryna Wazheir', 'Rajshri Deshpande', 'Danish Husain', 'Abhinay Banker', 'Ashwath Bhatt', 'Raghav Dutt']",['芒多传 Manto'],"['剧情', '传记']",['6.7'],['104'],[' 印地语']
[' 印度'],['阿南德·雷'],['164'],['12'],"['沙鲁克·汗', '萨尔曼·汗', '卡特莉娜·卡芙', '安努舒卡·莎玛', '希里黛玉', '阿佩·代沃尔', 'Mohammed Zeeshan Ayyub', 'Sophia Arrington', 'Talley LaFlamme', 'Ava Connolly', 'Bill Billions']",['从零开始 ZERO'],"['剧情', '喜剧', '爱情']",['6.7'],['279'],[' 印地语']
[' 印度'],['阿米特·沙玛'],['135'],['10'],"['阿尤斯曼·库拉纳', '桑亚·玛荷塔', '尼娜·古普塔', '加杰拉杰·饶', '谢巴·查达', '苏雷卡·西克里', '沙杜尔·拉纳', '拉胡尔·特瓦里', '阿伦·卡拉', '阿尔卡·阿明', '马诺·巴克什', '阿尔卡·芭朵拉·卡肖尔', '维米·梅塔']",['喜得千金 Badhaai Ho'],"['剧情', '喜剧', '爱情', '家庭']",['6.6'],['788'],[' 印地语']
[' 印度'],['Ram Kumar'],['170'],['10'],"['Radha Ravi', 'Vishnu Vishal', 'Sangili Murugan', 'Nizhalgal Ravi', '阿玛拉·保罗']",['恶魔 Ratsasan'],"['剧情', '动作', '爱情', '惊悚']",['6.5'],['81'],[' 泰米尔语']
[' 印度'],['伊凡·埃尔'],['97'],['09'],"['吉蒂卡·维迪亚·奥利安', '萨洛尼·巴特拉', '维卡斯·舒克拉', '莫希·查乌汗', '希曼什·科赫利', '高里·查克拉波蒂']",['索妮 Soni'],['剧情'],['6.5'],['369'],[' 印地语']
[' 印度'],['Akarsh Khurana'],['114'],['08'],"['Irrfan Khan', 'Dulquer Salmaan', 'Mithila Palkar']",['寻父之旅 Karwaan'],"['剧情', '喜剧']",['6.4'],['115'],[' 印地语']
[' 印度'],['舒吉特·瑟加'],['115'],['04'],"['瓦伦·达瓦', '芭妮塔·桑德胡', '吉塔姜利·饶', '萨希尔·维多利亚', '尼基塔·阿南德']",['倾城十月 October'],"['剧情', '爱情']",['6.3'],['496'],[' 印地语']
[' 印度'],['Gauravv K. Chawla'],['137'],['10'],"['Saif Ali Khan', 'Radhika Apte', 'Chitrangda Singh']",['商战街 Baazaar'],"['剧情', '惊悚', '犯罪']",['6.1'],['70'],[' 印地语']
[' 印度'],['Gauravv K. Chawla'],['137'],['10'],"['Saif Ali Khan', 'Radhika Apte', 'Chitrangda Singh']",['商战街 Baazaar'],"['剧情', '惊悚', '犯罪']",['6.1'],['70'],[' 印地语']
[' 印度'],['S·尚卡尔'],['148'],['11'],"['拉吉尼坎塔', '阿克谢·库玛尔', '艾米·杰克逊', '阿迪勒·侯赛因', '苏丹舒·潘迪', '卡拉巴万·沙约翰', '阿南特·纳拉扬·马哈德凡', '梅伊尔萨米', '伊莎里·加内什', '凯扎德·科特瓦尔', '巴拉斯·雷迪', '玛雅·S·克里希南']",['宝莱坞机器人2.0：重生归来 2.0'],"['喜剧', '动作', '科幻']",['6.1'],['2200'],[' 泰米尔语 / 泰卢固语 / 印地语']
[' 印度'],['罗希特·谢迪'],[],['12'],"['兰维尔·辛格', '阿贾耶·德乌干', '阿明·阿卜杜勒·奎德', 'Sara Ali Khan', '索努·苏德', 'Suresh Oberoi', 'Siddarth Jadhav', 'Naushaad Abbas']",['辛巴 Simmba'],"['喜剧', '动作']",['6.1'],['115'],[' 印地语']
[' 印度'],['Nikhil Bhat'],['105'],['08'],"['阿见·马瑟', 'Nidhi Singh', 'Sheetal Thakur', '马纳夫·维吉', 'Vijayant Kohli', 'Sunny Hinduja', 'Yogendra Tikku', 'Rajendra Bhatia', 'Aanchal Chauhan', 'Goswami Lalit']",['布里吉·莫汉万岁 Brij Mohan Amar Rahe'],"['剧情', '喜剧', '犯罪']",['6.1'],['67'],[' 印地语']
[' 中国大陆 / 印度 / 巴西 / 俄罗斯 / 南非'],"['刘雨霖', '丹妮拉·托马斯', '伊丽莎维塔·斯蒂肖娃', '阿什维尼·伊耶·蒂瓦里', '萨拉·布兰克']",['99'],['10'],"['玛丽亚·海伦娜·迪拉兹', '翟·巴普蒂斯塔', '奥嘉·多布里娜', '亚历山大·库丁', '沙克希·坦沃', '王珞丹', '刘蓓', '宗平', '曼迪萨·恩杜纳']",['半边天'],['剧情'],['6.1'],['441'],[' 汉语普通话 / 印地语 / 葡萄牙语 / 俄语 / 英语']
[' 印度'],['Sashi Kiran Tikka'],['147'],['08'],"['Adivi Sesh', 'Sobhita Dhulipala', 'Jagapathi Babu']",['间谍 Goodachari'],"['动作', '惊悚']",['6.0'],['160'],[' 泰卢固语']
[' 印度'],['Luv Ranjan'],['138'],['02'],"['努西拉特·巴努查', '卡提克·亚利安', '桑尼·辛格·尼贾尔', '阿洛克·纳特', 'Madhumalti Kapoor', '帕旺·乔普拉', 'Ayesha Raza', 'Virendra Saxena', 'Rajesh Jais', 'Deepika Amin']",['德里三人行 Sonu Ke Titu Ki Sweety'],['爱情'],['6.0'],['304'],[' 印度语']
[' 印度'],['维贾伊·克利须那·阿查里雅'],['164'],"['12', '11']","['阿米尔·汗', '卡特莉娜·卡芙', '阿米达普·巴强', '劳埃德·欧文', '阿明·阿卜杜勒·奎德', '法缇玛·萨那·纱卡', '洛尼特·罗伊', '杰奇·史洛夫', '谢恩·约翰·克鲁格', '巴拉特·巴蒂', '曼吉特·辛格', '乔·阿泽帕迪', '穆罕默德·齐尚·艾布', '瑟仁德·帕尔', '沙棘·乔杜里', '罗曼·扬科维奇']",['印度暴徒 Thugs of Hindostan'],"['喜剧', '动作', '冒险']",['5.9'],['19958'],[' 印地语']
[' 印度'],['阿赫梅德·坎'],['137'],['03'],"['泰戈尔·什罗夫', '迪莎·帕塔尼', '马诺杰·巴杰帕伊', '兰迪普·弘达', '迪帕克·迪布里亚尔', '普拉提克·巴巴尔', '达山·库马尔', '杰奎琳·费南德斯', '拉克希米·曼楚', '维品·沙尔马']",['为爱叛逆2之逆战到底 Baaghi 2: A Rebel For Love'],"['动作', '惊悚']",['5.8'],['392'],[' 印地语 / 英语']
[' 印度'],['西瓦·科拉塔拉'],['173'],"['04', '04']","['迈赫什·巴布', '普拉卡什·拉贾', '伽罗·阿德瓦尼', '亚什泊尔·沙玛', '萨拉特·库马尔', '布拉玛吉', 'P·拉维·尚卡尔', '德瓦拉杰']",['巴拉特 Bharath Ane Nenu'],"['剧情', '动作']",['5.7'],['181'],[' 泰卢固语']
[' 印度'],['里寞'],['160'],['06'],"['亚尼·卡普', '萨尔曼·汗', '杰奎琳·费南德斯', '波比·戴尔', '黛西·沙阿', '萨基布·萨利姆']",['生死竞赛 3 Race 3'],"['剧情', '动作']",['5.7'],['189'],[' 印地语']
[' 印度'],['莉娜·亚达夫'],['117'],['11'],"['艾米拉·达斯特', '阿帕尔夏克提·库拉那', '谢巴·查达', '里希·卡普尔', 'Mukesh Chhabra', 'Manu Rishi Chadha', '布里杰德拉·卡拉', 'Harish Khanna', '吉恩德拉·沙斯特里']",['拉杰玛·查瓦尔 Rajma Chawal'],"['剧情', '喜剧', '家庭']",['5.7'],['73'],[' 印地语']
[' 印度'],"['卓娅·阿赫塔尔', '迪巴卡尔·班纳吉']",['120'],['06'],"['拉迪卡·艾普特', '布米·佩德卡尔', '玛尼沙·柯伊拉拉', '桑杰·卡普尔', '维杰·卡沙尔', '基娅拉·阿德瓦尼', '内尔·布法拉姆', '杰德普.阿赫拉瓦迪', '阿卡什·托萨尔', '内哈·迪胡皮阿', '兰迪普·杰哈', '阿明·阿卜杜勒·奎德', '阿布罗伊·辛格']",['爱欲故事 Lust Stories'],['剧情'],['5.6'],['172'],[' 印地语']
[' 美国 / 印度 / 加拿大'],['伊莱·罗斯'],['104'],"['11', '09']","['杰克·布莱克', '凯特·布兰切特', '欧文·瓦卡罗', '凯尔·麦克拉克伦', '芮妮·戈兹贝里', '考林·加普', '桑尼·苏尔季克', '洛伦扎·伊佐', '布拉克斯顿·比肯', 'Vanessa Anne Williams', '查尔斯·格林', ""De'Jon Watts"", '艾伦·比尔纳', 'Christian Calloway', '伊莱·罗斯', 'Anna Chuancheun', '德梅特里·兰德尔', '佩拉·米德尔顿']",['滴答屋 The House with a Clock in its Walls'],"['喜剧', '惊悚', '奇幻', '冒险']",['5.5'],['13903'],[' 英语']
[' 印度'],['Prosit Roy'],['137'],['03'],"['安努舒卡·莎玛', '帕拉姆巴拉塔·查特吉', '拉贾特·卡普尔', 'Ritabhari Chakraborty', 'Dibyendu Bhattacharya']",['黑仙女 Pari'],"['惊悚', '恐怖']",['5.1'],['471'],[' 印地语']
[' 印度'],['瓦桑·巴拉'],['134'],['09'],"['里瓦·阿罗拉', '阿布希曼努·达萨尼', '古山·德瓦亚', '萨蒂亚吉特·加努', '萨尔塔吉·卡卡尔', '马赫什·曼杰瑞卡']",['无痛侠 Mard Ko Dard Nahin Hota'],"['喜剧', '动作']",['5.1'],['946'],[' 印地语']
[' 美国 / 印度 / 阿联酋'],['Maurice Haeems'],['80'],['02'],"['亨利·伊安·库斯克', '凯瑟琳·奎南', 'Erika Ervin', '詹娜·哈里森', 'Karishma Ahluwalia', 'Jennifer Gjulameti', 'Raviv Haeems', 'Kaavya Jayaram', 'Lawrence Sampson']",['怪兽应变 Chimera Strain'],"['剧情', '科幻', '惊悚']",['3.9'],['216'],[' 英语']
[' 印度'],['Shakti Soundar Rajan'],['130'],['06'],"['杰亚姆·拉维', 'Nivetha Pethuraj', 'V. Jayaprakash', '拉梅什·蒂拉克', 'Rethika Srinivas', 'Aarav', '伦阿兹', 'Vincent Ashokan', 'Aathma Patrick', 'Arjunan']",['炸星记 Tik Tik Tik'],"['动作', '科幻', '冒险']",['3.5'],['246'],[' 泰米尔语']
[' 印度'],['Priya Ramasubban'],[],[],[],['Chuskit'],"['家庭', '儿童']",[''],[],[' Ladakhi']
[' 印度'],['Bobby Sarma Baruah'],['75'],[],"['Mala Goswami', 'Tsering Dorjee Khrimey', 'Rajib Kro', 'Prem Dorjee Monoji']",['米辛 Mishing'],"['剧情', '悬疑', '惊悚']",[''],[],[' 泰卢固语']
[' 印度/乌克兰'],['Dar Gai'],['84'],[],"['Namdev Gurav', 'Aarya Dave', 'Zoya Hussain']",['寻静之旅 Namdev Bhau'],[],[''],[],[]
[' 印度'],[],[],[],"['施卢蒂·哈森', 'Arya', 'Jeyam Ravi']",['Sangamithra'],"['动作', '历史', '冒险']",[''],[],[]
[' 印度'],['Tarun Mansukhani'],['147'],[],"['苏尚特·辛格·拉吉普特', '杰奎琳·费南德斯', '桑尼·帕沃', '博曼·伊拉尼', '扎卡里·柯芬', '苏迪普']",['亡命驾驶 Drive'],"['剧情', '动作', '犯罪']",[''],[],[' 印度语']
[' 印度'],[],[],[],[],['Saheb Biwi Aur Gangster 3'],[],[''],[],[]
[' 印度'],['Radheshyam Pipalwa'],['112'],[],[],['CHIDI BALLA'],[],[''],[],[]
[' 印度'],[],[],[],[],['Silsila Badalte Rishton Ka'],[],[''],[],[]
[' 印度'],['Yogambar Bargav'],[],[],"['Anirudh Acharya', 'Rakesh Adiga', 'Rakshan Albert', 'Avinash', 'Malavika Avinash', 'Bhupendra', 'Bijju', 'Shreyas Chinga', 'Sarah Harish', 'Suhas Karanth']",['David Kannada Film'],"['剧情', '惊悚', '恐怖']",[''],[],[' 卡纳达语']
[' 印度'],['Prakash Kunte'],[],[],['Hrishikesh Joshi'],['Cycle'],[],[''],[],[]
[' 印度'],['Prosenjit Choudhury'],[],[],[],['Din Ratrir Golpo'],[],[''],[],[' 孟加拉语']
[' 印度'],['sailen de'],['10'],[],[],['The Unknown Citizen'],[],[''],[],[]
[' 印度'],['Kunal Kohli'],[],[],"['特曼娜·芭蒂亚', 'Sundeep Kishan', 'Pamela Cook', 'Gerald Maliqi', '孙薇晨', 'Jamie Langlands', '凯文·马塔迪恩', 'Kristine Fernandez', 'Nisha George', '克莱尔·阿什顿']",['Love Otsavam'],['喜剧'],[''],[],[' 泰卢固语']
[' 印度'],['R. Indrasena'],['129'],['10'],"['Nara Rohith', 'Shriya Saran', 'Sree Vishnu']",['Veera Bhoga Vasantha Rayalu'],"['惊悚', '犯罪']",[''],[],[' 泰卢固语']
[' 印度'],['Sriram Raja'],['80'],[],[],['Half Songs'],[],[''],[],[]
[' 印度'],['Gopi Ganesh'],['138'],['12'],[],['Bluff Master'],"['惊悚', '犯罪']",[''],[],[' 泰卢固语']
[' 印度'],['Dharani rajendran'],['95'],[],[],['Pride of wisdom'],[],[''],[],[]
[' 印度'],['Sanjoy Nag'],['78'],[],"['索妮·拉兹丹', 'Pankaj TRIPATHI', '阿哈娜·卡姆拉']",['敬上 YOURS TRULY'],[],[''],[],[]
[' 印度 / 美国'],['比朱·达莫达兰'],['145'],[],"['普拉卡什·巴雷', 'Geetanjali Thapa', 'Ritabhari Chakraborty', 'Shankar Ramakrishnan', 'Meera Vasudevan', 'Krishnan Balakrishnan', 'Purav Goswami', 'Phunsok Ladhakhi', 'Ravi Singh', 'Melwyn Williams']",['描画生活 Painting Life'],['剧情'],[''],[],[' 英语 / 印地语 / 低地德语']
[' 印度'],['Dinesh Selvaraj'],['128'],['12'],[],['Thuppaki Munai'],"['动作', '爱情', '惊悚']",[''],[],[' 泰米尔语']
[' 印度'],['Sree Harsha Konuganti'],['140'],['12'],[],['警告 Hushaaru'],[],[''],[],[' 泰卢固语']
[' 印度'],['Santhossh Jagarlapudi'],['133'],['12'],[],['Subrahmanyapuram'],['惊悚'],[''],[],[' 泰卢固语']
[' 印度'],['Radha Mohan'],['130'],['11'],"['Jyothika', 'Vidharth']",['Kaatrin Mozhi'],"['剧情', '喜剧']",[''],[],[' 泰米尔语']
[' 印度'],['Prerna Wadhawan'],['118'],['09'],"['Manish Anand', 'Richa Chadha', '尼尔·尼汀·穆科什']",['恋人 Ishqeria'],"['喜剧', '爱情']",[''],[],[' 印地语']
[' 印度'],['Amitabha Chatterjee'],['118'],[],[],['Ami O Manohor'],['剧情'],[''],[],[' 孟加拉语']
[' 印度'],['Sachin Agarwal'],[],['09'],"['Sezal Sharma', 'Deepans Garge', 'Zakir Hussain']",['Game Paisa Ladki'],['剧情'],[''],[],[' 印地语']
[' 印度'],['Nitin Kakkar'],['119'],['09'],"['Jackky Bhagnani', 'Kritika Kamra', 'Prateik']",['阴差阳错 Mitron'],"['剧情', '喜剧', '爱情']",[''],[],[' 印地语 Hindi']
[' 美国 / 印度'],['Richard Finn'],[],['08'],"['Andrew Toth', 'Maya Kay', 'Alan Marriott', 'Maureen Jones', 'Lee Tockar', 'Jonathan Holmes']",['北极熊诺姆：王国之匙 Norm of the North: Keys to the Kingdom'],"['喜剧', '动画', '家庭']",[''],[],[' 英语']
[' 印度'],['卡马尔·哈山'],[],['08'],"['卡马尔·哈山', '拉胡尔·博斯', '谢卡尔·卡普尔', 'Pooja Kumar', 'Andrea Jeremiah', '杰德普.阿赫拉瓦迪', 'Anant Mahadevan', '瓦希达·拉赫曼', 'Russell Geoffrey Banks', 'Damian Mavis', 'Steven Clarke']",['无相劫 2 Vishwaroopam 2'],[],[''],[],[]
[' 印度'],['普利亚当沙'],['41'],['04'],"['普拉卡什·拉吉', '什雷娅·雷迪', '阿肖克·塞尔万']",['人生有时 Sila Samayangalil'],"['剧情', '喜剧']",[''],[],[]
[' 印度'],['Jayaraaj'],[],[],[],['Raudram 2018'],[],[''],[],[]
[' 印度'],['Arup Manna'],[],[],[],['Aamrityu'],[],[''],[],[]
[' 印度'],['Kanwal Sethi'],[],[],"['Priyanshu Painyuli', '内拉吉·卡比', '莎法莉·什提', '拉塞卡·杜加尔', 'Bidita Bag', 'Bhagwan Tiwari', 'Narendra Jetley']",['我与明星坠爱河 Once Again'],['爱情'],[''],[],[' 英语']
[' 印度'],['Akash Goila'],[],['01'],"['Sanaya Irani', 'Vicky Kadian', '苏米特·古拉蒂']",['Dum Dum Dumroo'],[],[''],[],[' 印度语']
[' 印度'],['Jasmeet K. Reen'],[],['12'],"['佩丽冉卡·曹帕拉', 'Pooja Kumar', '苏尚特·辛格·拉吉普特']",['Gustakhiyan'],['传记'],[''],[],[' 印地语']
[' 印度'],['Rahul Sankrityan'],['137'],['11'],"['Vijay Deverakonda', 'Priyanka Jawalkar', 'Madhunandan', 'Malavika Nair', 'Vishnu Oi', 'Ravi Prakash', 'Shiju', 'Uttej', 'Ravi Varma', 'Mahesh Vitta']",['Taxiwaala'],"['喜剧', '惊悚']",[''],[],[' 泰卢固语']
[' 印度'],['K.S. Ravikumar'],['162'],[],"['Nithya Menon', '苏迪普']",['变身大盗 Kotikokkadu'],"['剧情', '动作']",[''],[],[]
[' 印度'],['Sambit Mohanty'],['97'],[],"['Prakruti Misra', 'Partha Ray', 'Priyambada Ray']",['Hello Arsi'],['剧情'],[''],[],[' 印地语']
[' 印度'],['拉贾特·卡普尔'],['96'],[],"['兰维尔·肖里', 'Mansi Multani', '拉贾特·卡普尔']",['Kadakh'],['剧情'],[''],[],[' 印地语 / 英语']
[' 印度 / 英国'],['Renjith'],['146'],[],"['莫哈恩拉', 'Kaniha', 'Arundathi Nag']",['Drama'],[],[''],[],[' Malayalam']
[' 印度'],['Karan Kashyap'],[],[],"['Lalit Parimoo', 'Sheetal Dimri', 'Abhisek Pandey']",['Kathor'],[],[''],[],[]
[' 印度'],['R.S. Naidu'],[],[],[],['Nannu Dochukunduvate'],[],[''],[],[]
[' 印度'],['P C Shekar'],[],[],['Ragini Dwivedi'],['The Terrorist'],"['剧情', '惊悚']",[''],[],[' 坎纳达语']
[' 印度'],['Devashish Makhija'],['128'],[],"['马诺杰·巴杰帕伊', 'Santosh Juvekar', 'Ipshita Chakraborty Singh']",['博恩索 Bhonsle'],[],[''],[],[]
[' 印度'],['C.S. Amudhan'],[],[],[],['Thamizh Padam 2'],[],[''],[],[]
[' 印度'],['Amjad Khan'],[],[],[],['Gul Makai'],[],[''],[],[]
[' 印度'],['Ankit Jaiswal'],[],[],"['Siddharth Shrivastav', 'Zeba Anjum Kausar', 'Masoom Shankar']",['Toast With The Ghost'],['恐怖'],[''],[],[' 印地语']
[' 印度'],['Vandana Kataria'],['108'],[],"['Kunal Kapoor', 'Mohammed Ali Mir', 'Sunil Drego']",['贵族 Noblemen'],"['剧情', '同性']",[''],[],[' 印地语']
[' 印度'],[],[],[],[],['august-creek'],[],[''],[],[]
[' 印度'],['Subhash Kapoor'],[],[],['阿克谢·库玛尔'],['Mogul: The Gulshan Kumar Story'],"['剧情', '音乐', '传记']",[''],[],[' 印地']
[' 印度'],['Santhosh P. Jayakumar'],[],[],"['Arya', '萨耶莎·赛加尔', 'RJ Balaji', 'Karunakaran', 'Sathish']",['健忘先生 Gajinikanth'],"['剧情', '喜剧']",[''],[],[' 泰米尔语']
[' 印度'],['Jahnu Barua'],[],[],"['Zerifa Wahid', '希玛·比斯瓦斯', 'Bishnu Kharghoria']",['ভগা খিৰিকী'],[],[''],[],[' 阿萨姆语']
[' 印度'],['Nikhil Mahajan'],[],[],[],['国家vs马尔蒂·哈斯克 State vs. Malti Mhaske'],"['惊悚', '犯罪']",[''],[],[' 印地语']
[' 印度'],['鲁兹贝赫·拉希迪'],[],[],[],['Phantom Islands'],[],[''],[],[]
[' 印度'],['Kabir Chowdhry'],['99'],"['05', '06']","['Jagjeet Sandhu', 'Navjot Randhawa', 'Lal Chand', 'Devrath Joshi', 'Surinder Sonia']",['Mehsampur'],[],[''],[],[' 旁遮普语 / 英语 / 印地语']
[' 印度'],['Aazaad'],['122'],['11'],[],['拉什特拉普特拉 Rashtraputra'],"['动作', '传记']",[''],[],[' 印度语']
[' 印度'],['罗珊·安德鲁斯'],['152'],['10'],[],['印度罗宾汉 Kayamkulam Kochunni'],"['剧情', '动作', '历史']",[''],[],[' 印度语']
[' 印度'],['N. Linguswamy'],['155'],['09'],[],['Sandakozhi 2'],"['剧情', '动作']",[''],[],[' 泰米尔语']
[' 印度'],['Navaniat Singh'],['145'],['08'],"['达尔门德拉', '桑尼·戴尔', '波比·戴尔', 'Kriti Kharbanda']",['Yamla Pagla Deewana Phir Se'],[],[''],[],[' 印地语']
[' 印度'],"['Rishabh Nayan', 'Indresh Singh']",[],['08'],"['Karan Sharma', 'Rohit Singh', 'Garima Sharma']",['遐想 Reveries'],[],[''],[],[' 印地语']
[' 印度'],['Pranav M. Patel'],['135'],['06'],"['Chetan Daiya', 'Haresh Daghiya', 'Rajan Thakar', 'Samarth Sharma', 'Divya Bhatt', 'Yesha Gandhi', 'Sanjay Prajapati', 'Anjali Daiya', 'Himmat Vans', 'Munsafali Saiyad']",['Sex Education'],['剧情'],[''],[],[' 古加拉特语']
[' 印度'],['Karthik Subbaraj'],[],['04'],"['Gajaraj', 'Ramya Nambeeshan', 'Prabhudheva', 'Sananth Reddy']",['汞 Mercury'],"['惊悚', '恐怖']",[''],[],[]
[' 印度'],['Sreenu Vaitla'],['142'],['11'],[],['三一真神 Amar Akbar Anthony'],['动作'],[''],[],[' 泰卢固语']
[' 印度'],['Chakri Toleti'],['90'],['02'],"['索娜什·辛哈 ', 'Diljit Dosanjh', 'Karan Johar', '拉腊·杜塔', '博曼·伊拉尼', '萨尔曼·汗']",['欢迎来到纽约 Welcome to New York'],['喜剧'],[''],[],[' 印度语']
[' 印度'],['Onir'],[],['02'],"['Geetanjali Thapa', 'Zain Khan Durrani', 'Shray Rai Tiwari', '莫娜·安伯加卡尔', 'Saheb Bhattacharjee', 'Sourav Das', 'Debopriya', 'Sahil Agarwal', 'Soumya Mukherjee', 'Shankhu Karmakar', 'Udai Shankar', 'Moumita', 'Shefali Chauhan', 'Barun Chanda']",['再见我的爱人 Kuch Bheege Alfaaz'],['爱情'],[''],[],[' 印地语']
[' 印度'],['Sriwas'],[],['02'],"['Sai Srinivas Bellamkonda', '普嘉·海婅', 'Sarath Kumar', 'Jagapathi Babu', 'Meena', 'Pavithra Lokesh']",['Saakshyam'],['动作'],[''],[],[' 泰卢固语']
[' 印度'],['Lenin Bharathi'],['122'],['02'],"['Antony', 'Gayatri Krishnan', 'Abu Valayamkulam']",['西高止山脉 Merku Thodarchi Malai'],['剧情'],[''],[],[' 泰米尔语']
[' 印度'],['Venky Kudumula'],['120'],['02'],"['Rashmika Mandanna', 'Rajendran', '克利须那·穆拉里·波萨尼', 'Vennela Kishore', 'Naga Shaurya', 'Raghu Babu', 'Achyuth Kumar']",['恰露 Chalo'],"['剧情', '喜剧', '家庭']",[''],[],[' 泰卢固语']
[' 印度'],['Ravi Babu'],['110'],"['01', '11']",['Nabha Natesh'],['疯狂的小猪 Adhugo'],"['剧情', '喜剧']",[''],[],[' 泰卢固语']
[' 印度'],['Safdar Rahman'],[],['10'],"['桑尼·帕沃', 'Chandan Roy Sanyal', 'Sumeet Thakur']",['看不懂的信 Chippa'],['剧情'],[''],[],[' 印地语']
[' 印度'],['普里·贾加纳斯'],['152'],['05'],"['Gautam Kurup', 'Akash Puri', 'Amit Anand Raut', 'Vishu Reddy', 'Murli Sharma', 'Neha Shetty']",['爱人 Mehbooba'],"['剧情', '战争']",[''],[],[' 印度语']
[' 印度'],"['Manoj J. Bhatia', 'Suresh Thomas']",['80'],['11'],"['Manisha Yadav', 'Ankita Parihar', 'Vaishnavi Shenvi']",['I am Roshni'],"['剧情', '爱情', '家庭']",[''],[],[' 印地语 Hindi']
[' 印度'],['Kirtan Patel'],[],['07'],"['Dev Desai', 'Om Bhatt', 'Krish Dharam Chauhan', '达尔曼德拉·吉尔', 'Bhavini Janii', 'Rajeev Mehta', 'Karan Patel', 'Ami Trivedi']",['后进生 BackBencher'],['剧情'],[''],[],[' 古加拉特语']
[' 印度'],['R. Ajay Gnanamuthu'],['170'],['08'],[],['绝命秒杀 Imaikkaa Nodigal'],"['剧情', '惊悚', '犯罪']",[''],[],[' 泰米尔语']
[' 印度'],['什里·那拉扬·辛'],['161'],['09'],"['沙希德·卡普尔', '施拉达·卡普尔', 'Yami Gautam', '迪韦严杜·沙玛']",['电表人生 Batti Gul Meter Chalu'],"['剧情', '喜剧']",[''],[],[' 印地语']
[' 印度'],['丽玛·达斯'],['95'],['09'],"['Pakija Begam', 'Arnali Das', 'Manabendra Das', 'Manoranjan Das', 'Bonita Thakuriya']",['布尔比尔能唱歌 Bulbul Can Sing'],['剧情'],[''],[],[]
[' 印度'],['Prasanth Varma'],['150'],['02'],"['卡加·艾嘉', '内森·梅农', 'Srinivas Avasarala']",['Awe!'],"['科幻', '惊悚']",[''],[],[' 泰卢固语']
[' 印度'],['维克拉姆·哈特'],['144'],['01'],"['莎任·可汗', 'Karan Kundrra', '曼吉特·辛格', '维克拉姆·哈特', 'Rachel Shaw', 'Jazz Gee']",['1921'],"['爱情', '惊悚', '恐怖']",[''],[],[' 印地语']
[' 印度'],['Q'],[],['02'],"['Tanmay Dhanania', 'Satarupa Das', 'Trimala Adhikari']",['垃圾 Garbage'],"['剧情', '同性']",[''],[],[' 印地语']
[' 印度'],['Shankar'],[],['02'],"['Chammak Chandra |', 'Raghu Babu']",['Raa Raa'],[],[''],[],[' 英语']
[' 印度'],['Rohena Gera'],['99'],['05'],[],['印度灰姑娘 Sir'],['剧情'],[''],[],[' 印地语']
[' 印度'],['Vasanth'],[],[],[],['சிவரஞ்சனியும் இன்னும் சில பெண்களும்'],['剧情'],[''],[],[' 泰米尔语']
[' 印度'],['Amartya Bhattacharyya'],[],[],[],['Runanubandha'],[],[''],[],[' 孟加拉语']
[' 印度'],['Balaji Tharaneetharan'],['173'],['12'],[],['阿亚传奇 Seethakaathi'],[],[''],[],[' 泰米尔语']
[' 印度'],['Hanumantha Rao Raghavapudi'],['158'],['12'],"['Sharvanand', '赛·帕拉维', 'Darbha Appaji Ambarisha']",['失忆的爱 Padi Padi Leche Manasu'],['爱情'],[''],[],[' 泰卢固语']
[' 印度'],['Jahnu Barua'],[],[],"['Zerifa Wahid', '希玛·比斯瓦斯', 'Bishnu Kharghoria']",['ভগা খিৰিকী'],[],[''],[],[' 阿萨姆语']
[' 印度'],['Shashanka Ghosh'],['135'],['06'],"['卡琳娜·卡普尔', '索娜姆·卡普尔', 'Neena Gupta', 'Swara Bhaskar', 'Ekavali Khanna', 'Edward Sonnenblick', 'Anjum Rajabali', 'Kavita Ghai', 'Sumeet Vyas', 'Vivek Mushran', 'Manoj Pahwa', 'Ayesha Raza', 'Vishwas Kini', 'Shikha Talsania', 'Alka Badola Kaushal']",['我兄弟的婚礼 Veere Di Wedding'],['喜剧'],[''],[],[' 印地语 Hindi']
[' 印度'],['阿俊·穆克吉'],['100'],['03'],"['瑞恰·查达', '沙尔曼·乔希', 'Pulkit Samrat', 'Renuka Shahane']",['不平静的公寓 Three Stories'],['剧情'],[''],[],[' 印地语']
[' 印度'],['Rajiv Menon'],['131'],['10'],"['G·V·普拉卡什·库马尔', 'Nedumudi Venu', 'Aparna Balamurali', '梵持', 'Divyadarshini']",['乐鼓节拍 சர்வம் தாளமயம்'],"['剧情', '音乐']",[''],[],[' 泰米尔语']
[' 印度'],['Samit Kakkad'],['90'],[],"['Priyanka Bose', 'Vaibhav Raj Gupta', 'Ankit Raaj']",['去你的爱 Ascharyachakit!'],"['剧情', '爱情']",[''],[],[' 印地语']
[' 印度'],['Manish Vatsalya'],['131'],['10'],"['尼尔·尼汀·穆科什', '蒂娜·德赛', 'Manish Vatsalya']",['死亡忌日 Dassehra'],"['动作', '惊悚']",[''],[],[' 印地语']
[' 印度'],['纳格·阿什温'],['177'],['05'],"['凯瑟瑞·苏雷什', '杜奎尔·沙尔曼', '萨曼莎·鲁斯·帕布', '维杰·德韦拉科达', 'Rajendraprasad', 'Bhanupriya', 'Divyavani', 'Mohan Babu', '普拉卡什·拉贾', 'Srinivas Avasarala', 'Irfan', 'Naga Chaitanya Akkineni', 'Manobala', 'Malavika Nair', 'Shalini Pandey', 'Radha Krishna Jagarlamudi', '塔尼克拉·巴拉尼', '拉姆·查兰·特哈']",['妮桑卡娜·萨维特丽传奇 మహానటి'],"['剧情', '传记']",[''],[],[' 泰卢固语 / 泰米尔语']
[' 印度'],['加雅拉杰'],['123'],['07'],"['Bilas Chandrahasan Nair', 'Renji Panicker', 'Asha Sharath']",['恐惧 ഭയാനകം'],"['剧情', '惊悚']",[''],[],[' 马拉雅拉姆语']
[' 印度'],['J·P·杜塔'],['150'],['09'],"['阿俊·拉姆鲍', '杰奇·史洛夫', '阿明·阿卜杜勒·奎德', '索努·苏德', '索娜尔·楚罕', '伊莎 季普拉', '哈什瓦汉·拉纳', 'Monica Gill', 'Gurmeet Choudhary', 'Rohit Roy', '卢万·辛']",['帕尔坦 Paltan'],"['剧情', '动作', '历史', '战争']",[''],[],[' 印地语']
[' 印度'],['Vakkantham Vamsi'],[],['05'],"['阿留·阿俊', '博曼·伊拉尼', 'Anu Emmanuel', 'Arjun Sarja', 'Nadia Moidu', 'Sarath Kumar', 'Rao Ramesh', 'Rubina Naaz']",['印度狂战士苏亚 Naa Peru Surya Na Illu India'],"['剧情', '动作']",[''],[],[' 泰卢固语']
[' 印度'],['Zakariya'],['123'],['03'],"['Soubin Shahir, Samuel Abiola Robinson, Savithri Sredharan']",['异国情谊 സുഡാനി from നൈജീരിയ'],"['喜剧', '运动']",[''],[],[' 马拉雅拉姆语']
[' 印度'],['Sukumar'],['170'],['03'],"['拉姆·查兰·特哈', '萨曼莎·鲁斯·帕布', 'Aadhi', '普嘉·海婅', '普拉卡什·拉贾', 'Gautami', 'Jagapathi Babu']",['兰伽斯塔拉姆恩仇录 Rangasthalam'],"['剧情', '动作']",[''],[],[' 泰卢固语']
[' 印度'],['Hardik Mehta'],['111'],[],"['迪帕克·迪布里亚尔', 'Nasirr Khan', '桑杰·米什拉', 'Mukesh Prajapati', 'Devika Vatsa']",['圆形图 Kaamyaab'],['剧情'],[''],[],[' 印地语']
[' 印度'],['维特里·马拉朗'],['164'],['10'],"['丹努什', '艾西瓦娅·拉杰什', 'Andrea Jeremiah', 'Ameer Sultan', 'Samuthirakani', 'Kishore Kumar G.', 'Daniel Balaji', 'Karunas', 'Pavan', 'Radha Ravi']",['钦奈风云 Vada Chennai'],"['动作', '犯罪']",[''],[],[' 泰米尔语']
[' 印度'],['Prashanth Neel'],['170'],['12'],"['Yash', 'Srinidhi Shetty', 'Ramachandra Raju', 'Archana Jois', 'Anant Nag', 'Vasishta N. Simha', '特曼娜·芭蒂亚']",['科拉尔金矿 K.G.F: Chapter 1'],"['剧情', '动作']",[''],[],[' 埃纳德语 / 泰卢固语']
[' 印度'],['Amar Kaushik'],['128'],['08'],"['施拉达·卡普尔', '拉吉·库玛', '潘卡·特里帕蒂', '阿帕尔夏克提·库拉那', 'Abhishek Banerjee', '维贾伊·拉齐', 'Aakash Dabhade']",['女鬼 Stree'],['恐怖'],[''],[],[' 印地语']
[' 印度'],"['Mari Selvaraj', 'Prabunath']",[],['09'],"['Kathir', 'Anandhi', 'Yogi Babu', 'Lijeesh', 'Hari', 'Shanmugha Rajan', 'G. Marimuthu', ""'Poo' Ram"", 'Karate Venkatesan', 'Andony Dasan']",['巴里亚 Pariyerum Perumal'],['剧情'],[''],[],[' 泰米尔语']
[' 印度'],['Shashank Khaitan'],['137'],['07'],"['Janhvi Kapoor', '艾萨·安哈尔', '阿舒托史.拉纳']",['跳动的心 Dhadak'],['爱情'],[''],[],[' 印地语']
[' 印度'],['阿皮谢克·卡普尔'],[],['12'],"['苏尚特·辛格·拉吉普特', 'Sara Ali Khan', 'Nitish Bharadwaj', '阿尔卡·阿明 Alka Amin', '索纳利·萨查德夫', 'Pooja Gor', 'Nishant Dahiya', 'Tarun Gahlot', 'Mir Sarwar']",['凯达尔纳特 Kedarnath'],"['剧情', '爱情']",[''],[],[' 印地语']
[' 印度'],['多米尼克·桑马'],['124'],['10'],['菲利普·桑玛'],['昨夜星辰 MA•AMA'],['剧情'],[''],[],[]
[' 印度'],['拉姆'],['148'],['01'],"['安佳里', '玛摩缇', '塞德哈纳']",['向死而生 Peranbu'],[],[''],[],[' 泰米尔语']
[' 印度'],['Sankalp Reddy'],['131'],['12'],"['Varun Tej', '阿娣提·拉奥·希达里', 'Lavanya Tripathi']",['深太空时速9000公里 Antariksham 9000 kmph'],"['科幻', '冒险']",[''],[],[' 泰卢固语']
[' 印度'],['C. Prem Kumar'],['158'],['10'],"['Vijay Sethupathi', 'Varsha Bollamma', 'Devadarshini Chetan', 'Trisha Krishnan']",['96'],['剧情'],[''],[],[' 泰米尔语 Tamil']
[' 印度'],['米拉帕·扎韦里'],['140'],['08'],"['约翰·亚伯拉罕', '马诺杰·巴杰帕伊', '阿姆鲁塔·可汗维卡尔', 'Aisha Sharma']",['真理战胜 Satyameva Jayate'],"['剧情', '动作', '歌舞', '犯罪']",[''],[],[' 印地语 Hindi']
[' 印度'],['Siddique'],['152'],['05'],"['阿尔文德·斯瓦米 Arvind Swamy', '阿马拉·保罗 Amala Paul']",['我的流氓爹地 Bhaskar Oru Rascal'],"['喜剧', '动作', '爱情']",[''],[],[' 泰米尔语 Tamil']
[' 印度'],['Vijay Chandar'],['132'],['01'],"['维克拉姆', '特曼娜·芭蒂亚', 'Sriman']",['斯凯奇 Sketch'],"['动作', '惊悚']",[''],[],[' 泰米尔语 / 泰卢固语']
[' 印度'],['Ridham Janve'],['97'],[],['阿琼·辛格'],['圣山迷羊 Sona Dhwandi Bhed Te Suchha Pahad'],[],[''],[],[' 英语']
[' 印度'],['Trinadha Rao Nakkina'],['140'],['10'],"['Ram Pothineni', 'Anupama Parameshwaran', 'Pranitha']",['你好，普雷马·科斯梅大师 Hello Guru Prema Kosame'],"['剧情', '爱情']",[''],[],[' 泰卢固语']
[' 印度'],['Praveen Morchhale'],['85'],[],"['Shilpi Marwaha', 'Ajay Chourey', 'Noorjahan Mohmmad Younus']",['沉默的寡妇 Widow of Silence'],['剧情'],[''],[],[]
[' 印度'],['Pawan Kumar'],['128'],['09'],"['萨曼莎·鲁斯·帕布', 'Aadhi', 'Rahul Ravindran', 'Bhoomika Chawla', 'Ravi Prakash']",['回转死劫 U-Turn'],"['悬疑', '惊悚']",[''],[],[' 泰卢固语']
[' 印度'],['Vinayak V.V.'],['130'],['02'],"['Sai Dharam Tej', 'Lavanya Tripathi', 'Siva Akula', '婆罗门·安达姆', '拉胡尔.戴夫', 'Dev Gill', 'Sandhya Janak', 'Kadambari Kiran', 'Vinit Kumar', '克利须那·穆拉里·波萨尼', 'Vidyullekha Raman', '萨亚士·希德', '阿希瑟·维德亚迪']",['达哥来也 Inttelligent'],"['剧情', '动作']",[''],[],[' 泰卢固语']
[' 印度'],['阿俊·穆克吉'],['100'],['03'],"['瑞恰·查达', '沙尔曼·乔希', 'Pulkit Samrat', 'Renuka Shahane']",['不平静的公寓 Three Stories'],['剧情'],[''],[],[' 印地语']
[' 印度'],['Pradeep Sarkar'],['140'],['10'],"['卡卓儿', 'Riddhi Sen', '内哈·迪胡皮阿']",['Helicopter Eela'],['剧情'],[''],[],[' 印地语']
[' 印度'],['安布哈雅·辛哈'],['140'],['08'],"['阿舒托史.拉纳', '里希·卡普尔', '里希·卡普尔 Rishi Kapoor']",['Mulk'],[],[''],[],[' 印地语']
[' 印度'],['Thiru'],['131'],['07'],"['Karthik 卡蒂克', 'Gautham Karthik 古塔姆·卡蒂克', 'Gitanjali Rao 瑞吉娜·卡桑德拉']",['极限阴谋 Mr. Chandramouli'],"['剧情', '喜剧', '爱情']",[''],[],[' 泰米尔语']
[' 印度'],['Merlapaka Gandhi'],['154'],['04'],"['纳尼', 'Anupama Parameswaran', 'Rukshar Dhillon']",['曲折的爱 Krishnarjuna Yudham'],"['剧情', '喜剧', '动作']",[''],[],[' 泰卢固语 Telugu']
[' 印度'],['Pankaj Batra'],['120'],['03'],"['Diljit Dosanjh', 'Yograj Singh', 'Darren Tassell']",['萨简·森戛·辛格 Sajjan Singh Rangroot'],['战争'],[''],[],[' 英语']
[' 印度'],['阿克沙特·韦尔马'],['112'],['01'],"['赛义夫·阿里·汗', '尼尔·布奥帕拉姆', '阿米拉·达斯图尔']",['卡拉卡迪 Kaalakaandi'],"['喜剧', '惊悚']",[''],[],[' 印度']
[' 印度'],['Mudassar Aziz'],['136'],['08'],"['索娜什·辛哈 ', '戴安娜·彭蒂', 'Jimmy Sheirgill']",['落跑新娘2:开心对对碰 Happy Phirr Bhag Jayegi'],['喜剧'],[''],[],[' 印地语']
[' 印度'],['Abhiraj Minawala'],['140'],['10'],"['Aayush Sharma', 'Warina Hussain']",['爱会接管 Loveyatri'],"['剧情', '爱情']",[''],[],[' 印度语']
[' 印度'],['Trivikram Srinivas'],['162'],"['10', '10']","['普嘉·海婅', '小老虎', 'Jagapathi Babu', '苏尼尔', 'Ravi Prakash', 'V.K. Naresh', 'Rajsekhar Aningi', 'Eesha Rebba', 'Sithara', 'Rao Ramesh', 'Shatru', 'Pammi Sai', 'Nagendra Babu', 'Naveen Chandra', '布拉玛吉']",['五卢比恩仇录 Aravindha Sametha Veera Raghava'],"['剧情', '动作', '爱情']",[''],[],[' 泰卢固语']
[' 印度'],['什里·那拉扬·辛'],['161'],['09'],"['沙希德·卡普尔', '施拉达·卡普尔', 'Yami Gautam', '迪韦严杜·沙玛']",['电表人生 Batti Gul Meter Chalu'],"['剧情', '喜剧']",[''],[],[' 印地语']
[' 美国 / 印度'],['Tabrez Noorani'],[],['06'],"['黛米·摩尔', '芙蕾达·平托', '马克·杜普拉斯', '桑尼·帕沃', '阿尔蒂·曼', '阿努潘·凯尔', '瑞恰·查达', '拉吉·库玛', '马诺杰·巴杰帕伊', '阿迪勒·侯赛因', '鲁娜·瑞尤米娜']",['爱你的，索尼娅 Love Sonia'],['剧情'],[''],[],[' 英语']
[' 印度'],['Vikram Sirikonda'],['120'],['02'],"['拉维·泰贾', 'Raashi Khanna', 'Seerat Kapoor', 'Freddy Daruwala', 'Murli Sharma']",['开挂的拉维警长 Touch Chesi Chudu'],['动作'],[''],[],[' 泰卢固语']
[' 印度'],['Vignesh Shivan'],['132'],['01'],"['苏利耶 Suriya', '琪尔蒂·苏雷什 Keerthy Suresh', '拉姆亚·克里斯南 Ramya Krishnan']",['骗行无阻 Thaanaa Serndha Koottam'],[],[''],[],[]
[' 印度 / 美国'],['Ben Rekhi'],['90'],['03'],"['山姆·基利', '卡尔·潘', '拉迪卡·艾普特', '梅丽莎·里奥', '海拉·西尔玛', 'Kallirroi Tziafeta', '扎卡里·柯芬']",['道场 The Ashram'],"['惊悚', '奇幻']",[''],[],[' 英语']
[' 印度'],['Chandoo Mondeti'],['150'],['11'],"['Madhavan', 'Bhoomika Chawla', 'Naga Chaitanya Akkineni', 'Nidhhi Agerwal']",['麒麟臂 Savyasachi'],[],[''],[],[' 泰卢固语']
[' 印度'],['Shaad Ali'],['131'],['07'],"['Diljit Dosanjh', 'Tapsee Pannu', '安加德·贝迪', '维贾伊·拉齐', '萨提许·卡素吉', 'Danish Husain', 'Sidharth Shukla', 'Jasmin Bajwa', 'Kulbhushan Kharbanda']",['索尔玛 Soorma'],"['传记', '运动']",[''],[],[' 印地语']
[' 印度'],['尼拉基·潘迪 Neeraj Pandey'],['160'],['02'],"['Sidharth Malhotra', 'Rakul Preet Singh', 'Manoj Bajpayee']",['窃听风暴 Aiyaary'],"['剧情', '动作', '惊悚']",[''],[],[' 印地语']
[' 印度 / 美国'],['Dipesh Jain'],['117'],"['10(印度)"">2018']","['Manoj Bajpayee', 'Neeraj Kabi', 'Shahana Goswami']",['暗魇迷宫 Gali Guleiyan'],['剧情'],[''],[],[]
[' 印度'],['Kushal Srivastava'],['120'],['01'],"['凯·凯·门农', '拉伊玛·森', '曼迪拉·贝迪']",['伏特加酒店谋杀案 Vodka Diaries'],"['悬疑', '惊悚']",[''],[],[' 印地语']
[' 印度'],['Vishal Pandya'],['120'],['03'],"['玉尔娃希.拉吾塔拉', '李·尼古拉斯·哈里斯', '古山·格罗维', 'Rita Siddiqui', '丹尼尔·厄根', 'Zenia Starr', '阿图尔·沙尔玛', '维万·巴特那', 'Linda E. Williams', 'Kevin Matadeen', 'Manoj Anand', 'Anna Tilbury', 'Karan Wahi', '迈克尔·J·安德森', 'Andrea Sandell']",['色欲情仇4 Hate Story IV'],"['剧情', '惊悚', '恐怖', '情色']",[''],[],[' 印度语']
[' 印度'],['Arunraja Kamaraj'],['145'],['12'],['艾西瓦娅·拉杰什'],['加纳 Kanaa'],['运动'],[''],[],[' 泰米尔语']
[' 印度'],['Ashok G'],['138'],['01'],"['安努舒卡·谢蒂', 'Murli Sharma', 'Jayaram']",['玄虚解语 Bhaagamathie'],"['动作', '恐怖', '历史']",[''],[],[' 印地语']
[' 印度'],['A.R.目虏古多斯'],['163'],['11'],"['维杰', 'Keerthi Suresh', 'Varalaxmi Sarathkumar', '约吉·巴布', 'Tulasi', 'Karthik Nagarajan', 'Radha Ravi', 'Elyssa Erhardt', 'Prem', 'Vaishali Thaniga', 'Pala Karuppaiah', 'Livingston']",['政坛巨星 Sarkar'],"['剧情', '动作']",[''],[],[' 泰米尔语']
[' 印度'],['Kapil Sharma'],[],[],"['Mita Vasisht', 'Manish Kumar Srivastava', 'Vedita Pratap Singh', '莫娜·安伯加卡尔', 'Kapil Sharma', 'Yuvraaj Parashar', 'Shipra Kasana', 'Diandra Soares', 'Liliput Farooqui', 'Shahjaan Uddin', 'Firdaus Mevawalla']",['光影谋 Lights! Camera! Murder!'],['悬疑'],[''],[],[' 印地语']
