地区,导演,时长,月份,演员,电影名,类型,评分,评论数,语言
[' 古巴 / 加拿大'],"['罗德里戈·巴鲁索 ', '塞巴斯蒂安·巴鲁索']",['108'],['01'],"['罗德里戈·桑托罗', '马里塞尔·阿尔瓦雷斯', 'Milda Gecaite']",['翻译家 Un Traductor'],['剧情'],['7.7'],['218'],[' 俄语 / 西班牙语']
[' 西班牙 / 古巴 / 英国 / 德国'],['伊西亚尔·博利亚因'],[],"['09', '12']","['卡洛斯·阿科斯塔', 'Santiago Alfonso', 'Keyvin Martínez', 'Edlison Manuel Olbera Núñez', 'Laura De la Uz', 'Yerlín Pérez', 'Mario Elias', 'Andrea Doimeadiós', 'Cesar Domínguez', 'Yailene Sierra', '卡斯特罗']",['尤利 Yuli'],"['剧情', '音乐', '传记']",[''],[],[' 西班牙语 / 英语']
[' 英国 / 古巴'],['Rudy Riverón Sánchez'],['107'],[],[],"['¿Eres tú, papá?']","['惊悚', '恐怖']",[''],[],[' 西班牙语']
[' 古巴'],['Day Garcia'],[],[],"['Waldo Franco', 'Rey Montesinos', 'Gabo Buenaventura', 'Ernán Hernández', 'Omar González Rolando']",['Lucas como Sara'],"['剧情', '喜剧']",[''],[],[' 西班牙语']
[' 古巴'],['Faisal Attrache'],[],[],[],"['Hasta Siempre, Comandante']",[],[''],[],[]
[' 瑞士 / 古巴'],"['Laura Cazador', '费尔南多.佩雷斯']",[],[],"['西尔维·泰斯蒂', 'Mario Guerra', 'Héctor Noas', 'Antonio Buíl']",['Insoumises'],[],[''],[],[' 西班牙语']
