地区,导演,时长,月份,演员,电影名,类型,评分,评论数,语言
[' 土耳其 / 马其顿 / 法国 / 德国 / 波黑 / 保加利亚 / 瑞典'],['努里·比格·锡兰'],['188'],"['05', '06']","['岛吾·德米尔考', '穆拉特·杰姆吉尔', '本努·耶勒德热姆拉尔', '哈扎尔·埃尔居奇卢', '塞尔坎·凯斯金', '塔梅尔·莱文特', '厄内尔·埃尔坎', '里法特·桑贾尔', '阿克·阿克苏', '卡迪尔·瑟米克', '欧扎·费什特']",['野梨树 Ahlat Ağacı'],['剧情'],['8.1'],['8484'],[' 土耳其语']
[' 土耳其'],['图尔加·卡拉塞利克'],['114'],['01'],"['爱兹各.莫拉', 'Serkan Keskin', '厄康·吉赛尔', '哈坎·卡萨克', 'Seda Turkmen', 'Mustafa Kirantepe', 'Bedir Bedir', 'Murat Saglam', 'Emrullah Cakay', 'Gülcin Kultur', 'Tugce Altug', '托尔加·特肯', 'Bartu Küçükçaglayan', 'Mucahit Kocak', 'Cihat Suvarioglu']",['蝴蝶 Kelebekler'],['剧情'],['6.7'],['116'],[' 土耳其当地语言']
[' 土耳其'],['Çagatay Tosun'],[],['04'],"['Burak Özçivit', 'Kerem Bürsin', 'Melike Yalova', 'Süleyman Karaahmet', 'Sabahattin Yakut']",['捐躯 Can Feda'],"['动作', '战争']",['6.1'],['101'],[' 土耳其语']
[' 土耳其'],['Can Evrenol'],['82'],['08'],"['克莱门泰·波达兹', '大卫·樱井', 'Alicia Kapudag', 'Defne Halman', '阿里·阿克索兹', 'Resit Berker Enhos', 'Haktan Kaan Icel', 'Alper Magriso']",['家庭主妇 Housewife'],"['悬疑', '惊悚', '恐怖']",['5.0'],['172'],[' 英语']
[' 土耳其'],['Ahmet Katiksiz'],[],['12'],"['Ekin Koç', 'Farah Zeynep Abdullah', 'Fikret Kuskan', 'Sibel Tasçioglu', 'Ali Seckiner Alici', 'Serkan Ercan', 'Erdem Akakçe', 'Sekvan Serinkaya', 'Merve Altinkaya', 'Melis Sezen', 'Mert Denizmen', 'Senay Dede', 'Oguz Kara', 'Nurhan Özenen', 'Burak Tamdogan']",['我们的冠军 Bizim Için Sampiyon'],"['剧情', '爱情', '运动']",[''],[],[' 土耳其语']
[' 土耳其'],['Bora Egemen'],['112'],['02'],"['齐凡克·塔里图格', 'Büsra Develi', 'Alihan Türkdemir |']",['哈迪奥格姆 Hadi Be Oglum'],['剧情'],[''],[],[' 土耳其语']
[' 土耳其'],['Osman Nail Dogan'],['82'],[],"['Gokhan Yikilkan', 'Kutay Sandikçi']",['Güvercin Hırsızları'],['剧情'],[''],[],[' 土耳其语']
[' 土耳其'],['Osmancan Aksın'],['7'],[],[],['Bir'],[],[''],[],[]
[' 土耳其'],['Umut Aral'],[],['09'],[],['好游戏 İyi Oyun'],['运动'],[''],[],[' 土耳其语']
[' 土耳其'],['哈桑·克拉卡达'],[],[],[],['恶魔 7 Dabbe 7'],['恐怖'],[''],[],[' 土耳其语']
[' 土耳其 / 德国 / 保加利亚'],['Ömür Atay'],['103'],[],[],['Kardeşler'],[],[''],[],[' 土耳其语']
[' 土耳其'],['Kivanç Baruönü'],[],['01'],"['Cem Yilmaz', '奥赞·居文']",['科幻豪杰总动员2 Arif V 216'],"['喜剧', '动作', '爱情', '科幻', '音乐', '歌舞', '家庭', '奇幻']",[''],[],[' 土耳其语']
[' 土耳其'],['Abdurrahman Öner'],['96'],['10'],"['爱兹各.莫拉', 'Bilal Zeynel Çelik', 'Ayse Nil Samlioglu', 'Emirhan Ates', 'Mehmet Özgür', 'Banu Fotocan', 'Reha Özcan', 'Nalan Kuruçim', '娜赞·克萨尔', 'Melih Acar', 'Azmi Bulut', 'Hacer Ela Yamaç']",['人在该文 Aydede'],['剧情'],[''],[],[' 土耳其语']
[' 土耳其'],['Murat Düzgünoglu'],[],[],"['穆罕默德·乌祖内尔', 'Baran Sükrü Babacan', 'Güler Ökten']",['哈莱夫 Halef'],['剧情'],[''],[],[' 土耳其语']
[' 土耳其'],['Selçuk Aydemir'],['113'],[],"['Ahmet Kural', '穆拉特·杰姆吉尔', '萨黛·阿克索伊']",['继承奇闻 Ailecek Şaşkınız'],['喜剧'],[''],[],[' 土耳其语 / 意大利语 / 法语']
[' 土耳其'],['Mustafa Ugur Yagcioglu'],['105'],[],"['查拉尔·厄图鲁', 'Meric Aral', 'Murat Aygen']",['和我在一起 Yanimda Kal'],['爱情'],[''],[],[' 土耳其语']
[' 土耳其 / 约旦'],['Semir Aslanyürek'],['111'],[],"['Canan Erguder', '耶特金·迪金席勒', 'Bülent Emin Yarar', 'Ali Erdogan', 'Erdal Sari', 'Orhan Aydin']",['混乱日 Kaos'],"['剧情', '悬疑', '犯罪']",[''],[],[' 土耳其语']
[' 土耳其 / 阿富汗'],['Zeynep Kececiler'],[],[],[],['Afghan Coal'],[],[''],[],[]
[' 土耳其'],['Ümit Degirmenci'],['135'],[],[],['And: Geçmisin bedeli'],"['剧情', '战争']",[''],[],[' 土耳其语']
[' 波斯尼亚和黑塞哥维那 / 土耳其 / 斯洛文尼亚'],['马丁·特克'],['76'],[],"['Aleksandar Seksan', 'Maja Zećo', 'Senad Alihodzic']",['好日子好工作 Dobar dan za posao'],['剧情'],[''],[],[]
[' 土耳其'],['Emre Yeksan'],[],[],"['Kutay Sandikçi', 'Eray Cezayirlioglu', 'Imren Sengel']",['座位 Yuva'],['剧情'],[''],[],[' 土耳其语']
[' 土耳其'],['Serra Yilmaz'],['95'],['02'],"['瑟尔康·奥尔滕乌尔克', '贝尔奇姆·比尔金', '沙布娜姆.博佐克罗', '布格拉.古尔索伊', '蕾拉·丽迪雅·吐古特鲁', 'Çaglar Çorumlu', '舒克鲁.约兹伊尔蒂兹']",['完美陌生人(土耳其版) Cebimdeki Yabanci'],"['剧情', '喜剧', '惊悚']",[''],[],[' 土耳其语']
[' 土耳其'],['尤米特·乌纳尔'],[],['02'],"['Ferit Aktug', '法提赫·阿尔', '德梅特.埃夫贾', 'Alican Yücesoy']",['杀人食物 Sofra Sırları'],['剧情'],[''],[],[' 土耳其语']
[' 法国 / 美国 / 土耳其'],['Olgun Özdemir'],['104'],[],[],['女儿的气味 Kızım Gibi Kokuyorsun'],[],[''],[],[]
[' 法国 / 德国 / 土耳其'],['Gaya Jiji'],['95'],"['05', '07']","['马纳尔·伊萨', 'Metin Akdülger', 'Gaya Jiji', 'Saad Lostan', 'Ula Tabari', 'Mariah Tannoury', 'Amani Ibrahim', '维萨姆·法瑞斯', 'Souraya Baghdadi', 'Nathalie Issa', 'Rand Raslan', 'Hala Sayasne']",['我最爱的布料 Mon Tissu Préféré'],['剧情'],[''],[],[' 阿拉伯语']
[' 土耳其 / 保加利亚'],['马赫穆德·法吉尔·寇斯坎'],['95'],['09'],"['Ali Seçkiner Alici', 'Tarhan Karagöz', 'Murat Kiliç', 'Sencan Güleryüz', 'Erdem Senocak']",['通告 Anons'],"['喜剧', '历史']",[''],[],[' 土耳其语']
[' 土耳其'],['Onur Saylak'],['115'],['01'],"['艾哈迈德·蒙塔兹·塔伊兰', 'Turgut Tuncalp', '图芭·布尤库斯滕', 'Amed Ali']",['更多 Daha'],[],[''],[],[' 土耳其语 Turkish / 阿拉伯语 Arabic']
[' 土耳其'],['Seyid Çolak'],[],[],[],['Kapan'],[],[''],[],[]
[' 波黑 / 土耳其'],['阿伊达·贝吉奇'],['120'],['09'],"['Ismail Hakki', 'Carol Abboud', 'Motaz Faez Basha', 'Isa Demlakhi', 'Feyyaz Duman', 'Nisreen Faour', 'Ossama Mahmud Himeli', 'Ahmad Husrom', ""Tuka Na'al"", 'Firas Taybeh']",['不要离开我 Ne ostavljaj me'],['剧情'],[''],[],[' 阿拉伯 / 土耳其']
[' 土耳其'],['拉明·麦锡'],['93'],['10'],"['Deniz Celiloglu', 'Ibrahim Selim', 'Pinar Tore', 'Kerem Firtina', 'Ipek Türktan', 'Ezgi Çelik', 'Müfit Kayacan', 'Ayse Nil Samlioglu', 'Gokcen Gokcebag', 'Tevfik Erman Kutlu']",['席琳的召唤 Son Çikis'],"['剧情', '喜剧']",[''],[],[' 土耳其语']
[' 土耳其 / 法国 / 德国 / 卢森堡'],"['纪尧姆·乔瓦内蒂', '查拉·赞基尔吉']",['95'],['08'],"['黛穆拉.苏奈马兹', 'Erkan Kolçak Köstendil', 'Emin Gürsoy', '艾丽特·伊斯詹', 'Gulcin Kultur Sahin', 'Sevval Tezcan', 'Meral Çetinkaya']",['西贝尔 Sibel'],['剧情'],[''],[],[' 土耳其语']
[' 土耳其'],['Tarik Aktas'],['73'],['08'],"['Serkan Aydin', 'Baris Bilgi', 'Ömer Bora', 'Ali Yavuz Ilman', 'Mümin Süren', 'Dilara Topuklular', 'Hasan Türker', 'Serkan Özsalginci']",['死马星云 Dead Horse Nebula'],[],[''],[],[' 土耳其语']
[' 土耳其'],['Banu Sivaci'],['78'],"['02(柏林电影节)"">2018']","['Kemal Burak Alper', 'Ruhi Sari', 'Demet Genç', 'Evren Erler']",['贫民窟的鸽子 Güvercin'],['剧情'],[''],[],[' 土耳其语']
[' 土耳其 / 德国 / 罗马尼亚'],['Ali Vatansever'],['102'],[],"['Erol Afsin', '萨黛·阿克索伊', 'Onur Buldu', 'Emrullah Cakay', 'Ümmü Putgül', '基达·拉马丹', 'Ebru Ojen Sahin', 'Kutay Sandikci', 'Mihaela Trofimov']",['SAF'],['剧情'],[''],[],[' 土耳其语 / 阿拉伯语']
[' 土耳其'],['Özgür Bakar'],[],['02'],"['Ayçin Tuyun', 'Kadriye Çetinkaya', 'Zeynep Turpçu', 'Suleyman Kabaali', 'Cihangir Kose', 'Yesim Gundogdu', 'Hatice Yildiz', 'Yuksel Ivgen']",['Alem-i Cin'],['恐怖'],[''],[],[' 土耳其语']
[' 土耳其'],['Burak Cevik'],['70'],['02'],"['Zinnure Türe', 'Dila Yumurtac', 'Esme Madra', 'Banu Fotocan', 'Elit İşcan']",['盐柱 Tuzdan Kaide'],['剧情'],[''],[],[' 土耳其语']
[' 荷蘭 / 土耳其'],['Gürcan Keltek'],[],['08'],['Zeynep Kumral'],['Gulyabani'],[],[''],[],[]
[' 土耳其'],['Murat Seker'],[],[],"['菲丽紫·阿合迈德', '迪米·阿克贝', 'Sarp Akkaya']",['Görevimiz Tatil'],[],[''],[],[]
