地区,导演,时长,月份,演员,电影名,类型,评分,评论数,语言
[' 瑞士  Switzerland / 土耳其 Turkey'],['托马斯·因巴赫'],['115'],"['08(洛迦诺电影节)"">2018']","['Zsofia Körös', 'Francis Benjamin Meier', '米兰·佩舍尔']",['格拉本伯格 Glaubenberg'],"['剧情', '悬疑']",[''],[],[' 瑞士德语  Swiss German / 英语']
[' 土耳其 Turkey'],[],['136'],['10'],[],['Müslüm'],"['剧情', '音乐', '传记']",[''],[],[' 土耳其语 Turkish']
[' 土耳其 Turkey'],['Alper Mestçi'],[],['06'],"['Mustafa Dok', 'Beyzanur Mete', 'Esma Soysal']",['诅咒：贝杜阿 Üç Harfliler: Beddua'],['恐怖'],[''],[],[' 土耳其语 Turkish']
[' 土耳其 Turkey'],['Alper Mestçi'],['92'],['08'],"['Merve Ates', 'Selim Aydin', 'Ece Edibe Baykal', 'Aslin Su Divrik', 'Pinar Gülkapan', 'Özgür Hacier', 'Ece Koroglu', 'Metin Yildirim', 'Tuncay Çagil', 'Rüya Önal']",['西辛5 Siccin 5'],['恐怖'],[''],[],[' 土耳其语 Turkish']
