地区,导演,时长,月份,演员,电影名,类型,评分,评论数,语言
[' 埃及 / 美国 / 奥地利'],['A·B·舒基'],['97'],['05'],"['Rady Gamal', 'Ahmed Abdelhafiz', '沙希拉·法赫米', 'Mohamed Abdel Azim', 'Osama Abdallah', 'Shehab Ibrahim']",['审判日 يوم الدين'],"['剧情', '喜剧', '冒险']",['5.8'],['66'],[' 阿拉伯语']
[' 埃及'],['艾哈迈德•阿卜达拉'],['95'],['11'],"['Karim Kassem', 'Mona Hala', 'Sherief El Desouky']",['非凡之夜 ليل/ خارجى'],"['剧情', '传记', '冒险']",[''],[],[' 英语 / 阿拉伯语']
[' 埃及'],['Mahmoud Karim'],['90'],['01'],"['Ramez Galal', 'Riham Hagag', 'Bayyumi Fuad']",['单身爸爸变装记 Raghda Motawahesha'],['家庭'],[''],[],[' 阿拉伯语']
[' 埃及'],['Ahmed Amer'],['85'],['02'],"['Salwa Mohamed Ali', 'Sawsan Badr', 'Mohamed Mahran', 'Yasmin Raeis', 'Ayda Reyad']",['不要吻我 بلاش تبوسني'],['喜剧'],[''],[],[' 阿拉伯语']
[' 埃及 / 法国 / 卡塔尔 / 阿联酋'],['Ahmed Fawzi Saleh'],[],[],"['Marihan Magdy', 'Ibrahim El Nagary', 'Mahmoud Hemida']",['有毒玫瑰 ورد مسموم'],['剧情'],[''],[],[' 阿拉伯语']
[' 埃及'],['Hadi El Bagoury'],['99'],['11'],"['Khaled Elsawy', 'Ahmed Malek', 'Shereen Reda']",['The Guest'],['剧情'],[''],[],[' 阿拉伯语']
[' 埃及'],[],['6'],[],[],['The silent bee'],[],[''],[],[]
[' 埃及'],['Hadi El Bagoury'],['99'],['11'],"['Jamila Adel Awad', 'Ahmed Malek']",['The Guest'],['惊悚'],[''],[],[' 阿拉伯语']
