地区,导演,时长,月份,演员,电影名,类型,评分,评论数,语言
[' 美国 / 英国 / 塞浦路斯 / 俄罗斯'],['提莫·贝克曼贝托夫'],['105'],['02'],"['瓦伦·凯恩', '沙扎德·拉蒂夫', '克里斯蒂尼·亚当斯', '摩根·华金斯', 'Emma Cater', 'Louis Martin', 'Amir Rahimzadeh']",['网诱惊魂 Profile'],"['剧情', '惊悚']",['8.1'],['176'],[' 英语']
[' 德国 / 希腊 / 塞浦路斯'],['Marios Piperides'],['93'],['04'],"['亚当·布斯多柯斯', '法提赫·阿尔', 'Vicky Papadopoulou', 'Özgür Karadeniz']",['萌犬偷渡记 Smuggling Hendrix'],"['剧情', '喜剧']",['6.6'],['71'],[' 英语 / 希腊语 / 土耳其语']
[' 亚美尼亚 / 塞浦路斯 / 俄罗斯 / 瑞典 / 瑞士'],['Alexey Zlobin'],['95'],['07'],[],['幻想与现实 Lorik'],['剧情'],[''],[],[' 亚美尼亚语']
[' 塞浦路斯'],['Simon Farmakas'],['100'],['04'],"['Athos Antoniou', 'Kika Georgiou', 'Antonis Katsaris', 'Andreas Melekis', 'Tim Ahern', 'Peter Brooke', 'Kieron Jecchinis', 'Androulla Irakleous', 'Pambos Charalambous', 'Christopher Greco', 'Yiannis Kokkinos']",['基梅里亚的日出 Sunrise in Kimmeria'],['喜剧'],[''],[],[' 英语 / 希腊语']
