地区,导演,时长,月份,演员,电影名,类型,评分,评论数,语言
[' 墨西哥 / 美国'],['阿方索·卡隆'],['135'],"['08', '12']","['雅利扎·阿巴里西奥', '玛丽娜·德·塔维拉', '迭戈·科蒂娜·奥特里', '卡洛斯·佩拉尔塔', '马科·格拉夫', '丹妮拉·德米萨', '南茜·加西亚', '维罗妮卡·加西亚', '安迪·科特斯', '费尔南多·格雷迪亚加', '豪尔赫·安东尼奥·格雷罗', '拉丁·洛弗']",['罗马 Roma'],"['剧情', '家庭']",['8.2'],['78266'],[' 西班牙语 / 米斯特克语 / 英语']
[' 墨西哥 / 加拿大'],['Andrea Bussmann'],['70'],['08'],"['Victor Pueyo', 'Fernando Renjifo', 'Ziad Chakaroun', 'Alberto Núñez', 'Gabino Rodríguez']",['浮士德 Fausto'],['剧情'],['7.1'],['59'],[' 西班牙语']
[' 墨西哥'],['阿隆索·帕拉西奥斯'],['128'],"['02', '08']","['盖尔·加西亚·贝纳尔', '雷昂那多·奥提兹格尔斯', '阿尔佛莱德·卡斯特罗', '西蒙·拉塞尔·比尔', 'Bernardo Velasco', '蕾蒂西亚·布雷戴斯', '伊尔丝·萨拉斯', '莉萨·欧文']",['博物馆 Museo'],"['剧情', '犯罪']",['6.8'],['152'],[' 西班牙语']
[' 哥伦比亚 / 丹麦 / 墨西哥 / 德国 / 瑞士'],"['克丽丝蒂娜·加耶果', '西罗·格拉']",['125'],"['05', '08']","['卡米娜·马蒂内', '何塞·阿科斯塔', '娜塔利娅·雷耶斯', '约恩·纳瓦埃斯', '格雷德·梅扎', '何塞·维森特', '胡安·包蒂斯塔·马丁内斯', '米格尔·维埃拉', '塞尔希奥·科恩', '阿斯列尼斯·马尔克斯', '何塞·奈德', '扬克·迪亚兹', '维克多·蒙特罗', '华金·拉蒙', '豪尔赫·拉斯卡罗']",['候鸟 Pájaros de verano'],"['剧情', '惊悚']",['6.7'],['1174'],[' 西班牙语 / 英语 / 瓦尤语']
[' 法国 / 墨西哥 / 瑞士'],['扬·冈扎乐兹'],['102'],"['05', '06']","['凡妮莎·帕拉迪丝', '凯特·莫兰', '尼古拉斯·莫瑞', '乔纳森·日奈', '哈立德·俄卢阿什', '费利克斯·马利陶德', '贝特朗·芒蒂格', '彼埃尔·皮罗尔', '罗曼娜·波琳热', '埃琳娜·勒文松', '亚纳·柯勒特', '雅各·诺勒', '弗洛伦斯·焦尔杰蒂', '娜塔莉·理查德']",['刺心 Un couteau dans le cœur'],"['剧情', '惊悚', '同性', '犯罪']",['6.7'],['3873'],[' 法语 / 西班牙语']
[' 墨西哥 / 法国 / 德国'],['卡洛斯·雷加达斯'],['173'],['09'],"['卡洛斯·雷加达斯', 'Phil Burgers', '吕特·雷加达斯']",['我们的时光 Nuestro tiempo'],['剧情'],['6.3'],['207'],[' 西班牙语']
[' 哥斯达黎加 / 墨西哥'],['Ishtar Yasin Gutierrez'],['92'],[],"['玛丽亚·德·梅黛洛', 'Ishtar Yasin Gutierrez', 'Grettel Méndez']",['两个弗里达 Dos Fridas'],['剧情'],['5.8'],['103'],[' 西班牙语']
[' 墨西哥 / 荷兰'],['塞瓦斯蒂安·奥夫曼'],['96'],"['01', '08', '08']","['路易斯·赫拉尔多·门德斯', '米格尔·罗达特', 'RJ·米特', '卡珊德拉·钱盖罗蒂', '蒙特塞拉特·马拉尼翁', '安德烈·阿尔梅达', '雨果·阿伯瑞斯', 'Pablo Guisa Koestinger', 'Alejandro Sánchez de la Peña', 'Bernardo Vega']",['分时度假 Tiempo Compartido'],['剧情'],['5.3'],['91'],[' 西班牙语 / 英语']
[' 墨西哥'],['Diego Cohen'],['77'],['07'],"['Francisca Lozano', 'Roberto Beck', 'Walter Bercht', 'Victor Bonilla', 'Diego Cohen', 'Oliver Nava', 'Eduardo Negrete', 'Arantza Ruiz', 'Claudia Zepeda']",['罗米娜 romina'],"['惊悚', '恐怖']",['2.7'],['163'],[' 西班牙语']
[' 墨西哥'],['Jorge Pérez Solano'],['104'],[],[],['墨西哥黑人 La Negrada'],['剧情'],[''],[],[' 西班牙语']
[' 德国 / 冰岛 / 墨西哥 / 美国'],['Maria Solrun'],['72'],['02'],"['马格努斯·马里乌森', 'Ester Tompa', 'Floriane Daniel', 'Julia Kratz', 'Hans Brückner', 'Gabo Hoog', 'Matthias Renner']",['亚当 Adam'],['剧情'],[''],[],[' 德语 / 英语']
[' 墨西哥'],['Marco Polo Constandse'],[],['02'],"['凯特·维隆', '莱安·卡勒斯', '奥马尔·查帕罗', 'Marimar Vega', 'Jesús Zavala', '托尼·达尔顿', 'Christian Tappán', 'Sabine Moussier', 'Prosha Hussein', 'Harding Junior', 'Ingrid Dion', 'Yolanda Abbud L.', 'Álvaro Carcaño', 'Amparo Barcia']",['瓦伦蒂娜的婚礼 La Boda de Valentina'],"['喜剧', '爱情']",[''],[],[' 西班牙语 / 英语']
[' 墨西哥'],['大卫·R·罗迈'],['94'],['06'],"['Benny Emmanuel', '古斯塔沃·桑切斯·帕拉', 'Renée Sabina', '恩里克·阿莱奥拉', 'Marcela Ruiz Esparza']",['寻父复仇 Detrás de la Montaña'],"['剧情', '惊悚']",[''],[],[' 西班牙语']
[' 墨西哥'],[],[],[],[],['la prima'],[],[''],[],[]
[' 墨西哥'],[],[],[],[],['Hasta que la boda nos separe'],[],[''],[],[]
[' 墨西哥'],"['Raúl Rico', 'Eduardo Giralt Brun']",[],"['02(柏林电影节)"">2018']","['Ulises Bojorquez', 'Javier Díaz Dalannais', 'José Luis Lizárraga']",['弱者 Los débiles'],"['剧情', '喜剧']",[''],[],[' 西班牙语']
[' 墨西哥'],['Noé Santillán-López'],[],[],"['阿方索·埃雷拉', 'Rocío Verdejo', 'Cesar Rodriguez', 'Mauricio Argüelles']",['Ni Tú Ni Yo'],['喜剧'],[''],[],[' 西班牙语']
[' 墨西哥'],['Andrés Kaiser'],[],['09'],['何塞·路易斯·加西亚·佩雷斯'],['FERAL'],[],[''],[],[' 英语']
[' 墨西哥'],[],[],[],[],['Tramposos con suerte'],[],[''],[],[]
[' 墨西哥'],[],[],[],[],['m'],[],[''],[],[]
[' 墨西哥'],['Jesús Torres Torres'],[],[],['豪尔赫·A·希门尼斯'],['Nadie Sabrá Nunca'],[],[''],[],[]
[' 墨西哥'],['Alejandro Andrade'],['90'],['09'],"['Carmen Maura', 'Mariana Gajá', 'Moises Arizmendi', 'Emilio Puente']",['库埃纳瓦卡 Cuernavaca'],"['同性', '儿童']",[''],[],[' 西班牙语']
[' 墨西哥'],['Rafael Montero'],['92'],[],"['Azela Robinson', 'Luna Balvanera', '胡安·卡洛斯·科隆博', 'Delia Casanova']",['在牧场 Allá en el Rancho'],['喜剧'],[''],[],[' 西班牙语']
[' 墨西哥'],['Gabylu Lara'],[],[],"['乔丹·贝尔菲', 'Alex Albrecht', 'Mónica Bejarano']",['美式好奇 American Curious'],"['剧情', '喜剧', '爱情']",[''],[],[' 西班牙语 / 英语']
[' 墨西哥'],['Joaquín Bissner'],['104'],[],"['马里修·奥查曼', '玛塔·哈扎斯', 'Ariadne Díaz', 'Marta Aura']",['我发誓我没去 Te juro que yo no fui'],"['喜剧', '爱情']",[''],[],[' 西班牙语']
[' 墨西哥'],['Sergio  Umansky'],[],[],[],['Ocho de cada diez'],[],[''],[],[]
[' 墨西哥'],['Fez Noriega'],[],[],"['María Gabriela de Faría', '娜塔莎·杜佩伦', 'Kevin Holt', '奥费莉娅·梅迪纳', 'Stephanie Gerard', 'José Carlos Femat', 'Tamara Vallarta', 'José Pablo Minor', 'Arath de la Torre', 'Nico Galán', 'Agustín Arana']",['Plan V'],"['喜剧', '爱情']",[''],[],[' 西班牙语']
[' 墨西哥'],['阿曼多·卡萨斯'],['83'],['09'],"['阿方索·阿雷奥', '赫克托·科特思法基斯', '达纳·加西亚']",['Malacopa'],['喜剧'],[''],[],[' 西班牙语']
[' 墨西哥'],['马塞里诺·伊斯拉斯·埃尔南德斯'],['105'],['10'],"['贝罗尼卡·兰格', 'Renata Vaca', '雷昂那多·奥提兹格尔斯', '费尔南多·阿尔瓦雷斯·雷贝尔', '霍泽·梅兰德斯', '加维诺·罗德里格斯', 'Héctor Holten', 'Jorge Bolado', 'Anajosé Aldrete Echevarria', 'Magda Vizcaíno']",['历史课 Clases de Historia'],['剧情'],[''],[],[' 西班牙语']
[' 墨西哥'],['Jorge Ramírez Suárez'],['120'],['10'],"['Juan Manuel Bernal', 'Ilithya Manzanilla', '山姆·特拉梅尔', '索菲亚·伊斯皮诺萨', 'Gastón Yanes', '亚丽杭德拉·安布罗西', 'Ignacio Guadalupe']",['爸爸答应你 La Gran Promesa'],['剧情'],[''],[],[' 西班牙语']
[' 墨西哥 / 阿根廷'],['Marcos Bucay'],['50'],['10'],"['Benjamín Alfonso', 'Marcela Alvarez', 'Emilia Claudeville', '杰昆·费雷拉', 'Sol Gaschetto', 'Mauricio Llera']","['乌鸦俱乐部：我, 波特罗 I, Potro']",['喜剧'],[''],[],[' 西班牙语']
[' 墨西哥'],['Miguel Ángel Uriegas'],['90'],"['05(墨西哥)"">2018']",[],['时钟里的天使 El ángel en el reloj'],['动画'],[''],[],[' 西班牙语']
[' 乌拉圭 / 墨西哥 / 西班牙'],['Federico Veiroj'],['74'],['09'],"['Gonzalo Delgado', 'Olivia Molinaro Eijo', 'Jeannette Sauksteliskis']",['贝尔蒙特 Belmonte'],"['剧情', '喜剧']",[''],[],[' 西班牙语']
[' 墨西哥'],[],['66'],['06'],[],['老墨是但嗡 Franco Escamilla: Por la anécdota'],['喜剧'],[''],[],[' 西班牙语']
[' 墨西哥'],['Chava Cartas'],['88'],['11'],"['路易斯·艾瑞艾塔', 'Fernando Ciangherotti', '埃里克·埃利亚斯', 'Dagoberto Gama', '阿尔贝托·格拉', 'Noé Hernández', 'Evangelina Martínez', '丹妮·佩雷雅', 'Gabriela Roel', 'Camila Selser', '苏莉雅·韦加']",['Inquilinos'],['恐怖'],[''],[],[' 西班牙语']
[' 墨西哥'],['Ignacio Ortiz'],[],[],[],['Traición'],[],[''],[],[' 西班牙语']
[' 墨西哥'],['Marta Hernaiz Pidal'],['85'],['02'],"['Hava Dombic', 'Aida Hoffman']",['那达·卡迪的混乱人生 Kaoticni Zivot Nade Kadic'],[],[''],[],[' 波斯尼亚语 Bosnian']
[' 墨西哥 / 芬兰'],['Kyzza Terrazas'],['101'],['11'],"['Brontis Jodorowsky', 'Miriam Balderas', 'Laura Birn', 'Ilkka Koivula', 'Luis Gerardo Méndez', 'Joonas Saartamo', 'Ville Virtanen']",['拳击手的救赎 Bayoneta'],['剧情'],[''],[],[' 英语 / 芬兰语 / 西班牙语']
[' 墨西哥'],['马诺罗·卡罗'],[],['12'],"['布鲁诺·庇屈', '曼努埃尔·加西亚-鲁尔福', 'Franky Martín', '米格尔·罗达特', '塞西莉亚·苏亚雷斯', '安娜·克劳迪亚·塔兰孔', '玛丽安娜·特雷维尼', 'Camila Valero']",['完美陌生人(墨西哥版) Perfectos desconocidos'],['喜剧'],[''],[],[' 西班牙语']
[' 美国 / 墨西哥'],['Jake Jaxson'],['38'],"['04(美国)"">2018']","['Levi Karter', 'Allen King', 'Calvin Banks', 'Jacen Zhu', 'Sean Zevran', 'Taylor Reign', 'Boomer Banks', 'Michael Delray']",['爱迷失 Love &amp; Lost &amp; Found'],"['爱情', '情色', '同性']",[''],[],[' 英语']
[' 墨西哥'],['莉拉·阿维莱斯'],['102'],"['09(圣塞巴斯蒂安电影节)"">2018']","['加布里埃拉·卡托', 'Teresa Sánchez']",['女服务员 La Camarista'],['剧情'],[''],[],[' 西班牙语']
[' 墨西哥'],['José Luis Gutiérrez Arias'],['102'],['03'],"['Tomás Rojas', '赫克托·科特思法基斯', '恩里克·阿莱奥拉']",['死亡疑云 De las muertas'],"['剧情', '悬疑', '惊悚', '恐怖', '犯罪']",[''],[],[' 西班牙语']
[' 墨西哥 / 美国 / 希腊 / 多米尼加'],['班尼·科什努迪'],['88'],[],"['Arash Marandi', 'Flor Eduarda Gurrola', '路易斯·阿伯提', '埃利希奥·梅兰德斯', 'Eduardo Mendizábal', 'Edwarda Gurrola', 'Uriel Ledesma', 'Ishbel Mata']",['萤火虫 Luciérnagas'],"['剧情', '同性']",[''],[],[' 西班牙语 / 英语 / 波斯语']
[' 墨西哥'],['Pitipol Ybarra'],['85'],"['08', '08']","['Mauricio Ochmann', 'Fernanda Castillo', 'Emiliano Aramayo', 'Erik Hayser', 'Rodrigo Cachero', 'Pacho Rueda', 'Ariel Levy']",['看见 Ya Veremos'],['剧情'],[''],[],[' 西班牙语']
[' 墨西哥'],['Julio Hernandez Cordon'],[],['05'],[],['买手枪 Cómprame un revolver'],['剧情'],[''],[],[' 西班牙语']
[' 英国 / 墨西哥'],['Andrés Couturier'],['97'],"['11(英国)"">2018']","['莉莉·柯林斯', '伊恩·麦柯肖恩', '托比·凯贝尔']",['来了一只发火的龙 Here Comes the Grump'],"['喜剧', '动画', '家庭', '奇幻', '冒险']",[''],[],[]
[' 墨西哥 / 美国'],['Lorena Villarreal'],['98'],['10'],"['John Noble', 'Melina Matthews', 'Rupert Graves']",['Silencio'],"['剧情', '悬疑', '惊悚']",[''],[],[' 西班牙语 / 英语']
[' 墨西哥'],['Diego Cohen'],[],[],"['爱德华多·诺列加', '卢米·卡范佐斯', 'Arantza Ruiz', 'Eivaut Rischen']",['恶魔的记号 La Marca del Demonio'],['恐怖'],[''],[],[' 西班牙语']
