地区,导演,时长,月份,演员,电影名,类型,评分,评论数,语言
[' 墨西哥 / 美国 / 希腊 / 多米尼加'],['班尼·科什努迪'],['88'],[],"['Arash Marandi', 'Flor Eduarda Gurrola', '路易斯·阿伯提', '埃利希奥·梅兰德斯', 'Eduardo Mendizábal', 'Edwarda Gurrola', 'Uriel Ledesma', 'Ishbel Mata']",['萤火虫 Luciérnagas'],"['剧情', '同性']",[''],[],[' 西班牙语 / 英语 / 波斯语']
[' 秘鲁 / 多米尼加'],['Miguel Angel Moulet'],['104'],[],"['Ravil Sadreev', 'Andrey Sladkov', 'Julia Thays']",['我们是水手 Todos somos marineros'],['剧情'],[''],[],[' 西班牙语 / 俄语']
[' 多米尼加'],"['卡洛斯·莫瑞诺', '乌戈·罗德里格兹']",[],['11'],"['马诺洛·卡多纳', '达米安·阿尔卡扎', 'Francis Cruz']",['鲁维罗萨 3 Rubirosa 3'],"['剧情', '历史']",[''],[],[' 西班牙语']
[' 多米尼加'],"['卡洛斯·莫瑞诺', '乌戈·罗德里格兹']",['102'],['10'],"['马诺洛·卡多纳', '达米安·阿尔卡扎', 'Héctor Aníbal', '卡塔莉娜·凯斯']",['鲁维罗萨 2 Rubirosa 2'],"['剧情', '历史']",[''],[],[' 西班牙语']
[' 多米尼加 / 西班牙'],['Leticia Tonos'],[],['12'],"['Cheddy García', '费尔南多·巴尔维德', 'Milly Quezada', 'Carasaf Sanchez', 'Ruth Emeterio', 'Enrique Quailey', 'Luis Cruciel', 'Jacqueline Estrella', 'Laura Lebrón', 'Mario Lebrón']",['Juanita'],"['剧情', '喜剧']",[''],[],[' 西班牙语']
[' 多米尼加'],['Frank Perozo'],['93'],['11'],"['Christine Marzano', 'Celines Toribio', 'Frank Perozo', 'Ozuna']",['Qué León'],"['喜剧', '爱情']",[''],[],[' 西班牙语']
[' 多米尼加'],['David Pagan Mariñez'],['87'],"['08', '10']",[],['Trabajo Sucio'],['喜剧'],[''],[],[' 西班牙语']
[' 多米尼加'],['Félix Germán'],['98'],[],['Algenis Perez Soto'],['La isla rota'],['剧情'],[''],[],[' 西班牙语']
