地区,导演,时长,月份,演员,电影名,类型,评分,评论数,语言
[' 多米尼加共和国 / 波多黎各'],['Raúl Camilo'],[],[],[],['Lo que siento por ti'],"['剧情', '家庭']",[''],[],[' 西班牙语']
[' 多米尼加共和国 / 西班牙'],"['Natalia Cabral', 'Oriol Estrada']",['90'],[],[],['米莉亚姆的谎言 Miriam miente'],[],[''],[],[]
[' 多米尼加共和国 / 波多黎各'],['Raúl Camilo'],[],[],[],['Lo que siento por ti'],"['剧情', '家庭']",[''],[],[' 西班牙语']
[' 多米尼加共和国'],"['卡洛斯·莫瑞诺', '胡安乔·卡多纳', 'Mauricio Lule']",[],['09'],"['马诺洛·卡多纳', '达米安·阿尔卡扎', '安娜·莎若狄拉']",['鲁维罗萨 Rubirosa'],"['剧情', '传记', '历史']",[''],[],[' 英语 / 西班牙语 / 法语']
[' 多米尼加共和国'],['Tabaré Blanchard'],['96'],"['02', '04']","['Manny Perez', 'Pepe Sierra', 'Richard Douglas', 'Ovandy Camilo', 'Riccardo Bardellino']",['Veneno'],"['剧情', '动作', '运动']",[''],[],[' 西班牙语']
