地区,导演,时长,月份,演员,电影名,类型,评分,评论数,语言
[' 奥地利 Austria'],['Christian Frosch'],['110'],['03'],[],['摩尔的审判 Murer: Anatomie eines Prozesses'],"['剧情', '历史']",[''],[],[' 德语']
[' 美国 / 奥地利 Austria'],['Johannes Grenzfurthner'],['99'],['03'],"['Johannes Grenzfurthner', 'Charlie Poulon', 'Daniel Hasibar', 'Stuart Freeman', 'Conny Lee', 'Niko Alm']",['碎梦汇编 Glossary of Broken Dreams'],"['剧情', '喜剧', '动画']",[''],[],[' 英语 / 德语']
[' 德国 / 奥地利 Austria'],['Hüseyin Tabak'],['112'],[],"['Alina SERBAN', 'Tobias MORETTI', 'Irina KURBANOVA']",['吉普赛女王 Gipsy Queen'],[],[''],[],[' 德语']
[' 奥地利 Austria'],['Eva Spreitzhofer'],['91'],['10'],"['卡罗琳·彼得斯', 'Chantal Zitzenbacher', '西蒙·舒瓦茨', 'Jimmy Angelo', 'Duygu Arslan', '艾米莉·考克斯', 'Hilde Dalik', '皮娅·希尔泽伽', '埃尔芙·伊尔马克', 'David Ketter', '基达·拉马丹', '约翰内斯·赛勒']",['我们不该在这里 Womit haben wir das verdient?'],"['剧情', '喜剧']",[''],[],[' 德语 / 阿拉伯语 Arabic']
[' 奥地利 Austria'],['多米尼克·哈特尔'],['90'],['03'],"['Marlon Boess', 'Markus Freistätter', '迈克尔·格兰特斯琴']",['Party Hard Die Young'],"['惊悚', '恐怖']",[''],[],[' 德语']
