地区,导演,时长,月份,演员,电影名,类型,评分,评论数,语言
[' 巴西'],['蒂亚戈·阿拉基利安'],['95'],['05'],"['何塞·阿布雷乌', '卢塞·德·索萨', '勒琪霞·依斯纳德', '爱莎·杨波', '玛丽安娜·利马', '丹通·梅罗', '得德·桑塔纳']",['在我遗忘之前 Antes Que Eu Me Esqueça'],"['剧情', '喜剧']",['7.7'],['197'],[' 葡萄牙语']
[' 巴拉圭 / 德国 / 乌拉圭 / 巴西 / 挪威 / 法国'],['马塞洛·马蒂内斯'],['98'],"['02', '04']","['安娜·布伦', '玛加丽塔·伊伦', '安娜·伊万娜娃', '尼尔达·冈萨雷斯', '玛丽亚·马丁斯', '阿丽西亚·格拉', '海吉娜·杜阿尔奇']",['女继承者 Las herederas'],"['剧情', '同性']",['7.2'],['1799'],[' 西班牙语 / 瓜拉尼语']
[' 巴西'],"['菲利普·马泽蒙巴彻尔', '马西奥·海奥隆']",['118'],['02'],"['希科·梅尼加特', '布鲁诺·费尔南德斯', '盖加·佩克索托', '桑德拉·达妮', '弗雷德里科·瓦斯奎斯']",['涂样人生 Tinta Bruta'],"['剧情', '同性']",['7.1'],['1035'],[' 葡萄牙语']
[' 巴西'],"['Gustavo Steinberg', 'Gabriel Bitar', 'André Catoto']",['73'],['06'],"['马修斯·纳克加勒', '丹妮斯·弗拉加', '马德伍斯·索兰诺', 'Otávio Augusto']",['提托与鸟儿们 Tito e os Pássaros'],"['剧情', '动作', '动画']",['6.7'],['67'],[' 葡萄牙语']
[' 巴西 / 葡萄牙'],"['Renée Nader Messora', '若昂·萨拉维扎']",['114'],['05'],"['Henrique Ihjãc Krahô', 'Raene Kôtô Krahô']",['死人和其他人 Chuva E Cantoria Na Aldeia Dos Mortos'],['剧情'],['6.5'],['72'],[' 葡萄牙语']
[' 阿根廷 / 巴西 / 德国 / 法国 / 荷兰'],['本哈明·奈斯塔特'],['109'],['09'],"['阿尔佛莱德·卡斯特罗', '达里奥·格兰迪内蒂', '安德丽娅·弗里杰里奥']",['罗霍 Rojo'],['剧情'],['6.4'],['92'],[' 西班牙语']
[' 智利 / 巴西 / 阿根廷 / 荷兰 / 卡塔尔'],['多明加·索托迈约·卡斯蒂略 Dominga Sotomayor Castillo'],['110'],['08'],"['Demian Hernández', 'Antar Machado', 'Magdalena Tótoro', 'Matías Oviedo']",['死在青春 Tarde para morir joven'],['剧情'],['6.4'],['153'],[' 西班牙语']
[' 中国大陆 / 印度 / 巴西 / 俄罗斯 / 南非'],"['刘雨霖', '丹妮拉·托马斯', '伊丽莎维塔·斯蒂肖娃', '阿什维尼·伊耶·蒂瓦里', '萨拉·布兰克']",['99'],['10'],"['玛丽亚·海伦娜·迪拉兹', '翟·巴普蒂斯塔', '奥嘉·多布里娜', '亚历山大·库丁', '沙克希·坦沃', '王珞丹', '刘蓓', '宗平', '曼迪萨·恩杜纳']",['半边天'],['剧情'],['6.1'],['441'],[' 汉语普通话 / 印地语 / 葡萄牙语 / 俄语 / 英语']
[' 葡萄牙 / 法国 / 巴西'],"['加布里埃尔·阿布兰特斯', '丹尼尔·施密特']",['92'],['05'],['卡里托·科塔'],['迪亚曼蒂诺 Diamantino'],"['剧情', '喜剧', '科幻', '奇幻']",['5.8'],['249'],[' 葡萄牙语']
[' 巴西'],['Rodrigo Bernardo'],[],['07'],"['马德伍斯·索兰诺', '比安卡·孔帕拉托', '桃奇娅·梅莱赖斯', 'Thaila Ayala', '保罗·维列纳', '娜塔莉亚·迪尔', 'Jacqueline Sato', '马库·鲁克', '辛西娅·尼克松', 'Dani Calabresa', 'João Côrtes']",['或许是爱情故事 Talvez Uma História de Amor'],"['喜剧', '爱情']",[''],[],[' 葡萄牙语 / 英语']
[' 巴西'],['Victor Fisch'],[],[],[],['Gaiola'],[],[''],[],[]
[' 巴西'],['Marcus Baldini'],['90'],['07'],"['Tatá Werneck', '卡瓦·雷蒙德']",['Uma Quase Dupla'],"['剧情', '喜剧']",[''],[],[' 葡萄牙语']
[' 巴西'],['Cibele Amaral'],['103'],[],[],['Rir Para Não Chorar'],['喜剧'],[''],[],[' 葡萄牙语']
[' 巴西'],['Augusto Sevá'],[],[],[],['Tais &amp; Taiane'],[],[''],[],[]
[' 巴西'],['Bruna Carvalho Almeida'],[],[],[],['鲍曼家族的年轻人 Os Jovens Baumann'],[],[''],[],[' 葡萄牙语']
[' 巴西'],['Fernanda Teixeira'],[],[],[],['o que resta'],[],[''],[],[]
[' 巴西'],['保洛·萨克拉门托'],['98'],[],"['Rodrigo Lombardi', 'Maria Luiza Mendonça']",['O Olho e a Faca'],[],[''],[],[' 葡萄牙语']
[' 巴西'],[],[],[],[],['45 Dias Sem Você'],[],[''],[],[]
[' 巴西'],['ROBNEY BRUNO ALMEIDA'],['104'],[],[],['Dias Vazios'],[],[''],[],[]
[' 巴西'],['Botika'],[],[],[],['Tanto Faz'],[],[''],[],[]
[' 阿根廷 / 巴西'],['安娜·卡兹'],['103'],['07'],['梅赛黛斯·莫朗'],['只有弗洛 Sueño Florianópolis'],['喜剧'],[''],[],[' 西班牙语 / 葡萄牙语']
[' 巴西'],[],[],[],[],['Top 10 Places to Visit in São Paulo'],[],[''],[],[]
[' 巴西'],['Tavinho Teixeira'],[],[],"['Tavinho Teixeir', 'Mariah Teixeira', 'Ney Matogrosso', 'Mauro Soares']",['丛林天堂 Sol alegria'],['喜剧'],[''],[],[' 葡萄牙语']
[' 巴西'],['Hique Montanari'],['88'],['08'],"['Thalles Cabral', 'Nélson Diniz', 'Douglas Florence', 'Lorena Lorenzo', 'Leonardo Machado', 'Áquila Mattos', 'Frederico Restori', 'Anderson Salles', 'Victória Sanguiné', 'Mirna Spritzer', 'Liane Venturella', 'Rodrigo Waschburger']",['YONLU'],"['剧情', '音乐', '传记']",[''],[],[' 葡萄牙语']
[' 葡萄牙 / 巴西 / 法国'],['Sergio Trefaut'],['84'],['10'],"['塞尔希·洛佩斯', '卡塔丽娜·瓦朗丝坦', '罗基里奥·萨莫拉']",['愤怒 Raiva'],['剧情'],[''],[],[' 葡萄牙语']
[' 巴西'],['Vicente Amorim'],['92'],['03'],"['Emílio de Mello', 'Juliana Lohmann', 'Carla Salle', '帕布鲁·萨那彼欧 Pablo Sanábio']",['摩托车 Motorrad'],[],[''],[],[' 葡萄牙语']
[' 巴西'],['Marina Meliande'],['94'],['01'],"['Marina Provenzzano', 'Pedro Gracindo', 'Analu Prestes', 'Igor Angelkorte']",['闷热 Mormaço'],['剧情'],[''],[],[' 葡萄牙语']
[' 巴西'],['Luis Pinheiro'],['87'],[],"['黛博拉·赛科', '阿勒桑德拉·内格里尼', 'Mônica Iozzi', '玛利亚·卡萨德瓦尔', '塞尔吉奥·古伊泽']",['寻求改变的女人 Mulheres Alteradas'],['喜剧'],[''],[],[' 葡萄牙语']
[' 巴西'],"['Ary Rosa', 'Glenda Nicácio']",[],[],[],['Ilha'],[],[''],[],[]
[' 巴西'],"[""André D'Elia""]",[],[],[],['Ser Tão Velho Cerrado'],[],[''],[],[]
[' 巴西'],['Eliézer Rolim'],['105'],[],['Carlos Anisio E Rieg Rodig'],['Beiço De Estrada'],['剧情'],[''],[],[' 葡萄牙']
[' 巴西'],[],[],[],['Melina Calazans'],['O Colar de Coralina'],[],[''],[],[]
[' 巴西'],['埃托尔·达利亚'],[],[],[],['Tungstênio'],[],[''],[],[]
[' 巴西'],['Alex Moratto'],['71'],['09'],"['Christian Malheiros', 'Tales Ordakji', 'Caio Martinez Pacheco', 'Rosane Paulo', 'Jayme Rodrigues']",['苏格拉底 Socrates'],['剧情'],[''],[],[' 葡萄牙语']
[' 巴西'],['Alexandre Avancini'],['134'],['03'],"['Petronio Gontijo', 'Day Mesquita', '贝丝·古拉特', '达尔顿·维格', '安德烈·贡萨尔维斯', '马尔塞洛·艾罗蒂', 'Laurent Andruet', 'Greta Antoine', 'Rafael Awi', 'Enzo Barone', 'Kathia Calil', 'Paulo Coronato', 'Camila Czerkes', 'Larissa Ferrara', '里昂纳多·佛朗哥']",['失去了什么 Nada a Perder'],"['剧情', '传记']",[''],[],[' 葡萄牙语']
[' 巴西'],['卡里姆·埃诺兹'],[],[],[],['The Invisible Life of Euridice Gusmão'],[],[''],[],[]
[' 巴西'],['Carolina Markowicz'],['16'],[],"['Clarisse Abujamra', 'Kauan Alvarenga', 'Georgina Castro']",['孤儿 The Orphan'],"['剧情', '儿童']",[''],[],[' 葡萄牙语']
[' 巴西 / 乌拉圭 / 德国'],['Gustavo Pizzi'],['95'],['01'],"['卡林·特莱斯', 'Otávio Müller', '阿德丽安娜·埃斯特维斯', 'Konstantinos Sarris', 'César Troncoso', '马德伍斯·索兰诺', 'Camilo Pellegrini', 'Ariclenes Barroso', 'Pablo Riera', 'Lucas Gouvêa']",['爱琳 Benzinho'],['剧情'],[''],[],[' 葡萄牙语']
[' 巴西 / 法国'],['弗蕾维亚·卡斯特罗'],['96'],['08'],[],['忘，不忘 Deslembro'],['剧情'],[''],[],[' 葡萄牙语 Portuguese']
[' 巴西'],"[""Mauro D'Addio""]",['72'],['03'],"['卡乌昂·马丁斯', 'Marcio Magno', 'Igro Ozzy', 'Lara Boldorini']",['骑行之旅 On Wheels'],"['剧情', '家庭', '冒险']",[''],[],[' 葡萄牙语']
[' 巴西 / 法国 / 哥伦比亚'],['贝亚特里兹·塞格纳'],['88'],['05'],"['Marleyda Soto', '恩瑞克·迪阿斯', 'María Paula Tabares Peña', 'Adolfo Savilvino', 'Astrid Fernanda López MartÍnez', 'Doña Albina', 'Yerson Castellanos', 'Alida Pandurro', 'Heider Sanchez']",['寂静 Los silencios'],['剧情'],[''],[],[' 葡萄牙语 / 西班牙语']
[' 巴西'],['Matheus Souza'],['116'],['08'],"['Ana Caetano', 'Vitória Falcão', 'Clarissa Müller', 'Thati Lopes', '布鲁斯·岗拉斯迪', 'Bryan Ruffo', 'Victor Lamoglia', 'Gabriela Nunes']",['安娜和维多利亚 Ana e Vitória'],"['喜剧', '音乐', '传记']",[''],[],[' 葡萄牙语']
[' 巴西'],['Matheus Souza'],['116'],['08'],"['Ana Caetano', 'Vitória Falcão', 'Clarissa Müller', 'Thati Lopes', '布鲁斯·岗拉斯迪', 'Bryan Ruffo', 'Victor Lamoglia', 'Gabriela Nunes']",['安娜和维多利亚 Ana e Vitória'],"['喜剧', '音乐', '传记']",[''],[],[' 葡萄牙语']
[' 巴西'],['Guto Parente'],['81'],['01'],"['Tavinho Teixeira', 'Ana Luiza Rios', 'Pedro Domingues', 'Zé Maria', 'Breno Baptista', 'Rodrigo Capistrano', 'Juliana Carvalho', 'Alcântra Costa', 'Rodrigo Fernandes', 'Lc Galetto']",['食人俱乐部 O Clube dos Canibais'],"['喜剧', '恐怖']",[''],[],[' 葡萄牙语']
[' 巴西 / 法国'],['威利·拜恩丹尼'],['93'],['06'],['法布里肖·博利韦拉'],['蓝色的梦 Alem de Homem'],['剧情'],[''],[],[' 葡萄牙语 / 法语']
[' 巴西'],['安德烈·诺瓦伊斯·奥利维拉'],['113'],['08'],"['Grace Passô', 'Russo Apr', 'Rejane Faria', 'Hélio Ricardo', 'Juliana Abreu', 'Renato Novaes']",['季节 Temporada'],['剧情'],[''],[],[' 葡萄牙语']
[' 巴西 / 葡萄牙 / 法国'],['卡洛斯·迭戈'],['105'],"['05', '11']","['文森特·卡索', 'Antonio de la Cruz', 'Albano Jerónimo', '努诺·洛佩斯', '玛里亚娜·希梅内斯', '安东尼·弗格朗斯', '大卫·奥格尼克', '凯瑟琳·蒙切特', '布鲁纳·林斯迈耶', '热苏伊塔·巴尔博萨', '朱利安诺·卡扎雷', 'Marcos Frota', '米格尔·蒙蒂罗', ""António Vitorino D'Almeida"", 'David Mesquita', '卡希安诺·卡尔内罗', 'Luíza Mariani', 'Daniela Faria', 'Miguel Dias', '路易莎·克鲁兹', 'Pedro Efe', 'Tomás Wallenstein', 'Tiago Delfino', 'Cândido Ferreira', 'António Évora']",['伟大的神秘马戏团 O Grande Circo Místico'],['剧情'],[''],[],[' 葡萄牙语']
[' 巴西'],['Aly Muritiba'],['105'],['01'],"['焦瓦尼·德·洛伦兹', 'Tifanny Dopke', '恩瑞克·迪阿斯', 'Clarissa Kiste']",['生锈 Ferrugem'],['剧情'],[''],[],[' 葡萄牙语']
[' 葡萄牙 / 巴西 / 佛得角'],"['João Miller Guerra', 'Filipa Reis']",[],['01'],['Miguel Moreira'],['吉戎·阿非利加 Djon África'],"['剧情', '犯罪']",[''],[],[' 葡萄牙语']
[' 阿根廷 / 巴西'],['Marcelo Schapces'],['90'],['03'],"['迭戈·维拉斯奎兹', 'María Laura Cali', '丹尼尔·凡尼戈', 'Nico García', '费德里科·路皮', '维多利亚·莫蕾特', 'Cecilia Rossetto', 'Juan Sasturain']",['Necronomicón'],"['惊悚', '恐怖']",[''],[],[' 西班牙语']
[' 巴西'],[],['62'],['09'],['Rafinha Bastos'],['Rafinha Bastos: Ultimato'],[],[''],[],[' 葡萄牙语']
[' 巴西'],['加布里埃拉·阿马拉尔'],['90'],['09'],"['爱德华多·戈梅斯', '迪诺·利马·弗洛尔', '朱利奥·马查多', '妮娜·梅德罗斯', '克拉拉·莫拉', '露西安娜·帕埃斯', '拉斐尔·拉波索']",['父亲的影子 A Sombra do Pai'],['剧情'],[''],[],[' 葡萄牙语']
[' 巴西'],['Marina Meliande'],['94'],['01'],"['Marina Provenzzano', 'Pedro Gracindo', 'Analu Prestes', 'Igor Angelkorte']",['闷热 Mormaço'],['剧情'],[''],[],[' 葡萄牙语']
[' 巴西 / 法国'],"['费力比·巴博萨', 'Clara Linhart']",['94'],['09'],"['Ismael Caneppele', '奥古斯托·马德拉', '卡米拉·莫基杜', '伊塔拉·南迪', 'Martha Nowill', 'Silvana Silvia', '查伊·苏埃德', 'Clemente Viscaino', 'Michael Wahrmann']",['多明戈 Doce Coração Cleptomaníaco'],"['剧情', '喜剧']",[''],[],[' 葡萄牙语']
[' 巴西'],"['Pedro Diogenes', 'Guto Parente']",[],[],"['Tatiana Amorim', 'Samya De Lavor', 'Pedro Domingues']",['地狱酒吧 Inferninho'],"['剧情', '喜剧']",[''],[],[' 葡萄牙语']
[' 巴西'],['Tiago Melo'],[],['01'],"['Valmir do Côco', 'Joana Gatis', 'Mestre Barachinha', 'Mohana Uchôa']",['纳扎雷的狂欢 Azougue Nazaré'],['剧情'],[''],[],[' 葡萄牙语']
[' 巴西'],"['Glenda Nicácio', 'Ary Rosa']",['102'],['08'],"['Valdinéia Soriano', 'Aline Brunne', 'Babu Santana', 'Aldri Anunciação']",['肉桂咖啡 Café com Canela'],['剧情'],[''],[],[' 葡萄牙语']
[' 巴西'],['Monique Gardenberg'],['110'],['05'],"['Lee Taylor', '儒利奥·安德拉德', '索·豪黑', 'Erasmo Carlos', '艾米拉·盖德斯']",['迷失天堂 Paraíso Perdido'],"['剧情', '音乐']",[''],[],[' 葡萄牙语']
[' 巴西'],['Rodrigo Van Der Put'],['44'],['12'],['Fábio Porchat'],['The Last Hangover'],['喜剧'],[''],[],[' 葡萄牙语']
[' 巴西'],['若瑟·阿尔瓦亨伽·朱尼尔'],['111'],['12'],"['米尔黑·考塔兹', '拉斐拉·曼黛莉', 'Gabriel Contente']",['Intimidade Entre Estranhos'],[],[''],[],[' 葡萄牙语']
[' 西班牙 / 巴拿马 / 巴西'],['Frank Spano'],[],[],"['Luis Fernandez', 'Mimí Lazo', 'Arturo Montenegro', '亚历克斯·欧多赫德', 'Ana Maria Perez', 'William Kalinak', 'Roberto Birindelli', 'Fabiola Candido', 'Robin Duran', 'Matt Ferro', 'Ramiro Meneses', 'RoChia', 'María Cecilia Sánchez', 'Jose Fernando Muniz', 'Bernardo Kenny', 'Leo Wiznitzer', 'Henry Twohy', ""Robert O'Neill Jr."", 'Santiago Perez']",['Humanpersons'],"['剧情', '惊悚']",[''],[],[' 英语']
