地区,导演,时长,月份,演员,电影名,类型,评分,评论数,语言
[' 意大利'],['斯蒂法诺·摩尔蒂尼'],['102'],['12'],"['里卡多·斯卡马乔', '米莱姆·里昂', '马丽娅·派雅托', '法布里齐奥·本蒂沃利奥', '萨拉·卡迪纳莱蒂', '尼古拉·潘内利', '塞尔吉奥·罗马诺', '阿斯卡尼奥·巴尔博', '保罗·桑博', '杰拉尔多·德布拉西奥', '亚历山德拉·卡里略']",['看不见的客人(意大利版) Il testimone invisibile'],"['剧情', '悬疑', '惊悚', '犯罪']",['9.0'],['3740'],[' 意大利语']
[' 德国 / 意大利'],['弗洛里安·亨克尔·冯·多纳斯马尔克'],['189'],"['09', '10']","['汤姆·希林', '塞巴斯蒂安·科赫', '葆拉·贝尔', '莎斯琪亚·罗森道尔', '奥利弗·马苏奇', '叶甫根尼·希迪金', '马克·扎克', '乌尔里克·C·扎勒', '巴斯蒂安·特罗斯特', '汉斯-尤韦·鲍尔', '汉诺·科夫勒', '辛纳克·勋纳曼', '詹妮特·海因', '乔切·舒托夫', '约翰娜·加斯多夫', '弗罗里安·巴西奥罗麦', '本·贝克']",['无主之作 Werk ohne Autor'],['剧情'],['8.6'],['21864'],[' 德语 / 俄语']
[' 意大利 / 瑞士 / 法国 / 德国'],['阿莉切·罗尔瓦赫尔'],['127'],"['05', '05']","['阿德里亚诺·塔尔迪奥洛', '阿涅塞·格拉齐亚尼', '卢卡·奇科瓦尼', '阿尔巴·罗尔瓦赫尔', '塞尔希·洛佩斯', '纳塔利诺·巴拉索', '托马索·拉尼奥', '尼可莱塔·布拉斯基', '达里亚·帕斯卡·阿托利尼', '达维德·登奇', '帕斯夸丽纳·斯昆恰']",['幸福的拉扎罗 Lazzaro felice'],"['剧情', '奇幻']",['8.6'],['59145'],[' 意大利语']
[' 意大利 / 阿尔巴尼亚 / 阿根廷'],['保罗·祖卡'],['103'],[],"['Jacopo CULLIN', 'Stefano FRESI', '弗朗西斯科·潘诺菲诺', 'Benito URGU']",['买月亮的人 The Man Who Bought the Moon'],['剧情'],['8.3'],['171'],[' 意大利语 / 英语']
[' 英国 / 比利时 / 意大利 / 德国'],['鲁伯特·艾弗雷特'],['105'],"['01', '06']","['鲁伯特·艾弗雷特', '科林·费尔斯', '艾米丽·沃森', '科林·摩根', '埃德温·托马斯', '汤姆·威尔金森', '安娜·钱斯勒', '朱利安·沃德姆', '碧翠斯·黛尔', '安德烈·彭文', '约书亚·麦圭尔', '克里斯蒂安·布朗查特', '奥利弗·凯特', '罗纳德·皮卡普', '约翰·斯坦丁', '本杰明·沃辛', '丹尼尔·韦曼']",['快乐王子 The Happy Prince'],"['剧情', '同性', '传记']",['7.2'],['3983'],[' 英语 / 意大利语 / 法语']
[' 意大利 / 法国'],['保罗·索伦蒂诺'],['104'],['04'],"['托尼·塞尔维洛', '艾莱娜·索菲亚·里奇', '里卡多·斯卡马乔', '卡夏·斯穆特尼亚克', '尤丽狄茜·艾克斯顿', '法布里齐奥·本蒂沃利奥', '罗伯托·德·弗朗西斯科', '达里奥·坎塔雷利', '安娜·博纳奥图', '乔瓦尼·埃斯波西托', 'Ugo Pagliai', '瑞奇·孟菲斯']",['他们 Loro 1'],['传记'],['7.1'],['200'],[' 意大利语']
[' 意大利'],['保拉·兰迪'],['90'],['01'],"['瓦莱里奥·马斯坦德雷亚', '克蕾曼丝·波西', 'Luca Esposito', 'Chiara Stella Riccio', 'Miguel Herrera', '约翰·基奥', 'Gianfelice Imparato', 'Natalie Spencer', '亨特·特里梅恩', 'Eric Masip', 'Sebastian Montecino']",['迪多小子 Tito e gli alieni'],"['喜剧', '科幻']",['7.0'],['115'],[' 意大利语 / 英语']
[' 意大利'],['加布里埃莱·穆奇诺'],['105'],['02'],"['斯蒂芬努·阿科西', '卡罗利娜·克雷申蒂尼', '埃琳娜·库奇', '皮耶尔弗兰切斯科·法维诺', '克劳迪亚·杰里尼', '马西莫·吉尼', '萨布里娜·因帕恰托雷', '桑德拉·米洛', '斯特法尼娅·桑德雷利', '瓦莱丽亚·索拉里诺', '吉安马可·托格纳奇', '蒂亚·法蔻']",['完美家庭 A casa tutti bene'],"['剧情', '喜剧', '爱情']",['6.9'],['439'],[' 意大利语']
[' 意大利 / 法国'],['马提欧·加洛尼'],['102'],"['05', '05']","['马尔切洛·丰特', '爱德华多·佩谢', '农齐娅·斯基亚诺', '亚当·迪奥尼西', '弗朗西斯科·阿克夸利', '阿利达·巴尔达里·卡拉布里亚', '阿涅洛·阿雷纳']",['犬舍惊魂 Dogman'],"['剧情', '惊悚', '犯罪']",['6.8'],['4131'],[' 意大利语']
[' 意大利 / 美国'],['卢卡·瓜达尼诺'],['152'],"['09', '11']","['达科塔·约翰逊', '蒂尔达·斯文顿', '科洛·莫瑞兹', '米娅·高斯', '杰西卡·哈珀', '西尔维·泰斯蒂', '安吉拉·温科勒', '玛高莎·贝拉', '英格丽·卡文']",['阴风阵阵 Suspiria'],"['惊悚', '恐怖']",['6.7'],['19604'],[' 英语 / 德语 / 法语']
[' 美国 / 意大利'],['斯特法诺·索利马'],['122'],['06'],"['本尼西奥·德尔·托罗', '乔什·布洛林', '伊莎贝拉·莫奈', '凯瑟琳·基纳', '杰弗里·多诺万', '马修·莫迪恩', '吉姆·戴佛提', '伊恩·鲍汉', '曼努埃尔·加西亚-鲁尔福', '杰克·皮克金', '布鲁诺·庇屈', '杰克莫·巴泽尔', '以利亚·罗德里格斯']",['边境杀手2：边境战士 Sicario: Day of the Soldado'],"['剧情', '动作', '犯罪']",['6.7'],['21027'],[' 英语 / 西班牙语']
[' 意大利'],"['吉安卡洛·丰塔纳', '杰赛普·斯塔西']",['100'],['03'],"['法比奥·德·路易吉', '米莱姆·里昂', '露西娅·奥康', '玛丽娜·罗科', '弗朗西斯科·迪·莱瓦', '苏西·劳德', '卡罗·卢卡·德·鲁杰里', '毛里齐奥·隆巴迪', '爱洛斯·帕尼', '芭芭拉·布薛特', '乔瓦尼·埃斯波西托', '保罗·贝塞加托', '南多·艾琳', '安东内洛·莫雷利']",['把外婆放进冰箱 Metti la Nonna in Freezer'],"['喜剧', '爱情']",['6.6'],['971'],[' 意大利语']
[' 意大利'],['亚礼西奥·克里莫尼尼'],['100'],['08'],"['亚历桑德罗·博尔吉', '马西米利亚诺·托尔托拉', '米尔维亚·马里利亚诺', '杰丝敏·特丽卡']",['切肤之痛 Sulla mia pelle'],['剧情'],['6.5'],['399'],[' 意大利语']
[' 意大利 / 德国 / 瑞士 / 法国'],['劳拉·比斯普里'],['97'],['02'],"['瓦莱丽亚·戈利诺', '阿尔巴·罗尔瓦赫尔', '撒拉·卡苏', '乌多·基尔', '米歇尔·卡尔博尼']",['我的女儿 Figlia mia'],['剧情'],['6.3'],['244'],[' 意大利语']
[' 意大利'],['马可·图利奥·吉奥达纳'],['98'],['03'],"['克里斯蒂安娜·卡波通蒂', '瓦莱里奥·比纳斯科', '斯特凡诺·斯坎达莱蒂', '米雪拉·塞尚', '贝博·斯托蒂', '阿德里娅娜·阿斯蒂', '劳拉·马里诺尼', '安妮塔·克拉沃斯']",['女人之名 Nome di donna'],['剧情'],['6.2'],['212'],[' 意大利语']
[' 意大利'],['马可·里西'],['92'],['12'],"['安德里娅·奥斯瓦特', '玛蒂娜·斯黛拉', 'Björn Freiberg', '马西莫·吉尼', '瑞奇·孟菲斯']",['五星级圣诞 Natale a 5 stelle'],['喜剧'],['6.2'],['75'],[' 意大利语']
[' 意大利'],['加布里埃莱·萨尔瓦托雷斯'],['93'],['01'],"['瓦莱丽亚·戈利诺', '西尔维亚·布苏约克', '克谢尼娅·拉波波尔特', 'Kristof Konrad', 'Maurizio Lombardi', '丹尼尔·维维安', 'Ivan Franek', 'Emilio De Marchi']",['少年透明人2 Il ragazzo invisibile: Seconda generazione'],"['科幻', '奇幻']",['5.6'],['154'],[' 意大利语 / 俄语']
[' 意大利'],['Gianmaria Pezzato'],['53'],['01'],"['Stefano Rossi', 'Andrea Baglio', 'Aurora Moroni', 'Andrea Bonfanti', 'Gelsomina Bassetti', 'Daniele Decarli', 'Alessio Dalla Costa', 'Andrea Deanesi', 'Davide Ellena', 'Maddalena Orcali']",['伏地魔：传人的起源 Voldemort: Origins of the Heir'],"['奇幻', '冒险']",['5.5'],['4177'],[' 英语']
[' 意大利 / Poland'],['Alfredo Fiorillo'],['87'],"['04', '07']","['阿莱西奥·博尼', '皮诺·卡拉布里亚', '米莱娜·伍柯迪克', '里诺·卡波利奇奥', 'Valentina Cenni', '尼诺·弗拉西卡', '伊娃·格里茂迪', 'Alessandro Gruttadauria', '莉迪亚·李博曼', 'Eleonora Trevisani']",['呼吸 Respiri'],['惊悚'],['3.9'],['99'],[' 意大利语']
[' 意大利'],"[""Eros D'Antona""]",['79'],['08'],"['Kateryna Korchynska', 'David White', ""Mirko D'Antona""]",['一日暴毙 Die in One Day'],"['惊悚', '恐怖']",['3.3'],['140'],[' 英语']
[' 意大利'],[],[],[],[],['The Italian Recipe'],[],[''],[],[]
[' 意大利'],[],[],[],[],['prima che la notte'],[],[''],[],[]
[' 意大利'],['Alessandro Aronadio'],['100'],[],[],['我在那里 IO C&#39;È'],['剧情'],[''],[],[' 意大利语']
[' 意大利'],[],[],[],[],['Illuminate'],[],[''],[],[]
[' 意大利'],['Eitan Pitigliani'],[],[],"['克拉拉·阿隆索', 'Miriam Dalmazio', 'Diego Dominguez Llort', 'Filippo Gattuso', 'Davide Dato']",['Insane Love'],[],[''],[],[' 意大利语']
[' 意大利'],['瓦莱里奥·阿塔纳西奥'],['96'],['04'],"['克拉拉·阿隆索', 'Luca Avagliano', '赛尔乔·卡斯特利托']",['小杂工 Il tuttofare'],['喜剧'],[''],[],[' 意大利语']
[' 法国 / 意大利'],['Julien Paolini'],['89'],[],"['Gabriele Arena', 'Barbara Bacci', 'Paolo Brancati', 'Francesco Caltabiano', 'Celeste Casciaro', 'Vito Crimi', 'Dino Favuzza', 'Nunzia Lo Presti', 'Daniela Lo Nardo', 'Desire Lo Nardo', 'Ciro Petrone', '赛勒斯·萨赫迪', '托尼·斯佩兰迪奥']",['Amare Amaro'],['剧情'],[''],[],[' 意大利语']
[' 意大利'],['Lorenzo Lepori'],['70'],[],"['Pascal Persiano', 'Henrj Bartolini', 'Yana Proshkina', 'Simona Vannelli', 'Pio Bisanti', 'Concetta Pagliarella', 'Josy Amodeo', 'Luigi Fedele', 'Stefano Plaia', 'Francesco Salerno']",['赤裸的夜 Notte Nuda'],['恐怖'],[''],[],[' 意大利语']
[' 意大利'],[],[],[],[],['IL vegetale'],[],[''],[],[]
[' 意大利'],['MICHELE SAIA'],[],[],[],['Io non ho mai'],[],[''],[],[]
[' 意大利'],['Federico Salsano'],['75'],[],"['Lele Panzeri', 'Renata Mézenov Sa']",['Il Metodo Kempinsky'],[],[''],[],[' 意大利语']
[' 意大利'],['Luca Miniero'],[],['02'],"['Daniela Airoldi', 'Luca Avagliano']",['我回来了 sono tornato'],[],[''],[],[' 意大利语']
[' 意大利 / 法国'],['Babak Jalali'],['111'],"['02', '04']","['Rod Rondeaux', 'Florence C.M. Klein', 'Wilma Pelly']",['土地 Land'],['剧情'],[''],[],[' 英语']
[' 意大利'],['Gian Paolo Lomi'],['90'],"['08(威尼斯电影节)"">2018']",[],['世上最幸福的男孩 Il Ragazzo Più Felice Del Mondo'],[],[''],[],[]
[' 意大利'],['马尔科·庞蒂'],[],['06'],"['洛伦佐·里凯尔米', '马蒂尔达·德·安杰利斯', '黛瑟瑞·诺弗里妮', '米雪拉·塞尚', '利贝罗·德·瑞恩佐', '贝内黛塔·波尔卡罗利', 'Antonio Gerardi', 'Eugenio Franceschini', '马西米利亚诺·加洛', '吉乔·阿尔贝蒂', 'Alessandro Bernardini', 'Mirko Frezza', 'Mauro Aversano', 'Giusy Frallonardo', ""Gianni D'Addario""]",['意外抢匪 Una vita spericolata'],['喜剧'],[''],[],[' 意大利语']
[' 意大利'],['Michele Dioma'],[],"['11(意大利)"">2018']","['詹姆斯·伊沃里', 'Giorgio Arcelli Fontana', 'Ottavia Orticello']",['海伍德，与我一起跳舞吧！ Dance Again With Me Heywood!'],[],[''],[],[]
[' 意大利'],['玛格丽·塔费里 Margherita Ferri'],['90'],['09'],"['Susanna Acchiardi', 'Eleonora Conti', 'Edoardo Lomazzi', '法布里齐亚·萨基']",['冰上禅 Zen sul ghiaccio sottile'],"['剧情', '同性']",[''],[],[' 意大利语']
[' 意大利'],['TOMMASO PERFETTI'],['19'],['09'],[],['Malo tempo'],[],[''],[],[]
[' 阿根廷 / 意大利'],['Agustina Macri'],['100'],['09'],"['马克·莱昂纳蒂', '弗朗西斯科·德·维托', '毛里齐奥·隆巴迪', '埃莉奥诺拉·吉奥瓦纳迪', '乔治·科兰杰利']",['Soledad'],"['剧情', '爱情', '惊悚', '传记', '犯罪']",[''],[],[' 西班牙语 / 意大利语']
[' 意大利'],['Volfango De Biasi'],[],['10'],['Alessandro Preziosi'],['NESSUNO COME NOI'],"['剧情', '爱情']",[''],[],[' 意大利语']
[' 意大利'],['迈克尔·莱德福'],[],[],[],['Alexander Nevsky'],[],[''],[],[]
[' 意大利'],"['Gianfranco Cabiddu', 'Mario Tronco']",['83'],['10'],"['法布里齐奥·本蒂沃利奥', 'Ernesto Lopez Maturell', 'Violetta Zironi']",['维托里奥广场的魔笛 Il flauto magico di Piazza Vittorio'],"['剧情', '爱情', '歌舞']",[''],[],[' 意大利语']
[' 意大利'],['Alessio Maria Federici'],[],['10'],['Pietro Sermonti'],['UNO DI FAMIGLIA'],[],[''],[],[' 意大利语']
[' 意大利 / 法国'],['Mirko Locatelli'],[],[],[],['Isabelle'],[],[''],[],[]
[' 意大利'],['菲利波·博洛尼亚'],[],['11'],"['里卡多·斯卡马乔', '维多利亚·普契尼', '卢卡·阿金泰罗', '伊沙贝拉·法雷利', '伊莱尼·帕斯托雷利', '阿历桑多罗·哈伯', 'Massimo De Lorenzo', 'Arianna Ninchi', 'Carlo De Ruggieri']",['新的一年做什么？ Cosa fai a Capodanno?'],['喜剧'],[''],[],[' 意大利语']
[' 意大利'],['Stefano Anselmi'],[],[],"['Nunzio Fabrizio Rotondo', 'Paolo Vita', '洛雷达纳·卡纳塔', 'Maurizio Lombardi', '朱利亚·迪·奎里欧', '尹·C·乔伊斯', 'Yari Gugliucci', 'Elisa Di Eusanio', '毛里齐奥·马蒂奥利', 'Micol Azzurro', 'Paolo Gattini', 'Leonardo Sbragia']",['Non è vero ma ci credo'],['喜剧'],[''],[],[' 意大利语']
[' 意大利'],['Bonifacio Angius'],[],['11'],['Alessandro Gazale'],['无论你在哪里保护我 Ovunque proteggimi'],[],[''],[],[' 意大利语']
[' 斯洛文尼亚 / 克罗地亚 / 意大利 / 挪威'],['Sonja Prosenc'],['105'],[],"['Doroteja Nadrah', 'Kristoffer Joner', 'Zita Fusco', 'Zoja Florjanc Lukan', 'Matija Vastl']",['爱的历史 Zgodovina ljubezni'],['剧情'],[''],[],[' 斯洛文尼亚语']
[' 俄罗斯 / 意大利'],['安德烈·康查洛夫斯基'],['120'],[],"['Alberto Testone', '翁贝托·奥尔西尼', 'Nicola Adobati', 'Massimo De Francovich', 'Nicola De Paola']",['罪恶 Mostro'],['剧情'],[''],[],[' 意大利语']
[' 意大利'],['Luca Ferri'],[],"['08(意大利)"">2018']",['Naomi Morello'],['Dulcinea'],[],[''],[],[' 意大利语']
[' 意大利'],['乔瓦尼·韦罗内西'],['109'],['12'],"['皮耶尔弗兰切斯科·法维诺', '罗科·帕帕莱奥', '瓦莱里奥·马斯坦德雷亚', '赛尔乔·鲁比尼', '玛格丽塔·布伊', '马蒂尔德·吉奥尼', '阿历桑多罗·哈伯', '瓦莱丽亚·索拉里诺', 'Giulia Bevilacqua', 'Claudio Corinaldesi', '南多·艾琳', 'Antonino Iuorio', 'Marina Perzy']",['国王的火枪手：倒数第二个任务 Moschettieri del Re: La Penultima Missione'],['喜剧'],[''],[],[]
[' 意大利'],"['Davide Livermore', 'Riccardo Chailly']",[],['12'],"['Fabio Sartori', 'Ildar Abdrazakov', 'Saioa Hernandez', 'Simone Piazzola', 'Francesco Pittari', 'Gianluca Buratto']",['威尔第：阿提拉（米兰斯卡拉歌剧院） Verdi: Attila (La Scala)'],"['音乐', '戏曲']",[''],[],[' 意大利语']
[' 意大利 / 法国 / 德国'],['兰帕德·帕瓦'],[],[],"['热拉尔·德帕迪约', '拉斯·艾丁格', 'David Hallyday', '伊莎贝拉·奥尔西尼', 'Rabeah Rahimi', 'Christoph Hülsen', 'Frédéric Lerner', 'Damiana Fiammenghi']",['Twins'],['恐怖'],[''],[],[' 英语']
[' 意大利'],"['Alessandro Antonaci', 'Daniel Lascar', 'Stefano Mandalà']",[],[],"['Carola Cudemo', 'Alice Piano', 'Micol Damilano']","['You Die - Get the app, then die']","['剧情', '惊悚', '恐怖']",[''],[],[' 意大利语']
[' 意大利'],['Emiliano Ranzani'],['83'],[],"['Makenna Guyler,', 'Emanuele Turetta', 'Marta Tananyan']",['Blood Bags'],['恐怖'],[''],[],[' 英语 / 意大利语 / 俄语 Russian']
[' 意大利'],"['Federico Pontiggia', 'Giancarlo Rolandi']",[],[],"['Corrado Augias', '朱塞佩·托纳多雷']",['24/25 Il fotogramma in più'],[],[''],[],[]
[' 意大利'],['Raffaele Picchio'],[],[],"['Aaron Stielstra', 'Alice Zanini', 'Francesca Pellegrini']",['亡灵诅咒 Curse of the Blind Dead'],['恐怖'],[''],[],[' 英语']
[' 意大利'],['Claudio Cicconetti'],['90'],[],[],['爱的治疗 LOVE THERAPY'],['喜剧'],[''],[],[' 意大利语']
[' 意大利'],['Arnalda Canali'],['110'],[],[],['LE CORSAIRE'],['音乐'],[''],[],[' 意大利语']
[' 意大利'],['DIEGO FASOLIS'],['60'],[],[],['LA SCALA CHRISTMAS CONCERT 2018'],['音乐'],[''],[],[' 意大利语']
[' 美国 / 意大利'],[],[],[],"['Lorenzo Balducci', 'Dejan Bucin', 'Niccolo Cancellieri', 'Cinzia Clemente', 'Emiliano Coltorti', 'Jacopo Fazzini', 'Cosimo Fusco', 'Serena Iansiti', 'Sara Lazzaro']",['7个奇迹 7 Miracles'],['剧情'],[''],[],[' 英语']
[' 意大利'],['Alessio Micieli'],['94'],[],"['Giovanni Arezzo', 'Anastasia Armenante', 'Vincenzo Ferrera', 'Totò Galanti', 'Alessio Micieli', 'Lucio Micieli', 'Nunzio Quattrocchi']",['Cristiano Rolando'],['喜剧'],[''],[],[' 意大利语']
[' 法国 / 德国 / 意大利'],[],[],[],[],['钢琴大师 Max &amp; Maestro'],['动画'],[''],[],[]
[' 意大利'],['Sergio Manfio'],['85'],['01'],"['约翰尼·扬·博施', '谢拉米·李', 'Bryce Papenbrook', 'Faith Graham', 'Landen Beattie']",['蒙娜丽莎任务 Leo Da Vinci: Mission Mona Lisa'],"['动画', '家庭', '冒险']",[''],[],[' 英语']
[' 加拿大 / 意大利 / 美国'],['Paul Stark'],['109'],['01'],[],['THE VATICAN DECEPTION'],[],[''],[],[' 英语 / 意大利语 / 西班牙语 / 德语']
[' 意大利'],['Cristian Marazziti'],['90'],['02'],"['Giulia Gorietti', '卡罗利娜·克雷申蒂尼', '安朵妮娅·丽斯科娃']",['分离 Sconnessi'],['喜剧'],[''],[],[' 意大利语']
[' 意大利'],['Giovanni Piscaglia'],['70'],['04'],['瓦莱丽亚·布鲁尼·泰德斯基'],['Van Gogh: Tra il grano e il cielo'],[],[''],[],[' 意大利语 / 法语 / 英语']
[' 意大利'],['Ivan Silvestrini'],[],['05'],"['克劳迪奥·比西奥', '利诺·关恰莱', '毛里齐奥·尼凯蒂', 'Maria Di Biase', 'Shalana Santana', 'Pietro Ragusa', 'Alessio Sakara', 'Andrea Pennacchi', 'Giusy Buscemi', 'Francesco Procopio', 'Christian Ginepro', 'Irene Vetere', 'Rocco Hunt']",['Arrivano i prof'],['喜剧'],[''],[],[' 意大利语']
[' 意大利'],['Federico Alotto'],['110'],['06'],"['丹尼·格洛弗', 'Andrea Zirio', 'Gianni Capaldi', '安娜玛丽亚·玛琳卡', '乌多·基尔', '夏洛特·柯克', 'Drew Kenney', 'Walter Nudo', 'Jessica Polsky', 'Sigal Diamant', 'Francesca Ravera']",['尤利西斯：黑暗的奥德赛 Ulysses: A Dark Odyssey'],"['剧情', '动作', '犯罪']",[''],[],[' 英语']
[' 美国 / 意大利'],['Caleb Burdeau'],[],['08'],['Moamer Kasumovic'],['Nasumice'],[],[''],[],[' 意大利语 / 英语']
[' 意大利'],['TONI D’ANGELO'],['15'],['08'],[],['Nessuno è innocente'],[],[''],[],[]
[' 意大利 / 罗马尼亚'],['阿尔伯托·法苏洛'],['103'],"['08(洛迦诺电影节)"">2018']","['Marcello Martini', 'Maurizio Fanin', 'Carlo Baldracchi']",['梅诺科希奥 Menocchio'],['剧情'],[''],[],[' 意大利语']
[' 意大利'],['COSIMO ALEMÀ'],['15'],['09'],[],['Si sospetta il movente passionale con l’aggravante dei futil'],[],[''],[],[]
[' 意大利'],['Quelle brutte cose'],['11'],['09'],[],['Quelle brutte cose'],[],[''],[],[]
[' 意大利'],['Costanza Quatriglio'],['103'],['09'],['Tihana Lazovic'],['看似吾儿 SEMBRA MIO FIGLIO'],[],[''],[],[' 意大利语']
[' 意大利'],"['Roberto Albanesi', 'Luca Bertossi', 'Davide Cancila', 'Francesco Longo', 'Daniele Misischia', 'Nicola Pegg', 'Davide Pesca', 'Eugenio Villani']",['86'],['09'],[],['午夜过后 After Midnight'],['恐怖'],[''],[],[' 意大利语']
[' 意大利'],['Alessandro Capitani'],[],['10'],['Alessandro Haber'],['IN VIAGGIO CON ADELE'],[],[''],[],[' 意大利语']
[' 意大利'],['Maximiliano Hernando Bruno'],['150'],['11'],"['Francesca Amodio', 'Enrico Bergamasco', 'Valentina Bivona', 'Vincenzo Bocciarelli', 'Eleonora Bolla', 'Vittorio Boscolo', 'Leopoldo Bottero', 'Paolo Braghetto', 'Maximiliano Hernando Bruno', '桑德拉·切卡莱利', '杰拉丁·卓别林', '弗兰科·内罗', ' 迭戈·帕格托']",['血色大地 Rosso Istria'],"['剧情', '战争']",[''],[],[' 意大利语']
[' 意大利'],['莱奥纳多·皮耶拉乔尼'],[],['11'],"['莱奥纳多·皮耶拉乔尼', 'Michela Andreozzi', 'Elena Cucci', '卡特琳娜·莫里诺', '克劳迪亚·潘多尔菲', '贾布瑞拉·派申', 'Mariasole Pollio', '安东尼娅·特波', '农齐娅·斯基亚诺', 'Sergio Pierattini', 'Gianluca Guidi']",['Se son rose'],['喜剧'],[''],[],[' 意大利语']
[' 意大利'],['伊凡·吉亚尼谦'],[],['09'],[],['安吉拉的日记 Il Diario Di Angela - Noi Due Cineasti'],[],[''],[],[]
[' 意大利'],['保罗·维尔齐'],['125'],['11'],"['Mauro Lamantia', 'Giovanni Toscano', 'Irene Vetere', '吉安卡罗·吉安尼尼', '罗贝托·埃利茨卡', '保罗·博纳切利', '奥内拉·穆蒂', '玛丽娜·罗科', '安德里亚·龙卡多', '朱利奥斯卡尔帕蒂', '埃马努埃莱·萨尔切', '吉欧里奥·贝鲁蒂', '卢多维卡·莫杜尼奥', 'Ferruccio Soleri', 'Simona Marchini', '帕罗·萨森内里', 'Regina Orioli', '伊丽亚娜·米格里欧', '蒂亚·法蔻', '加里·勒斯培', 'Emanuele Barresi']",['魔力之夜 Notti magiche'],['喜剧'],[''],[],[' 意大利语']
[' 意大利'],['Francesco Miccichè'],[],['09'],"['赛尔乔·卡斯特利托', '萨布丽娜·费里利', '瓦莱莉·法布里兹']",['乐透梦想假期 Ricchi di fantasia'],['喜剧'],[''],[],[' 意大利语']
[' 意大利'],['安东尼奥·阿尔巴内斯'],[],['03'],"['安东尼奥·阿尔巴内斯', 'Alex Fondja', 'Aude Legastelois']",['Contromano'],['喜剧'],[''],[],[' 意大利语']
[' 意大利'],['Andrea Di Paola'],['15'],['10'],[],['爱女之心 daughterland'],[],[''],[],[' 意大利语']
[' 意大利'],['朱利叶斯·贝斯'],['82'],"['08(威尼斯电影节)"">2018']","['朱利叶斯·贝斯', 'Paolo Fosso']",['无政府主义银行家 The Anarchist Banker'],['剧情'],[''],[],[' 意大利语']
[' 意大利'],['皮波·梅萨佩萨'],['95'],['09'],"['赛尔乔·鲁比尼', '弗朗西斯科·德·维托', 'Caterina Valente']",['我一个人就好 Il bene mio'],['剧情'],[''],[],[]
[' 德国 / 意大利'],['乌利胥·柯雷'],['119'],['05'],"['Hans Löw', 'Elena Radonicich', '米夏埃尔·维滕博恩', 'Ruth Bickelhaupt', '艾玛·巴丁', 'Katharina Linder', 'Felix Schmidt-Knopp', '凯思琳·莱斯塔利茨', 'Erhard Scholl', 'Siegfried Rosenau', 'Phillip Sollmann', 'Franz Hagn', 'Antonia Putiloff', '阿达·菲莱恩·斯塔彭贝克']",['我房即世界 In My Room'],['剧情'],[''],[],[' 德语 / 英语']
[' 意大利'],['Gino Palummo'],['20'],['10'],[],['落红 Il nostro sangue'],['剧情'],[''],[],[' 意大利语']
[' 意大利'],['卢西阿诺·利格布'],['100'],['01'],"['斯蒂芬努·阿科西', '卡夏·斯穆特尼亚克', '弗朗西斯科·科勒拉', '洛伦佐·佩德罗蒂', 'Fausto Maria Sciarappa', 'Walter Leonardi', 'Filippo Dini', 'Tobia De Angelis', 'Alessia Giuliani', 'Gianluca Gobbi', 'Leonardo Santini', 'Jefferson Jeyaseelan', 'Matteo Albano', '马尔科·潘克拉齐']",['意大利制造 Made in Italy'],"['剧情', '喜剧']",[''],[],[' 意大利语']
[' 意大利'],['Mario Gas'],['151'],['10'],"['Ermonela Jaho', 'Enkelejda Shkosa', 'Jorge de Leon', 'Angel Odena']",['蝴蝶夫人 Madama Butterfly'],"['音乐', '歌舞', '戏曲']",[''],[],[' 意大利语']
[' 意大利'],['David McVicar'],['133'],['09'],"['Renato Palumbo', 'Ermonela Jaho', 'Francesco Demuro', 'Juan Jesús Rodríguez', 'Joan Matabosch']",['茶花女 La Traviata'],"['爱情', '音乐', '歌舞', '戏曲']",[''],[],[' 意大利语']
[' 意大利'],['Corrado Nuzzo'],[],"['03(意大利)"">2018']",['Corrado Nuzzo'],['VENGO ANCH&#39;IO'],['喜剧'],[''],[],[' 意大利语']
[' 意大利'],['Antonio Capuano'],[],['10'],"['Biagio Izzo', 'Ascanio Celestini', 'Tony Tammaro']",['阿奇利塔拉洛 ACHILLE TARALLO'],['喜剧'],[''],[],[' 意大利语']
[' 瑞士 / 意大利'],['Nicola Bellucci'],['109'],['11'],"['路易吉·洛·卡肖', 'Vincenzo Crea', '布鲁诺·托德契尼', '尤拉西纳·拉尔迪', 'Leonardo Nigro']",['Il Mangiatore di Pietre'],[],[''],[],[' 意大利语']
[' 意大利'],['Marco Rosson'],[],['03'],"['Marcella Braga', 'Claudia Marasca', 'Toni Pandolfo', 'Margherita Remotti', 'Diego Runko']",['Shanda&#39;s River'],"['惊悚', '恐怖']",[''],[],[' 英语']
[' 意大利'],['Clarissa Cappellani'],['72'],['12'],"['盖娅·吉拉切', '玛格丽塔·马祖可', 'Anna Redi']",['我真正的天才女友 My True Brilliant Friend'],[],[''],[],[' 意大利语']
[' 法国 / 意大利'],['瓦莱丽亚·布鲁尼·泰德斯基'],['127'],"['09', '12']","['瓦莱丽亚·布鲁尼·泰德斯基', '皮埃尔·阿迪提', '瓦莱丽亚·戈利诺', '诺埃米·洛夫斯基', '友兰达·梦露', '劳伦特·斯托克', 'Bruno Raffaelli', 'Marisa Borini']",['度过盛夏 Les estivants'],['剧情'],[''],[],[' 法语']
[' 意大利'],['Emanuele Imbucci'],['97'],[],"['恩里克·洛维索', 'Ivano Marescotti']",['米开朗基罗 Michelangelo - Infinito'],"['剧情', '传记']",[''],[],[' 意大利语 / 英语']
[' 意大利'],['贾尼·扎那西'],[],"['05', '11']","['阿尔巴·罗尔瓦赫尔', '哈达斯·雅伦']",['多余的恩典 Troppa grazia'],['喜剧'],[''],[],[' 意大利语']
[' 意大利'],['保罗·维尔齐'],['125'],['11'],"['Mauro Lamantia', 'Giovanni Toscano', 'Irene Vetere', '吉安卡罗·吉安尼尼', '罗贝托·埃利茨卡', '保罗·博纳切利', '奥内拉·穆蒂', '玛丽娜·罗科', '安德里亚·龙卡多', '朱利奥斯卡尔帕蒂', '埃马努埃莱·萨尔切', '吉欧里奥·贝鲁蒂', '卢多维卡·莫杜尼奥', 'Ferruccio Soleri', 'Simona Marchini', '帕罗·萨森内里', 'Regina Orioli', '伊丽亚娜·米格里欧', '蒂亚·法蔻', '加里·勒斯培', 'Emanuele Barresi']",['魔力之夜 Notti magiche'],['喜剧'],[''],[],[' 意大利语']
[' 意大利'],['Eros Puglielli'],['110'],"['12(意大利)"">2018']","['Gualtiero Burzi', 'Cristiano Callegaro', 'Claudia Coli', '皮娅·英格丽波斯']",['命运杀局 Nevermind'],['剧情'],[''],[],[' 意大利语']
[' 意大利'],['Gabriele Pignotta'],['90'],"['11(意大利)"">2018']",[],['奥茨与神秘的时间 Ötzi e il mistero del tempo'],"['剧情', '奇幻', '冒险']",[''],[],[' 意大利语']
[' 意大利'],['Riccardo De Filippis'],[],[],[],['Rabbia furiosa: Er Canaro'],[],[''],[],[' 意大利语']
[' 意大利'],[],[],[],"['莫妮卡·贝鲁奇', '伊莎贝拉·罗西里尼', '卡拉·布吕尼', '伊娃·赫兹格瓦', '海伦娜·克里斯坦森', '芭芭拉·帕尔文', '莎拉·桑帕约', '艾米丽·拉塔科斯基', '斯特拉·麦克斯韦', '布鲁娜·马尔科辛', '玛丽娜·辉·巴尔博萨', '迪丽热巴', '刘春杰', '贺聪', '凯伦·艾尔森', '阿什利·格雷厄姆', '唐赫', '康思佳', '梅根·威廉姆斯', '王新宇']",['杜嘉班纳2019春夏女装秀 Dolce&amp;Gabbana: Spring/Summer 2019 Women&#39;s Fashion Show'],['真人秀'],[''],[],[' 无对白']
[' 英国 / 意大利'],"['Domiziano Cristopharo', 'Jason Figgis', 'Jason Impey', 'Sunny King', 'Sam Mason-Bell', 'Tony Newton', 'Lauand Omar', 'Rob Ulitski', 'Sophia Cacciola', '朱利叶斯·J·爱泼斯坦', 'Dustin Ferguson', 'Alessandro Giordani', 'Chris Milewski', 'Alessandro Redaelli']",['90'],['05'],"['Roberta Gemma', '朱利叶斯·J·爱泼斯坦', 'Edwin Garcia']",['恐惧症的滋味 A Taste of Phobia'],['恐怖'],[''],[],[' 英语']
[' 意大利'],[],['99'],[],[],['见过索菲亚 Ti Presento Sofia'],[],[''],[],[' 意大利语']
[' 意大利'],['莱蒂齐娅·拉马蒂雷'],['92'],['08'],"['Barbara Bobulova', 'Alessandro Piavani']",['舞台母子 Saremo giovani e bellissimi'],[],[''],[],[' 意大利语']
[' 意大利'],['Cosimo Messeri'],['87'],['10'],['Cosimo Messeri'],['罗马罗曼史 Metti una notte'],['剧情'],[''],[],[' 意大利语']
[' 意大利'],['帕罗·萨森内里'],['94'],['04'],"['帕罗·萨森内里', '弗朗西斯科·科勒拉', 'Rian Gerritsen', 'Kenneth Herdigein', '玛丽特·尼森', '妲歌玛·拉桑德', 'Totò Onnis', 'Tiziana Schiavarelli']",['费力和萨尔瓦多 Due piccoli italiani'],['喜剧'],[''],[],[' 意大利语 / 英语 / 荷兰语 / 德语']
[' 意大利'],['Francesca Mazzoleni'],['95'],[],"['Margherita Morchio', 'Matteo Oscar Giuggioli']",['任爱发生 Succede'],"['剧情', '喜剧']",[''],[],[' 意大利语']
[' 意大利'],['Antonio Morabito'],['104'],['05'],"['克劳迪奥·桑塔玛利亚', '马可·贾利尼', '杰基·斯图尔', 'Flonja Kodheli']",['我债免我责 Rimetti a noi i nostri debiti'],['剧情'],[''],[],[' 意大利语']
[' 意大利'],['瓦莱丽亚·戈利诺'],['115'],"['05', '10']","['里卡多·斯卡马乔', '瓦莱里奥·马斯坦德雷亚', '伊沙贝拉·法雷利', '瓦伦蒂娜·切尔维', '杰丝敏·特丽卡']",['幸福 Euforia'],['剧情'],[''],[],[' 意大利语']
[' 意大利'],"[""Ciro D'Emilio""]",['88'],['09'],"['安娜·福列塔', 'Fabio De Caro', 'Biagio Forestieri', 'Giampiero De Concilio']",['突然一日 Un giorno all&#39;improvviso'],['剧情'],[''],[],[' 意大利语']
[' 意大利 / 西班牙'],['Fabrizio Ferraro'],['111'],[],"['Vicenç Altaió', 'Bruno Duchêne', 'Euplemio Macri', 'Pau Riba', 'Marco Teti', 'Catarina Wallenstein']",['多余的欧洲 Gli Indesiderati d&#39;Europa'],"['剧情', '历史']",[''],[],[' 法语']
[' 意大利'],['弗朗切斯科·法拉斯奇'],[],['04'],"['瓦莱丽亚·索拉里诺', '维尼乔·马尔基奥尼', 'Luigi Fedele']",['只要你需要 Quanto basta'],"['剧情', '喜剧']",[''],[],[' 意大利语']
[' 意大利 / 克罗地亚'],['Leonardo Guerra Seràgnoli'],['80'],"['08(洛迦诺电影节)"">2018']","['安杰拉·丰塔纳', 'Denise Tantucci', 'Blu Yoshimi Di Martino', 'Goran Marković']",['成人仪式 Likemeback'],['剧情'],[''],[],[' 意大利语 / 英语 / 克罗地亚语']
[' 意大利'],['丹尼斯·拉巴格尼尔'],['97'],['10'],"['迭戈·阿巴坦托诺', '安东尼奥·福莱托', '桑德拉·米洛', '马西莫·吉尼', 'Mirko Trovato', 'Roberto Ciufoli']",['我所挚爱的敌人 Un nemico che ti vuole bene'],"['喜剧', '犯罪']",[''],[],[]
[' 意大利'],['Francesco Patierno'],[],"['08(威尼斯电影节)"">2018']",[],['Camorra'],[],[''],[],[]
[' 意大利'],['Antonello Grimaldi'],['90'],[],"['米凯莱·里翁迪诺', '亚历山德罗·罗亚', '利贝罗·德·瑞恩佐', '维奥兰特·普拉奇多', ' 斯维娃·阿维蒂']",['Restiamo amici'],"['剧情', '喜剧']",[''],[],[' 意大利语']
[' 意大利'],"['Loretta Dalpozzo', 'Michele volonte']",['77'],[],['Mario Botta'],['超越空间 Oltre lo Spazio'],[],[''],[],[' 意大利语']
[' 意大利'],['Andrea Mugnaini'],[],['07'],"['Alan Cappelli Goetz', 'Katharina Sporrer', 'Holly Mumford']",['占卜恶灵：最后的游戏 Ouija Seance: The Final Game'],['恐怖'],[''],[],[]
[' 意大利'],['Riccardo Salvetti'],['91'],[],[],['卢旺达 Rwanda'],"['剧情', '历史']",[''],[],[' 意大利语']
[' 意大利 / 波斯尼亚和黑塞哥维那'],['Gaetano Liberti'],['44'],"['07', '09']",[],['J'],['剧情'],[''],[],[' 意大利语']
[' 意大利'],['瓦莱里奥·马斯坦德雷亚'],['95'],['11'],"['Chiara Martegiani', 'Renato Carpentieri', 'Stefano Dionisi', 'Arturo Marchetti', 'Milena Vukotic', 'Mattia Stramazzi']",['Ride'],['剧情'],[''],[],[' 意大利语']
[' 意大利'],[],[],[],[],['Benedetta follia'],[],[''],[],[]
[' 意大利'],['Clarissa Cappellani'],['72'],['12'],"['盖娅·吉拉切', '玛格丽塔·马祖可', 'Anna Redi']",['我真正的天才女友 My True Brilliant Friend'],[],[''],[],[' 意大利语']
[' 意大利'],['雷奥·阿雷纳'],[],['01'],"['Miloud Mourad Benamara', 'Ciro Ceruti', 'Paco De Rosa']",['苦结连理 Finalmente sposi'],['喜剧'],[''],[],[' 意大利语']
[' 意大利 / 法国'],['保罗·索伦蒂诺'],['100'],['05'],"['托尼·塞尔维洛', '艾莱娜·索菲亚·里奇', '里卡多·斯卡马乔', '卡夏·斯穆特尼亚克', '尤丽狄茜·艾克斯顿', '法布里齐奥·本蒂沃利奥', '罗伯托·德·弗朗西斯科', '达里奥·坎塔雷利', '安娜·博纳奥图', '乔瓦尼·埃斯波西托', 'Ugo Pagliai', '瑞奇·孟菲斯', '洛伦索·吉埃利', 'Caroline Tillette']",['他们2 Loro 2'],['传记'],[''],[],[' 意大利语']
[' 意大利'],['丹尼埃莱·卢凯蒂'],[],['04'],"['马可·贾利尼', '埃利奥·杰曼诺', 'Eleonora Danco', 'Jo Sung', 'Carlo Bigini']",['我叫滕佩斯塔 Io sono Tempesta'],['剧情'],[''],[],[' 意大利语']
[' 意大利'],['艾曼努埃尔·斯卡林吉'],['99'],"['09', '09']","['彼得洛·卡斯特里图', '劳拉·莫兰特', '克劳迪亚·潘多尔菲', '特科·切里奥', '卡夏·斯穆特尼亚克', '文森特·坎德拉', '玛丽安娜·迪·马蒂诺', 'Simone Liberati', 'Valerio Aprea', 'Diana Del Bufalo', 'Guglielmo Poggi', 'Valentino Campitelli', 'Adriano Panatta', 'Stefano Scherini']",['犰狳的预言 La Profezia Dell’Armadillo'],['剧情'],[''],[],[' 意大利语']
[' 意大利 / 法国'],['罗贝托·安度'],['110'],"['09', '09']","['劳拉·莫兰特', '亚历山德罗·加斯曼', '杰兹·斯科利莫夫斯基', '米卡埃拉·拉马佐蒂', '雷纳托·卡朋特理', '安东尼奥·卡塔尼亚']",['无名故事 Una storia senza nome'],['剧情'],[''],[],[' 意大利语']
[' 意大利'],['劳拉·卢切蒂'],[],[],"['乔治·科兰杰利', '阿涅洛·阿雷纳', 'Fausto Verginelli']",['双生花 Fiore Gemello'],['剧情'],[''],[],[' 意大利语 / 法语']
[' 意大利 / 英国'],['瓦莱里奥·米艾里'],['106'],[],"['卢卡·马里内利', 'Linda Caridi', '乔瓦尼·安扎尔多', 'Camilla Diana']",['记得吗 Ricordi?'],['剧情'],[''],[],[' 意大利语']
[' 意大利'],"[""Roberto D'Antona""]",['116'],['08'],"[""Roberto D'Antona"", 'Francesco Emulo', 'Annamaria Lorusso', '迈克尔·西格尔', ""Mirko D'Antona"", 'Kavita Albizzati', 'Giada Robin']",['地狱直达 Fino all&#39;Inferno'],"['动作', '恐怖', '犯罪']",[''],[],[' 意大利语']
[' 意大利'],['Alessandro Genovesi'],['89'],['03'],"['Diego Abatantuono', 'Monica Guerritore', 'Salvatore Esposito', 'Cristiano Caccamo', 'Dino Abbrescia', 'Diana Del Bufalo', 'Beatrice Arnera', ""Rosaria D'Urso"", 'Antonio Catania', 'Enzo Miccio']",['我盛大的意大利同志婚礼 Matrimonio italiano'],"['剧情', '喜剧', '同性']",[''],[],[' 意大利语']
[' 意大利'],['Duccio Chiarini'],[],"['08(洛迦诺电影节)"">2018']","['Daniele Parisi', 'Anna Bellato', 'Federica Victoria Caiozzo']",['客人 L&#39;ospite'],[],[''],[],[' 意大利语']
[' 意大利'],['艾多阿尔多·德·安杰利斯'],['96'],"['09', '11']","['皮纳·图尔科', 'Massimiliano Rossi', '玛利娜·孔法罗内', 'Cristina Donadio', 'Marcello Romolo']",['希望的另一边 Il vizio della speranza'],['剧情'],[''],[],[' 意大利语']
[' 意大利'],"['达米亚诺·迪诺森佐', ""Fabio D'Innocenzo""]",['104'],"['02(柏林电影节)"">2018']","['安德里亚·卡朋扎诺', '马提奥·奥利维提', '卢卡·津加雷蒂', '马西米利亚诺·托尔托拉', 'Milena Mancini', 'Michela De Rossi', 'Giordano De Plano', 'Yan Lovga', 'Nicole Centanni', 'Walter Toschi']",['足够的土地 La terra dell&#39;abbastanza'],"['惊悚', '黑色电影']",[''],[],[' 意大利语']
[' 意大利'],['西蒙尼·斯帕达'],[],['05'],"['克劳迪奥·阿门多拉', '卢卡·阿金泰罗', 'Giuseppe Battiston', '巴博拉·伯布洛瓦 Barbora Bobulova']",['加加林旅馆 Hotel Gagarin'],['喜剧'],[''],[],[' 意大利语']
[' 意大利 / 法国'],['马里奥·马尔托内'],['122'],"['09', '12']","['玛丽安娜·芳塔娜', 'Reinout Scholten van Aschat', '安东尼奥·福莱托', '珍娜·蒂亚姆', 'Maximilian Dirr', 'Lola Klamroth', 'Eduardo Scarpetta', '里纳特·希什马塔林']",['卡普里革命 Capri - Batterie'],"['剧情', '历史']",[''],[],[' 意大利语 / 法语']
[' 意大利 / 德国'],['B.K. Wunder'],['100'],[],"['卢卡斯·普瑞索', '约翰·萨维奇', '杰米斯·巴特勒']",['War Photographer'],"['剧情', '惊悚']",[''],[],[' 德语']
