地区,导演,时长,月份,演员,电影名,类型,评分,评论数,语言
[' 美国 / 中国大陆 / 法国 / 挪威'],['克里斯托弗·麦奎里'],['147'],"['08', '07']","['汤姆·克鲁斯', '亨利·卡维尔', '文·瑞姆斯', '西蒙·佩吉', '丽贝卡·弗格森', '西恩·哈里斯', '安吉拉·贝塞特', '凡妮莎·柯比', '米歇尔·莫纳汉', '韦斯·本特利', '费雷德里克·施密特', '亚历克·鲍德温', '杨亮', '克里斯托弗·约纳尔', '沃尔夫·布利策', '拉斐尔·琼勒', '安德鲁·卡扎纳夫·平', '克里斯多夫·德·舒瓦西', '拉裴尔·德普雷', '让·巴普蒂斯特·菲永', '马克斯·盖勒', '奥利维尔·体班德', '亚历山大·普尔', '阿利克斯·贝纳泽什', '乔伊·安沙', '维利贝·托皮奇', '格雷厄姆·福克斯', '卡斯珀·菲利普森', '菲恩·乔利', '鲁斯·贝恩', '奈杰尔·艾伦']",['碟中谍6：全面瓦解 Mission: Impossible - Fallout'],"['动作', '惊悚', '冒险']",['8.1'],['383874'],[' 英语 / 法语']
[' 秘鲁 / 德国 / 挪威'],['Alvaro Delgado Aparicio'],['101'],"['02', '05', '08']","['Magaly Solier', 'Amiel Cayo', 'Junior Bejar']",['彩塑男孩 Retablo'],"['剧情', '同性']",['7.7'],['180'],[' 克丘亚语 / 西班牙语']
[' 芬兰 / 挪威'],"['裘索·拉提欧', '尤加·维迪葛伦']",['92'],['03'],"['托尔斯坦·比约克朗德', '安蒂·希海基宁', '维尔·希尔卡', '约翰内斯·霍洛佩宁', '萨穆利·贾斯基奥', '明卡·库斯顿', '凯·莱蒂宁', '皮霍·朗卡', '锡尼卡·莫克尔拉', '麦克斯·奥瓦斯卡', '佩尔蒂·斯维霍姆', '马尔蒂·斯利亚', '威利·蒂奥宁']",['重金属囧途 Hevi reissu'],"['喜剧', '音乐']",['7.6'],['6655'],[' 芬兰语 / 英语 / 挪威语']
[' 挪威 / 冰岛 / 美国'],['保罗·格林格拉斯'],['143'],"['09', '10']","['安德斯·丹尼尔森·李', '乔纳斯·斯特兰德·格利', '乔恩·奥伊登', '玛丽亚·波克', '托尔比约恩·哈尔', '乌里克·汉森·多维根', '托恩·丹尼尔森', '安尼克·冯·德·利佩', '拉尔斯·阿兰兹-汉森', '爱因德·伊恩沃德']",['挪威7·22爆炸枪击案 22 July'],"['剧情', '历史', '犯罪']",['7.5'],['6825'],[' 英语']
[' 巴拉圭 / 德国 / 乌拉圭 / 巴西 / 挪威 / 法国'],['马塞洛·马蒂内斯'],['98'],"['02', '04']","['安娜·布伦', '玛加丽塔·伊伦', '安娜·伊万娜娃', '尼尔达·冈萨雷斯', '玛丽亚·马丁斯', '阿丽西亚·格拉', '海吉娜·杜阿尔奇']",['女继承者 Las herederas'],"['剧情', '同性']",['7.2'],['1799'],[' 西班牙语 / 瓜拉尼语']
[' 挪威'],['埃里克·普派'],['90'],"['02', '03']","['安德烈·伯恩森', '亚历山德·霍尔门', '布瑞德·福里斯达', '艾丽·瑞亚侬·穆勒·奥斯本', '苏陆士·萨达特', '马格努斯·莫恩', '张特兰']",['于特岛7月22日 Utøya 22. juli'],"['剧情', '惊悚']",['6.0'],['1097'],[' 挪威语']
[' 肯尼亚 / 南非 / 德国 / 荷兰 / 法国 / 挪威 / 黎巴嫩'],['Wanuri Kahiu'],['83'],"['05', '09']","['Samantha Mugatsia', 'Sheila Munyiva', 'Jimmy Gathu', 'Nini Wacera', 'Dennis Musyoka', 'Patricia Amira', 'Neville Misati', 'Muthoni Gathecha', 'Nice Githinji', 'Charlie Karumi', 'Patricia Kihoro']",['肯尼亚式友谊 Rafiki'],"['剧情', '爱情', '同性']",['5.8'],['138'],[' 英语 / 斯瓦希里语']
[' 挪威'],['亨里克·马丁·道斯贝肯'],['92'],['10'],"['安德莉亚·巴伦·郝威格', '塔利亚·桑德维克·莫尔', '安尼克·冯·德·利佩', '卡斯腾·拜卓隆', '阿格尼丝·基特尔森', '英洁德·埃格伯格']",['外遇 En affære'],"['剧情', '惊悚']",['5.6'],['1070'],[' 挪威语 / 丹麦语']
[' 挪威'],['约翰·安德烈亚斯·安德森'],['106'],['08'],"['克里斯托弗·约纳尔', '安妮·达尔·托普', '乔纳斯·霍夫·奥夫特布洛', '伊迪丝·哈根鲁德-桑德', '蒂娜·谢伊', '张特兰']",['大地震 Skjelvet'],"['剧情', '灾难']",['5.4'],['1117'],[' 挪威语']
[' 挪威 / 瑞典 / 丹麦 / 荷兰'],['Katarina Launing'],['95'],['09'],"['Lisa Teige', 'Vebjørn Enger', 'Karen-Lise Mynster', 'Stig R. Amdam', 'Sigyn Åsa Sætereng', 'Charlott Utzig']",['热舞飞扬 Battle'],['剧情'],['5.3'],['112'],[' 挪威语 / 英语']
[' 挪威'],['Martin Sofiedal'],[],[],"['Trond Fausa', 'Caroline Glomnes', 'Cecilie Svendsen', 'Fredrik Skogsrud', 'Henrik Plau']",['Benjamin Falck and the Ghost Dagger'],['冒险'],[''],[],[' 挪威语 / 英语 / 西班牙语']
[' 挪威'],['Caroline Toledo'],[],[],[],['Hyttegalskap'],['恐怖'],[''],[],[' 挪威语']
[' 挪威'],['Arild Fröhlich'],[],['02'],"['Ine F. Jansen', 'Atle Antonsen', 'Anders Baasmo Christiansen']",['Norske byggeklosser'],['喜剧'],[''],[],[' 挪威语']
[' 挪威'],"['Arne Lindtner Næss', 'Aurora Gossé']",[],[],"['Janne Formoe', 'Markus Tønseth', 'Anna Celine Bredal', 'Hilde Lyrån', 'Oliver Dahl', 'Sigrun Enge']",['Karsten og Petra på skattejakt'],['家庭'],[''],[],[' 挪威语']
[' 挪威'],[],[],[],"['斯蒂格·弗洛德·亨里克森', 'Kim Sønderholm', 'Pellek', '英加·海尔格·吉姆勒', '吉特·尤斯兰德', 'Lisa-Marie Flowers Larsen', 'Oddrun Valestrand', 'Ane Viola Semb', 'Christel Jørgensen', 'Taryn Walker']",['Infisert'],"['动作', '惊悚', '恐怖']",[''],[],[' 挪威语']
[' 挪威'],['Kingsley Emmanuel'],['122'],[],['Tiff Rauf'],['The department of applied chemistry'],['犯罪'],[''],[],[' 英语']
[' 挪威'],['Freddy Vith'],['5'],['06'],[],['Stallo Awakens'],"['喜剧', '恐怖']",[''],[],[' 挪威']
[' 挪威'],['Magnus Meyer Arnesen'],['97'],['09'],"['Alexandra Gjerpen', 'Marius Aandal Pedersen', 'Preben Hodneland']",['Når jeg faller'],['剧情'],[''],[],[' 挪威语']
[' 挪威 / 英国'],['Tor Gudmestad'],[],['10'],"['Ewa Dina', 'Lawrence Cole', 'Anastasia Benham', 'Matt Wakeford', 'James Mcdowall', 'Aron Dochard']",['Detective Dover'],"['喜剧', '犯罪']",[''],[],[' 英语']
[' 挪威'],['Camilla Strøm-Henriksen'],[],['10'],"['Sverrir Gudnason', 'Maria Bonnevie', 'Renate Reinsve', 'Nick Brimble', 'Peter Sjöquist', 'Nils Vogt', 'Ylva Bjørkaas Thedin']",['凤凰 Føniks'],['剧情'],[''],[],[' 挪威语']
[' 挪威 / 西班牙 / 美国'],"['Gudmund Sand', 'Haakon Sand']",['50'],[],[],['My Guernica'],"['剧情', '历史', '战争']",[''],[],[' 挪威语']
[' 挪威'],['Marius Holst'],[],['10'],"['阿卡塞尔·亨涅', '托拜厄斯·桑特尔曼']",['刚果杀戮事件 Mordene i Kongo'],['剧情'],[''],[],[' 英语']
[' 挪威'],['Morten K. Vebjørnsen'],['150'],['10'],"['Steinar A. Wedvik', 'Morten K. Vebjørnsen']",['Wraith of the Umbra and Eidolon'],"['科幻', '奇幻', '冒险']",[''],[],[' 挪威语']
[' 瑞典 / 丹麦 / 挪威 / 德国 / 英国'],['Mårten Klingberg'],['90'],['01'],"['Peter Haber', 'Kristofer Hivju', 'Ingvar Hirdwall', 'Rebecka Hemse', 'Måns Nathanaelson']",['Beck Ditt eget blod'],"['悬疑', '惊悚', '犯罪']",[''],[],[' 瑞典语 / 挪威语 / 波斯语 / 英语']
[' 挪威 / 瑞典'],['Christian Lo'],['94'],['02'],"['Vera Vitali', 'Ine F. Jansen', 'Stig Henrik Hoff', 'Nils Ole Oftebro', 'Frank Kjosås', 'Ingar Helge Gimle']",['挪威乐队 Los Bando'],['喜剧'],[''],[],[' 挪威语']
[' 斯洛文尼亚 / 克罗地亚 / 意大利 / 挪威'],['Sonja Prosenc'],['105'],[],"['Doroteja Nadrah', 'Kristoffer Joner', 'Zita Fusco', 'Zoja Florjanc Lukan', 'Matija Vastl']",['爱的历史 Zgodovina ljubezni'],['剧情'],[''],[],[' 斯洛文尼亚语']
[' 挪威'],['Arild Østin Ommundsen'],['125'],['03'],"['Ole Christoffer Ertvåg', '克里斯托弗·约纳尔', '维加·霍尔', '皮娅·吉尔塔', 'Nils Jørgen Kaalstad']",['黑暗时刻 Now It&#39;s Dark'],['剧情'],[''],[],[' 挪威语']
[' 挪威'],['Alan Holm'],[],['10'],['Alex June'],['Happiness Invitation'],['剧情'],[''],[],[' 英语']
[' 挪威'],['Sondre Fristad'],[],['11'],"['Sondre Fristad', 'Pernille Fristad', 'Anniken Aalbu', 'Jannie Gefle', 'Nathalie Fristad', 'Benedicte Haugaard']",['The Writer'],"['剧情', '喜剧']",[''],[],[' 挪威语']
[' 挪威'],['Marius Pinnås Sørvik'],['95'],['12'],['Camilla Olsen'],['Untitled Marius Pinnås Thriller Project'],"['剧情', '惊悚']",[''],[],[' 挪威语 / 英语']
[' 冰岛 / 挪威 / 爱沙尼亚'],['Ari Alexander Ergis Magnússon'],[],[],"['Tómas Lemarquis', 'Atli Rafn Sigurðsson', 'Pääru Oja', 'Kaspar Velberg', 'Greete-Elena Priisalu']",['米克尔 Mihkel'],"['剧情', '传记', '犯罪']",[''],[],[' 英语 / 爱沙尼亚语 / 俄语 / 冰岛语']
[' 挪威'],['Anders Emblem'],['68'],[],"['Amalie Ibsen Jensen', 'David Jakobsen', 'Lars Halvor Andreassen']",['Skynd Deg Sakte'],['剧情'],[''],[],[' 挪威语']
[' 挪威'],['Katarina Lundquist'],[],[],[],['勿忘我 ForgetMeNot'],[],[''],[],[]
[' 挪威'],['Eirik Svensson'],[],['11'],"['Ines Høysæter Asserson', 'Sajid Malik', 'Nicolai Cleve Broch', 'Ingrid Olava', 'André Sørum', 'Kjærsti Odden Skjeldal']",['挪威原宿少女 Harajuku'],['剧情'],[''],[],[' 挪威语']
[' 法国 / 瑞典 / 挪威'],['Mats Grorud'],['74'],['11'],[],['白塔 The Tower'],['动画'],[''],[],[' 阿拉伯语 / 英语 / 法语']
[' 挪威'],['图娃·诺沃妮'],['98'],['08'],"['安德斯·巴斯莫·克里斯蒂安森', '皮娅·吉尔塔', 'Oddgeir Thune', 'Per Frisch', 'Carl Munck', 'Nora Mathea Øien', 'Marianne Krogh', 'Ellen Heyerdahl', 'Hilde Linseth Stømer', 'Teodor Barsnes-Simonsen']",['盲点 Blindsone'],['剧情'],[''],[],[' 挪威语']
[' 哈萨克斯坦 / 挪威 / 法国'],['埃米尔·拜加津'],['113'],['09'],[],['兄弟之河 Өзен'],['剧情'],[''],[],[' 哈萨克语']
[' 挪威'],['亨里克·马丁·道斯贝肯'],[],['01'],"['本杰明·海尔斯德', '英加·海尔格·吉姆勒', 'Inga Ibsdotter Lilleaas']",['向西去 Ona fyr'],"['剧情', '喜剧']",[''],[],[' 挪威语']
[' 挪威'],['拉斯姆斯·A·西韦特森'],['82'],['09'],"['卡莉·安·佩妮谢', 'Trond Høvik', 'Per Skjølsvik']",['路易斯和卢卡-登月行动 Månelyst i Flåklypa'],"['喜剧', '动画', '儿童']",[''],[],[' 挪威语']
[' 挪威'],['Anne Sewitsky'],['114'],['12'],"['Eldar Skar', 'Ine Marie Wilmann', '瓦伦·凯恩', '安德斯·莫达尔', '安尼克·冯·德·利佩', '艾丹·麦克阿德尔', '马尔科姆·亚当斯', '帕尔·斯维尔·哈根']",['花滑女王 Sonja'],['剧情'],[''],[],[' 挪威语 / 英语']
[' 挪威'],['Gunnbjörg Gunnarsdóttir'],[],[],"['Maria Mørkrid', 'Mia Hjelte', 'Ola Wallinder']",['For Evig og Aldri'],"['剧情', '喜剧', '家庭']",[''],[],[' 挪威语 / 瑞典语 / 英语']
