地区,导演,时长,月份,演员,电影名,类型,评分,评论数,语言
[' 摩洛哥 / 法国'],['Famor Botero'],[],['11'],"['宝拉·雷', 'Andrés Bejar', 'Freddy Beltrán', 'Famor Botero', 'Christian Carabias Jr.', 'Beatriz Gallo', 'Natalia Gonzalez', 'Felipe Lerma', 'Daniela Meza', 'Katherine Rios']",['索菲亚 Sofía'],['剧情'],[''],[],[' 西班牙语']
[' 摩洛哥'],['希沙姆·拉赛瑞'],['94'],"['02', '03']","['Moulay Hassan Alaoui', 'Salma Eddlimi', 'Hassan Ben Badida', 'Moustapha Haouari', 'Rami Fijjaj']",['Jahilya'],['剧情'],[''],[],[' 阿拉伯语']
[' 法国 / 摩洛哥'],['Jean-Philippe Gaud'],['95'],['11'],"['奥利维耶·西特吕克', 'Mahdi Belemlih', 'Ouidad Elma', 'Abbes Zahmani', 'Adama Diop', 'Khadija Bouzekri', 'Zaid Panzi', 'Abdallah Ifer', 'Djéné Touré', 'Elouafi Elghoulami']",['厨师梦 Tazzeka'],['喜剧'],[''],[],[' 法语']
[' 摩洛哥'],['Yassine Marco Marroccu'],['98'],[],"['Mohamed Zouaoui', 'Aziz Dadas']",['Catharsys or The Afina Tales of the Lost World'],['剧情'],[''],[],[' 阿拉伯语']
[' 瑞士 / 摩洛哥'],['莫西恩·贝塞里'],['85'],[],"['Rachid Mustapha', 'Fatima Zahra Benacer', 'Youssef Alaoui']",['急诊 Urgent'],['剧情'],[''],[],[]
[' 摩洛哥'],['Alaoui Lamharzi Azlarabe'],[],[],[],['KILIKIS DOUAR LBOUM'],[],[''],[],[]
[' 摩洛哥'],['Narjiss Nejjar'],['114'],['02'],"['Ghalia Benzaouia', 'Avishay Benazra', 'Aziz El Fadili']",['Apatride'],['剧情'],[''],[],[' 法语']
