地区,导演,时长,月份,演员,电影名,类型,评分,评论数,语言
[' 捷克 / 斯洛文尼亚 / 波兰 / 斯洛伐克 / 法国'],['奥尔默·欧默祖'],['85'],['09'],"['Tomás Mrvík', 'Jan Frantisek Uher', 'Eliska Krenková']",['逝去的冬天 Všechno bude'],"['剧情', '喜剧']",['7.7'],['76'],[' 捷克语']
[' 马其顿 / 塞尔维亚 / 斯洛文尼亚 / 科索沃'],['弗拉基米尔·布拉热夫斯基'],['112'],['04'],"['Igor Angelov', 'Bereda Reshit', 'Marija Kohn', 'Faik Mefailoski', 'Elena Trajkovska', 'Peter Elliot', 'Çun Lajçi', 'Refet Abazi', 'Tanja Kocovska', 'Aleksandar Kamnaroski', 'Mitko Apostolovski', 'Grigor Jovanovski', 'Kiril Gravcev', 'Ratka Radmanovic', 'Blagoj Veselinov']",['笼子 Година на мајмунот'],"['喜剧', '奇幻']",[''],[],[' 马其顿语 / 阿尔巴尼亚语 / 塞尔维亚克罗地亚语 / 保加利亚语 / 英语']
[' 斯洛文尼亚 / 克罗地亚 / 塞尔维亚'],"['Miha Mazzini', '杜安·约西莫维奇']",['85'],[],"['Judita Frankovic', '塞巴斯蒂安·卡瓦扎', '伊兹丁·巴乔维奇', 'Doroteja Nadrah', 'Silva Cusin', 'Jernej Kogovsek', '马可·曼迪奇', 'Gregor Zorc', 'Jernej Sugman', 'Branko Zavrsan', 'Neda Bric', '芭芭拉 塞拉', 'Pia Zemljic']",['清除 Izbrisana'],['剧情'],[''],[],[' 斯洛文尼亚语']
[' 波斯尼亚和黑塞哥维那 / 土耳其 / 斯洛文尼亚'],['马丁·特克'],['76'],[],"['Aleksandar Seksan', 'Maja Zećo', 'Senad Alihodzic']",['好日子好工作 Dobar dan za posao'],['剧情'],[''],[],[]
[' 斯洛文尼亚 / 克罗地亚 / 意大利 / 挪威'],['Sonja Prosenc'],['105'],[],"['Doroteja Nadrah', 'Kristoffer Joner', 'Zita Fusco', 'Zoja Florjanc Lukan', 'Matija Vastl']",['爱的历史 Zgodovina ljubezni'],['剧情'],[''],[],[' 斯洛文尼亚语']
[' 斯洛文尼亚 / 克罗地亚 / 塞尔维亚'],"['Miha Mazzini', '杜安·约西莫维奇']",['85'],[],"['Judita Frankovic', '塞巴斯蒂安·卡瓦扎', '伊兹丁·巴乔维奇', 'Doroteja Nadrah', 'Silva Cusin', 'Jernej Kogovsek', '马可·曼迪奇', 'Gregor Zorc', 'Jernej Sugman', 'Branko Zavrsan', 'Neda Bric', '芭芭拉 塞拉', 'Pia Zemljic']",['清除 Izbrisana'],['剧情'],[''],[],[' 斯洛文尼亚语']
