地区,导演,时长,月份,演员,电影名,类型,评分,评论数,语言
[' 新加坡 Singapore / 日本'],"['Jason Keng-Kwin Chan', 'Cole Christian Lee']",['121'],['03'],"['玛丽·亚马莫托', 'Jason Keng-Kwin Chan', '津嘉山正种']",['冲绳豆腐之恋 Jimami Tofu'],"['剧情', '爱情']",['6.7'],['275'],[' 英语 / 日语']
[' 新加坡 Singapore'],['Gilbert Chan'],['89'],['08'],"['Richie Koh', '李国煌', 'Wang Lei', 'Melody Low', 'Natalia Ng', 'Yin Yin Tay', 'Noah Yap']",['猛男军中鬼故事2 23:59: The Haunting Hour'],['恐怖'],[''],[],[' 汉语普通话']
[' 新加坡 Singapore'],['梁智强'],['131'],['02'],"['梁智强', '程旭辉', '李国煌']",['旺德福！梁细妹 Wonderful! Liang Xi Mei the Movie'],['喜剧'],[''],[],[' 汉语普通话']
[' 新加坡 Singapore'],[],['49'],['09'],['Janil Puthucheary'],['无论阶层如何 Regardless of Class'],[],[''],[],[' 英语']
[' 新加坡 Singapore'],['Jacen Tan'],[],['10'],"['Benjamin Heng', 'Alaric']",['僵尸 Zombiepura'],"['喜剧', '恐怖']",[''],[],[' 汉语普通话']
[' 新加坡 Singapore / 美国 / 台湾'],['John Clang'],['101'],['01'],"['Doreen Toh', 'Joavien Ng', 'Beon Kan']",['灰彩虹'],['剧情'],[''],[],[' 汉语普通话 / 闽南语 Hokkien / 粤语 / 英语']
[' 新加坡 Singapore'],['Nicole Midori Woodford'],['20'],[],['杨雁雁'],['永久居民 Permanent Resident'],[],[''],[],[' 汉语普通话']
