地区,导演,时长,月份,演员,电影名,类型,评分,评论数,语言
[' 波兰 / 西班牙 / 德国 / 比利时 / 匈牙利'],"['Raúl de la Fuente', '达米安·纽诺']",['80'],"['05', '11']","['小田部阿基', 'Wilson Benedito', 'Ryszard Kapuscinski']",['人生的另一天 Un día más con vida'],"['动画', '传记']",['7.9'],['195'],[' 英语 / 葡萄牙语 / 波兰语 / 西班牙语']
[' 波兰 / 法国 / 英国'],['帕维乌·帕夫利科夫斯基'],['88'],"['05', '06']","['尤安娜·库里克', '托马斯·科特', '波利斯·席克', '阿伽塔·库莱沙', '塞德里克·康', '让娜·巴利巴尔', '亚当·费仁希', '亚当·沃诺维茨', '亚当·斯齐斯科斯基']",['冷战 Zimna wojna'],"['剧情', '爱情', '音乐']",['7.8'],['19647'],[' 波兰语 / 法语 / 德语 / 克罗地亚语 / 意大利语 / 俄语']
[' 捷克 / 斯洛文尼亚 / 波兰 / 斯洛伐克 / 法国'],['奥尔默·欧默祖'],['85'],['09'],"['Tomás Mrvík', 'Jan Frantisek Uher', 'Eliska Krenková']",['逝去的冬天 Všechno bude'],"['剧情', '喜剧']",['7.7'],['76'],[' 捷克语']
[' 俄罗斯 / 德国 / 波兰 / 哈萨克斯坦 / 中国大陆 / 法国'],['谢尔盖·德瓦茨沃伊'],['100'],['05'],"['萨梅尔·叶斯利亚莫娃', 'Zhipargul Abdilaeva', 'David Alaverdyan', 'Sergey Mazur', 'Slava Agashkin', 'Ashkat Kuchinchirekov']",['小家伙 Айка'],['剧情'],['7.6'],['1196'],[' 俄语 / 吉尔吉斯语']
[' 俄罗斯 / 波兰 / 塞尔维亚'],['小阿列克谢·日耳曼'],['126'],['02'],"['米兰·马里奇', '丹尼拉·科兹洛夫斯基', '海伦娜·苏耶茨卡', '阿尔图尔·别夏斯特内', '叶莲娜·利亚多娃', '安东·沙金', '斯维特拉纳·库德钦科娃', '彼得·戈萨沃斯基', '伊娃·格尔', '汉娜·斯莱辛斯卡']",['多甫拉托夫 Довлатов'],"['剧情', '传记']",['7.2'],['872'],[' 俄语 / 西班牙语 / 芬兰语']
[' 波兰'],['欧嘉·查达斯'],['130'],['01'],"['朱莉娅·基乔斯卡', '伊莱扎·莱辛姆波', '安德烈·卡诺普卡', '卡塔兹娜·格尼夫克斯加', '玛丽亚·佩斯泽克', '塔蒂阿娜·保霍福娃']",['妮娜 Nina'],"['剧情', '爱情', '同性']",['7.1'],['2342'],[' 波兰语 / 法语']
[' 希腊 / 波兰'],['巴比斯·马克里迪斯 Babis Makridis'],['97'],['01'],"['Evdoxia Androulidaki', '马基斯·帕帕季米特里乌 Makis Papadimitriou', 'Yannis Drakopoulos', 'Georgina Chryskioti', 'Evi Saoulidou']",['怜悯 Oίκτος'],['剧情'],['7.0'],['185'],[' 希腊语']
[' 南非 / 法国 / 希腊 / 波兰'],['艾蒂安·卡洛斯'],['106'],['05'],"['Danny Keogh', 'Benré Labuschagne', '亚历克斯·范·迪克', 'Juliana Venter', '布伦特·韦尔默朗', '莫尔纳·维瑟', '埃里卡·韦塞尔斯']",['收割者 Die Stropers'],"['剧情', '同性']",['7.0'],['63'],[' 南非语 / 英语']
[' 波兰'],['巴特洛米伊·纳丘克'],['101'],['01'],"['Przemyslaw Bogdanowicz', 'Sylwia Borowska', 'Marta Bryla', 'Michal Czernecki', 'Grzegorz Damiecki']",['爱情税 Podatek od milosci'],"['喜剧', '爱情']",['6.4'],['234'],[' 波兰语']
[' 波兰'],['玛高扎塔·施莫夫兹卡'],['91'],"['02', '04']","['阿格涅什卡·波德夏德利克', '马太乌兹·科西基维奇', 'Małgorzata Gorol', '罗曼·甘卡奇克']",['面目 Twarz'],"['剧情', '喜剧']",['6.3'],['226'],[' 波兰语']
[' 德国 / 法国 / 英国 / 波兰 / 美国'],['克莱尔·德尼'],['113'],['09'],"['罗伯特·帕丁森', '朱丽叶·比诺什', '安德雷·本杰明', '米娅·高斯', '阿加塔·布泽克', '拉斯·艾丁格', '克莱尔·陈', '伊万·米切尔', '格洛里亚·奥比安约', '杰西·罗斯', '维克多·班纳杰']",['太空生活 High Life'],"['剧情', '科幻']",['6.2'],['2318'],[' 英语']
[' 英国 / 波兰'],['戴维·布莱尔'],['107'],['09'],"['伊万·瑞恩', '米洛·吉布森', '斯蒂芬妮·马蒂尼', '马辛·多洛辛斯基', '克里斯托弗·哈德克', '丹·柏曼', '拉裴尔·德普雷', 'Michel Diercks', '尼古拉斯·法瑞尔', '萨姆·霍尔', '拉多斯劳·凯姆', '迈尔斯·基奥治', '斯图尔特·帕克', '罗伯特·波特尔', '阿德里安·扎仁巴']",['飓风行动 Hurricane'],"['剧情', '战争']",['6.1'],['1251'],[' 英语 / 波兰语 / 德语']
[' 波兰'],['帕特奇·维加'],['138'],['02'],"['欧嘉·博拉茨', '阿格涅斯卡·戴甘特', '亚历山德拉·波夫斯卡', '凯莎·沃恩克', '茱莉亚·维尼瓦-纳基维奇', '杰尼斯·查比尔', '赛巴斯汀·法比杰斯基', '勃库斯洛·林达', '奥拉夫·卢巴申科']",['女黑手党 Kobiety Mafii'],"['剧情', '动作', '犯罪']",['6.1'],['484'],[' 波兰语 / 英语']
[' 英国 / 波兰'],['皮奥特·斯科皮亚克'],['97'],['05'],"['亚历克斯·帕蒂弗', '罗伯特·温茨凯维奇', '妲露拉·莱莉', '迈克尔·刚本', '查尔斯·德特', '霍莉·阿斯顿', '安妮塔·凯里', '皮奥塔·斯特拉莫夫斯基', '威尔·索普']",['最后证人 The Last Witness'],"['惊悚', '历史']",['6.0'],['320'],[' 英语']
[' 波兰 / 荷兰'],['Pawel Borowski'],[],[],"['玛雅·奥丝塔泽斯卡', '尤安娜·库里克', 'Rafal Mackowiak']",['Ja teraz klamie'],['惊悚'],[''],[],[' 波兰语']
[' 拉脱维亚 / 波兰'],['Edmunds Jansons'],['70'],['10'],"['Līga Gaisa', 'Luīze Pastore']","['雅各布，米米和会说话的狗 Jēkabs, Mimmi un runājošie suņi']","['动画', '家庭', '冒险']",[''],[],[' 拉脱维亚语']
[' 波兰'],[],[],['10'],"['Noemi Lakatosz', 'Maia Nappee']",['The Living Dead 3D'],"['动作', '科幻', '恐怖']",[''],[],[' 波兰语 / 英语']
[' 波兰'],['菲利普·巴勇'],[],[],[],['Kamerdyner'],[],[''],[],[]
[' 波兰 / 捷克 / 斯洛伐克'],['扬·雅库布·科尔斯基'],['100'],[],"['Grazyna Blecka-Kolska', '扬·扬科夫斯基', 'Michal Kaleta']",['赦免 Ulaskawienie'],['剧情'],[''],[],[' 波兰语']
[' 波兰'],['Filip Zylber'],['89'],['10'],"['Roma Gasiorowska', 'Pawel Domagala', 'Tola Bialek', 'Klaudia Halejcio', '保利娜·加拉萨卡', 'Ewa Chodakowska', '波利斯·席克']",['心不是仆人 Serce nie sluga'],"['喜剧', '爱情', '家庭']",[''],[],[' 波兰语']
[' 波兰'],['Patryk Vega'],['105'],"['11', '12']",['Karol Bedorf'],['普拉吉布雷劳 Plagi Breslau'],"['动作', '惊悚', '犯罪']",[''],[],[' 波兰语']
[' 波兰'],['Sam Akina'],[],['11'],"['伊莎贝拉·米珂', '马赛杰·斯图尔', 'Weronika Ksiazkiewicz']",['单身星球2 Planeta singli 2'],"['喜剧', '爱情']",[''],[],[' 波兰语']
[' 波兰'],['Bartosz Konopka'],['100'],['09'],"['克齐斯茨托夫·皮克齐因斯基', 'Karol Bernacki', 'Wiktoria Gorodeckaja']",['Krew Boga'],[],[''],[],[' 波兰']
[' 波兰'],[],[],[],['Aleksandra Szwed'],['Mister Supranational 2018'],['真人秀'],[''],[],[' 英语']
[' 波兰'],['迈克·文辛斯基'],[],[],"['奥拉夫·卢巴申科', '阿格涅兹卡·格罗乔斯卡', '马特兹·达米克基']",['Milosc jest wszystkim'],"['喜剧', '爱情']",[''],[],[' 波兰语']
[' 波兰'],['Jagoda Szelc'],[],['08'],[],['纪念碑 Monument'],['剧情'],[''],[],[' 波兰语']
[' 波兰'],['Jagoda Szelc'],[],['03'],"['Anna Krotoska', 'Malgorzata Szczerbowska', 'Anna Zubrzycki']",['异常明亮的一天 Wieża. Jasny dzień'],['剧情'],[''],[],[]
[' 波兰'],['Marek Koterski'],['118'],['10'],"['Michal Koterski', 'Marcin Dorocinski', 'Katarzyna Figura \tKatarzyna Figura']",['七情 7 Uczuc'],"['剧情', '喜剧']",[''],[],[' 波兰语']
[' 波兰'],['Ewa Bukowska'],['82'],['10'],"['马格达莱纳·珀拉斯佳', '迈克尔·茹拉夫斯基', '金嘉·普雷斯', 'Krzysztof Stroinski', '多萝塔·科拉克', 'Oleg Bakhrutdinov', 'Jacek Beler', 'Krzysztof Bienkowski', 'Joanna Borer', 'Adam Cudny', 'Michal Czernecki', 'Slawomir Federowicz', '米洛斯拉夫·哈尼斯泽斯基', 'Slawomir Holland', '阿尔图尔·贾努西亚克', 'Robert Jarocinski', 'Jakub Kamienski', 'Miroslaw Kropielnicki', 'Wiktor Loga-Skarczewski', '西泽瑞·鲁卡斯瑟维克茨', 'Beata Schimscheiner', 'Tomasz Schimscheiner', '亚当·斯齐斯科斯基', '托马斯·洛索', 'Mariusz Zaniewski']",['53 Wojny'],['剧情'],[''],[],[' 波兰语']
[' 波兰'],['Bartosz Prokopowicz'],['112'],[],"['茱莉亚·卡米斯卡', '皮奥塔·斯特拉莫夫斯基', '索尼娅·博霍谢维奇', '彼得·亚当奇克', 'Tomasz Karolak', 'Mikolaj Roznerski', 'Barbara Kurdej-Szatan']",['假扮未婚夫 Narzeczony na niby'],"['喜剧', '爱情']",[''],[],[' 波兰语']
[' 乌克兰 / 波兰 / 马其顿'],['Marysia Nikitiuk'],[],['02'],"['Alla Samoilenko', 'Maksym Samchik', 'Anastasiia Pustovit']",['当树倒下 Koly padayut dereva'],[],[''],[],[]
[' 波兰'],['金嘉·得布斯卡'],['85'],['02'],"['金嘉·普雷斯', '马辛·多洛辛斯基', '伊黛塔·奥丝佐卡', '克兹拖·斯特马斯克']",['B计划 Plan B'],"['剧情', '喜剧', '爱情']",[''],[],[' 波兰语']
[' 波兰'],['瓦迪斯瓦夫·帕西科夫斯基'],['124'],['03'],"['马辛·多洛辛斯基', 'Krzysztof Stroinski', 'Dorota Rabczewska', 'Rafal Mohr', '采扎里·帕祖拉', '亚当·沃诺维茨', '马里安·杰奇茨', 'Agnieszka Kawiorska']",['明星迟暮 Pitbull: Last Dog'],"['剧情', '动作', '犯罪']",[''],[],[' 波兰语']
[' 波兰'],['Damian Kocur'],['25'],['10'],"['Michał Romanowicz', 'Karolina Kalemba']",['太阳底下无新事 Nic nowego pod słońcem'],['剧情'],[''],[],[' 波兰语']
[' 荷兰 / 波兰 / 法国'],['乌祖拉·安东尼娅克'],['85'],['01'],"['雅酷朴·盖尔秀', '安杰列·查拉', 'Justyna Wasilewska', 'Philip Wilhelmi', 'Christian Löber']",['无语之言 Pomiędzy słowami'],['剧情'],[''],[],[' 波兰语 / 德语']
[' 波兰'],['菲利普·巴勇'],[],[],[],['Kamerdyner'],[],[''],[],[]
[' 波兰'],['沃伊切赫·斯玛若夫斯基'],['133'],['09'],"['阿尔卡迪乌什·雅库比克', '雅采克·布拉茨亚克', '罗伯特·温茨凯维奇']",['神父们 Kler'],"['剧情', '喜剧']",[''],[],[' 波兰语 Polish']
[' 波兰'],['阿格涅什卡·斯莫琴斯卡'],['102'],"['05', '10']","['加布里埃拉·穆斯卡拉', '马乌戈热塔·布奇科夫斯卡', '多萝塔·科拉克', '卢卡斯·辛拉特', 'Dariusz Chojnacki', '比涅尔·瓦勒斯', 'Piotr Skiba']",['神游症 Fuga'],['剧情'],[''],[],[' 波兰语']
[' 捷克 / 波兰 / 伊朗'],['Kaveh Daneshmand'],[],[],[],['The One of the Whale'],['剧情'],[''],[],[' 捷克语 / 波兰语']
