地区,导演,时长,月份,演员,电影名,类型,评分,评论数,语言
[' 土耳其 / 马其顿 / 法国 / 德国 / 波黑 / 保加利亚 / 瑞典'],['努里·比格·锡兰'],['188'],"['05', '06']","['岛吾·德米尔考', '穆拉特·杰姆吉尔', '本努·耶勒德热姆拉尔', '哈扎尔·埃尔居奇卢', '塞尔坎·凯斯金', '塔梅尔·莱文特', '厄内尔·埃尔坎', '里法特·桑贾尔', '阿克·阿克苏', '卡迪尔·瑟米克', '欧扎·费什特']",['野梨树 Ahlat Ağacı'],['剧情'],['8.1'],['8484'],[' 土耳其语']
[' 波黑 / 土耳其'],['阿伊达·贝吉奇'],['120'],['09'],"['Ismail Hakki', 'Carol Abboud', 'Motaz Faez Basha', 'Isa Demlakhi', 'Feyyaz Duman', 'Nisreen Faour', 'Ossama Mahmud Himeli', 'Ahmad Husrom', ""Tuka Na'al"", 'Firas Taybeh']",['不要离开我 Ne ostavljaj me'],['剧情'],[''],[],[' 阿拉伯 / 土耳其']
[' 葡萄牙 / 波黑'],['André Gil Mata'],[],['02'],"['Petar Fradelić', 'Filip Živanović']",['树 Drvo'],['剧情'],[''],[],[' 波斯尼亚语']
[' 克罗地亚 / 波黑 / 塞尔维亚 / 荷兰'],['Bobo Jelčić'],[],[],"['Rakan Rushaidat', 'Miki Manojlović', 'Snježana Sinovčić Šiškov']",['独自一人 Sam samcat'],['剧情'],[''],[],[' 克罗地亚语']
[' 波黑 / 塞尔维亚'],['Sasa Hajdukovic'],['120'],[],"['Igor Đorđević', 'Nikola Pejakovic', 'Marija Pikic', 'Branko Jankovic', '乌克·科斯蒂奇', 'Ljubisa Savanovic', '法克特·萨利赫贝戈维奇', '诺瓦克·比尔比亚', 'Zeljko Stjepanovic', 'Slobodan Perisic', 'Boris Savija', 'Stojan Matavulj', 'Nikolina Jelisavac', 'Aleksandar Stojkovic', 'Zlatan Vidovic', 'Petar Bozovic', 'Tomislav Trifunovic', 'Goran Jokic', 'Danilo Poprzen', 'Vladimir Djordjevic', 'Anja Stanic', 'Miljka Brdjanin-Bajic', 'Zeljko Erkic', 'Ana Mazalica', 'Dragoslav Medojevic', 'Drasko Vidovic', 'Dean Batoz']",['Meso'],"['剧情', '惊悚', '犯罪']",[''],[],[' 塞尔维亚语']
