地区,导演,时长,月份,演员,电影名,类型,评分,评论数,语言
[' 澳大利亚'],"['乔恩·欧布', '玛德琳·帕里']",['69'],['06'],['汉纳·盖茨比'],['汉纳·盖茨比告别秀：娜娜 Hannah Gadsby: Nanette'],"['喜剧', '脱口秀']",['9.3'],['2217'],[' 英语']
[' 澳大利亚 / 美国 / 印度'],['安东尼·马拉斯'],['123'],"['09', '10']","['艾米·汉莫', '纳赞宁·波妮阿蒂', '戴夫·帕特尔', '詹森·艾萨克', '阿努潘·凯尔', '刘承羽', '安格斯·麦克拉伦', '萨钦·乔伯', '蒂尔达·格哈姆-哈维', '维品·沙尔马', '阿布罗伊·辛格', '迪维亚·阿妮', '桑迪普·博雅卡', '齐尼亚·斯塔尔']",['孟买酒店 Hotel Mumbai'],"['剧情', '惊悚', '历史']",['8.4'],['25342'],[' 英语 / 印地语 / 旁遮普语 / 希腊语 / 俄语 / 阿拉伯语 / 乌尔都语 / 波斯语']
[' 澳大利亚'],['雷·沃纳尔'],['100'],"['03', '06']","['罗根·马歇尔-格林', '梅拉里·沃列何', '哈里森·吉尔伯特森', '本尼迪克·哈迪', '克里斯托弗·卡比', '理查德·考索恩', '琳达·克罗珀', '贝蒂·加布里埃尔', '罗斯科·坎贝尔', '理查德·阿纳斯塔西奥斯', '史蒂夫·丹尼尔森', '迈克尔·M·福斯特', '雷纳·加拉赫', '克莱顿·雅各布森']",['升级 Upgrade'],"['动作', '科幻', '惊悚']",['8.1'],['87299'],[' 英语']
[' 美国 / 澳大利亚'],['温子仁'],['143'],"['12', '12']","['杰森·莫玛', '艾梅柏·希尔德', '威廉·达福', '帕特里克·威尔森', '妮可·基德曼', '杜夫·龙格尔', '叶海亚·阿卜杜勒-迈丁', '特穆拉·莫里森', '林路迪', '迈克尔·比奇', '兰道尔·朴', '格拉汉姆·麦克泰维什', '雷·沃纳尔', '泰努伊·柯克伍德', '塔穆尔·柯克伍德', '丹泽尔·夸克', '卡恩·古尔杜尔', '奥蒂斯·丹吉', '克考亚·克库毛诺', '朱莉·安德鲁斯', '约翰·瑞斯-戴维斯', '杰曼·翰苏', '索菲亚·福雷斯特', '娜塔莉亚·姗福瑞', '杰克·安德鲁', '汉克·阿莫斯', '帕特里克·考克斯', '罗伯特·朗斯特里特', '德维卡·帕利赫', '梅布尔·塔莫内', '文森特·B·拉戈斯', '加布里埃拉·佩特科娃', '爱丽丝·兰斯伯里', '帕特里克·艾奇逊', '约翰·盖蒂尔', '塔丽亚·杰德·霍尔特', '罗斯·克纳汉', '布拉登·刘易斯', '萨尔瓦多·梅伦达', '山姆·莫纳汉', '温妮·穆赞贝', '凯·潘塔诺', '安娜·帕奇', '乔恩·奎斯蒂德', '迪伦·斯图默', '米奇·武尔夫']",['海王 Aquaman'],"['动作', '奇幻', '冒险']",['7.6'],['606175'],[' 英语 / 毛利语 / 意大利语 / 俄语']
[' 澳大利亚'],['杰弗里·沃克'],['105'],['02'],"['达蒙·海瑞曼', '凯特·波克斯', '泽维尔·塞缪尔', '杰西卡·德·古维', '乔什·邝·塔特', '本尼迪克·哈迪', '汉娜·曼根·劳伦斯', '肖恩·马丁代尔']",['暴动彩虹 Riot'],"['剧情', '同性']",['7.2'],['278'],[' 英语']
[' 澳大利亚'],['布鲁斯·贝尔斯福德'],['109'],['10'],"['朱莉娅·奥蒙德', '安格瑞·赖斯', '瑞切尔·泰勒', '瑞安·柯尔', '文森特·佩雷斯', '苏茜·波特', '肖恩·雅克博森', '诺妮·哈泽赫斯', '尼古拉斯·哈蒙德', '卢克·佩格勒', '吉娜维夫·莱蒙', '德博拉·肯尼迪', '杰西 ·海德', '劳拉·穆拉凯']",['黑衣女人 Ladies in Black'],"['剧情', '喜剧']",['7.2'],['1096'],[' 英语']
[' 美国 / 英国 / 澳大利亚'],['威尔·古勒'],['95'],"['03', '02']","['詹姆斯·柯登', '多姆纳尔·格里森', '萝丝·拜恩', '伊丽莎白·德比茨基', '玛格特·罗比', '黛西·雷德利', '科林·穆迪', '山姆·尼尔', '希雅', '伊文·莱斯利', '费萨尔·巴齐', '克里斯蒂安·加扎尔', '玛丽安娜·琼-巴普蒂斯特', '加雷斯·戴维斯', '山姆·哈夫特', '萨莎·霍勒', '娜塔丽·朱', '特伦尼娅·爱德华兹', '费利克斯·威廉森', '许明珠', '布莱恩·布朗', '蕾切尔·沃德', '大卫·文翰', '威尔·赖歇尔特']",['比得兔 Peter Rabbit'],"['喜剧', '动画', '冒险']",['7.1'],['68757'],[' 英语']
[' 美国 / 南非 / 韩国 / 澳大利亚'],['瑞恩·库格勒'],['134'],"['03', '02']","['查德维克·博斯曼', '露皮塔·尼永奥', '迈克尔·B·乔丹', '丹娜·奎里拉', '马丁·弗瑞曼', '丹尼尔·卡卢亚', '利蒂希娅·赖特', '温斯顿·杜克', '斯特林·K·布朗', '安吉拉·贝塞特', '福里斯特·惠特克', '安迪·瑟金斯', '弗洛伦丝·卡松巴', '约翰·卡尼', '大卫·S·李', '娜比娅·毕']",['黑豹 Black Panther'],"['动作', '科幻', '冒险']",['6.5'],['332248'],[' 斯瓦希里语 / 英语 / 科萨语 / 韩语']
[' 英国 / 美国 / 澳大利亚'],['加斯·戴维斯'],['120'],['03'],"['鲁妮·玛拉', '杰昆·菲尼克斯', '切瓦特·埃加福特', '塔哈·拉希姆', '亚里安妮·拉贝德', '德尼·梅诺谢', '卢巴纳·阿兹巴尔', '切基·卡尤', '托菲克·巴霍姆', '瑞安·柯尔', '乌瑞·加夫利尔', '希拉·哈斯', '迈克尔·穆索诺夫', '大卫·斯科菲尔德']",['抹大拉的玛丽亚 Mary Magdalene'],['剧情'],['6.0'],['723'],[' 英语']
[' 美国 / 澳大利亚'],['纳许·埃哲顿'],['111'],['03'],"['乔尔·埃哲顿', '查理兹·塞隆', '大卫·奥伊罗', '阿曼达·塞弗里德', '坦迪·牛顿', '迭戈·卡塔诺', '卡洛斯·科罗纳', '巴希尔·萨拉赫丁', '格伦·久保田', '梅罗妮·迪亚兹', '哈里·崔德威', '西奥·泰普里兹', '帕丽斯·杰克逊', '尤尔·瓦斯克斯', '埃尔南·门多萨', '赫克托·科特思法基斯', '里卡多·埃斯克拉', '阿兰·卢克', '肯尼斯·崔', '沙尔托·科普雷']",['外国佬 Gringo'],"['喜剧', '动作', '犯罪']",['5.8'],['1426'],[' 英语 / 西班牙语 / 法语']
[' 澳大利亚'],['约翰 V 索托'],['90'],"['02', '05']","['杰奎琳·麦根斯', '麦尔斯·珀拉德', '海莉·麦克尔希尼', '本·莫特利', '香农·贝里', '特洛伊·考沃德', '亚当·T·帕金斯', '瑞安·帕尼萨', '约翰·麦克菲尔森', '贾格·潘努', '雪莉·图希', '史蒂夫·伯里奇']",['平行世界之门 The Gateway'],['科幻'],['5.6'],['1108'],[' 英语']
[' 美国 / 澳大利亚'],"['迈克尔·斯派瑞', '彼得·斯派瑞']",['99'],['02'],"['海伦·米伦', '莎拉·斯努克', '杰森·克拉克', '安格斯·桑普森', '布鲁斯·斯宾斯', '埃蒙·法伦', '劳拉·布伦特', '泰勒·科宾', '艾姆·怀斯曼', '索尔·卡尔森', '杰夫瑞·W·詹金斯', '达韦恩·乔丹', '泽维尔·勾奥尔特', '爱丽丝·查斯顿', '霍梅洛·洛佩兹', '杰夫·里帕瑞']",['温彻斯特 Winchester'],"['悬疑', '惊悚', '恐怖']",['5.3'],['2463'],[' 英语']
[' 中国大陆 / 澳大利亚'],['金波·兰道'],['90'],['01'],"['李冰冰', '凯南·鲁兹', '吴尊', '凯尔希·格兰莫', '斯黛芬·道森', '瑞恩·约翰逊', '肖恩·雅克博森', '杰森·庄', '蒂姆·德莱克斯', '克里斯汀·米洛', '克洛依·盖伊']",['谜巢'],"['动作', '冒险']",['3.5'],['18239'],[' 英语']
[' 澳大利亚'],['Luke Sparke'],['119'],['07'],"['特穆拉·莫里森', '布鲁斯·斯宾斯', '杰奎琳·麦根斯']",['占领 Occupation'],"['动作', '科幻']",['3.4'],['305'],[' 英语']
[' 澳大利亚'],['Storm Ashwood'],['100'],['07'],"['尼古拉斯·霍普', 'Megan Drury', 'Will McDonald', 'Texas Watterston', 'Jack Ruwald']",['邪恶校园 The School'],['惊悚'],['3.3'],['212'],[' 英语']
[' 澳大利亚'],['Michael Miller'],['94'],['01'],"['Jesse Richardson', 'Ellen Williams', 'Michael Thomson', 'James Storer', 'Leigh Walker', 'Darrell Plumridge', 'Samuel Peacock', 'Katie Anderson']",['太平洋战场 Pacific Theater'],['科幻'],['2.6'],['120'],[' 英语']
[' 澳大利亚'],['Erica Glynn'],['90'],[],"['Alfreda Glynn', 'Freda Glynn']",['她必须被爱 She Who Must Be Loved'],[],[''],[],[' 英语 / 土著语']
[' 澳大利亚'],[],[],[],[],['BitterSweet'],[],[''],[],[]
[' 澳大利亚'],[],[],[],[],['my little life'],[],[''],[],[]
[' 澳大利亚'],['Miranda Nation'],[],[],"['乔什·赫尔曼', '奥利维亚·德容格', '劳拉·戈登', 'Rob Collins', 'Josh Hayes', 'Christopher Farrell', 'Chris Gibson', 'Jeff Gobbels', 'Tim K Williams', 'Martin Blum']",['Undertow'],"['剧情', '惊悚']",[''],[],[' 英语']
[' 中国大陆 / 澳大利亚'],['钟萱'],[],[],[],['狼女传奇——血月'],['奇幻'],[''],[],[]
[' 澳大利亚'],['理查德·沃斯滕克罗夫特'],[],[],"['安迪·麦克菲', 'Roger Ward', '约翰·布鲁普顿', '杰克·埃利斯', 'Nathan Hill', 'Kristen Condon', 'Tritia DeViSha']",['The Debt Collector'],['犯罪'],[''],[],[' 英语']
[' 澳大利亚'],[],[],[],[],['sink'],[],[''],[],[]
[' 澳大利亚'],['Alexandra Makarová'],['99'],['10'],"['ROMAN PAKUTA', 'SIMONA KOVÁČOVÁ']",['Zerschlag mein Herz'],[],[''],[],[' 英语']
[' 澳大利亚'],['Mairi Cameron'],[],['07'],"['瑞切尔·布莱克', '苏茜·波特', '文斯·科洛斯莫', '马丁·萨克斯', '苏珊·普赖尔', 'megan dale', '丽莎·凯', 'greta carew-johns']",['分秒之间 The Second'],"['悬疑', '惊悚']",[''],[],[' 英语']
[' 澳大利亚'],['Soda Jerk'],['54'],['03'],"['Tony Abbott', 'Angry Anderson', '汤姆·伯林森', '史蒂芬·库里', '汉纳·盖茨比', '大卫·古皮利', 'Pauline Hanson', '鲍勃·霍克', '保罗·霍根', '约翰·霍华德', '巴瑞·哈姆弗莱斯', '史蒂夫·厄尔温', 'Terri Irwin', '约翰·贾瑞特', '妮可·基德曼']",['恐怖奴役 Terror Nullius'],"['喜剧', '恐怖', '奇幻', '冒险']",[''],[],[' 英语']
[' 澳大利亚'],"[""Richard 'Dr.' Baily"", '贝尼亚·K·托马斯']",[],['03'],"['Ryan Bartley', 'Allegra Clark', '乔希·戴维斯', 'See full cast & crew']",['Shopkins Wild'],['动画'],[''],[],[' 英语']
[' 澳大利亚'],"['Matthew Bate', 'Narelle Autio', 'Trent Parke']",[],[],[],['The Art of the Game'],[],[''],[],[]
[' 澳大利亚'],['Mike Garrick'],['89'],[],"['Greg Kennedy', 'Tayla Holborow', 'Yoji Tatsuta']",['昨日女孩 Yesterday&#39;s Girl'],"['动作', '科幻']",[''],[],[' 英语']
[' 澳大利亚'],['Dean Gibson'],[],[],[],['Wik vs Queensland'],[],[''],[],[]
[' 所罗门群岛 / 澳大利亚'],['Elliot Spencer'],[],[],['Liborio Maemanri'],['Liborio'],[],[''],[],[]
[' 澳大利亚'],['让-皮埃尔·沙布罗尔'],[],[],[],['John Mawurndjul: I Am the Old and the New'],[],[''],[],[]
[' 澳大利亚'],['Luke Sullivan'],['74'],[],"['Sarah Houbolt', 'Robin Royce Queere']",['Reflections in the Dust'],['剧情'],[''],[],[' 英语']
[' 澳大利亚 / 加拿大 / 英国'],['Stephen Amis'],[],[],"['丹·艾克罗伊德', 'Paul Watson', 'Peter Hammarstedt', 'Siddharth Chakravarty', 'Luis Manuel De Pinho', 'Jean Yves Terlain']","['Defend, Conserve, Protect']","['剧情', '冒险']",[''],[],[' 英语']
[' 澳大利亚'],['Travis Bain'],[],[],"['Tony Bonner', 'Shawn Brack', 'Andy Bramble']",['飓风之夜 Landfall'],"['悬疑', '犯罪']",[''],[],[' 英语']
[' 澳大利亚'],['David Fairhurst'],[],"['10(澳大利亚)"">2018']","['马特·丹', '韦德·布里格斯', '塔拉·莫里斯', '摩根·格莉芬', 'Sophia Forrest', 'Eddie Baroo', 'Meyne Wyatt', 'Jacqui Williams', 'Giselle van der Wiel', 'Anna Bauert']",['Reaching Distance'],"['剧情', '悬疑', '惊悚']",[''],[],[' 英语']
[' 澳大利亚'],['Nik Kacevski'],[],[],"['约书亚·布伦南', '夏洛特·贝斯特', 'Jess Bush', 'Ric Herbert', '可可·杰克·吉利斯', 'Lara Schwerdt', 'Georgia Scott', 'Edward McKenna', 'Lauren Orrell', 'Paige Houden', 'Adam Saunders', 'Joshua Morton', '卢克·佩格勒']",['Skinford: Chapter Two'],"['动作', '惊悚', '恐怖']",[''],[],[]
[' 澳大利亚'],"['德文·唐斯', '肯尼·盖奇']",[],[],"['Rhiannon Fish', '琳妮·奎格蕾', '凯恩·霍德尔', 'Roger Ward', 'Lauren Grimson', 'Becky Boggs', 'Brendan Byrne', 'Ben French', 'Madden Ridley Byrne']",['Paid in Blood'],['恐怖'],[''],[],[' 英语']
[' 澳大利亚'],"['艾伦·麦肯', 'Jason Wright']",[],[],[],['Zombie Wars'],['恐怖'],[''],[],[]
[' 澳大利亚'],['Ilanthirayan Alan Arumugam'],['116'],[],[],['Aiyai: Wrathful Soul'],"['惊悚', '恐怖']",[''],[],[]
[' 澳大利亚'],['Owen Elliott'],[],[],"['艾德·奥克森博尔德', 'Ray Meagher', 'Jamie Oxenbould', 'Kate Raison', 'Catherine Moore']",['Being Gavin'],['喜剧'],[''],[],[' 英语']
[' 澳大利亚'],['Daniel J. Phillips'],['110'],['10'],"['艾瑞克·托马森', 'Benson Jack Anthony', '萨拉·韦斯特', 'Amelia Douglass', 'Matt Crook', 'Adam Ovadia', 'Paul Reichstein', 'Mark Saturno', 'Berryn Schwerdt']",['Awoken'],"['悬疑', '惊悚', '恐怖']",[''],[],[' 英语']
[' 澳大利亚'],['Rizal Halim'],[],['10'],['特洛伊·考沃德'],['Lurking Woods'],['恐怖'],[''],[],[' 英语']
[' 澳大利亚'],['Storm Ashwood'],['90'],[],"['费拉斯·迪拉尼', '丽纳·欧文', 'Hugh Sheridan', 'Josh McConville', '史蒂芬·李·马奎德', '邦妮斯文', 'Jessi Robertson']",['逃离 Escape and Evasion'],"['剧情', '战争']",[''],[],[' 英语']
[' 中国大陆 / 韩国 / 澳大利亚'],[],[],['04'],[],['在路上'],['剧情'],[''],[],[' 汉语普通话 / 韩语 / 英语']
[' 美国 / 澳大利亚'],['Cameron Nugent'],['92'],['04'],"['J·K·西蒙斯', '杰克·布塞', '诺尔·古格雷米', '卢·坦普尔', 'Lisa De Razzo', '伯纳德·库里', 'Patricia Kalis', 'Jamille James', '尼克·法内尔', 'Julian Atocani Sanchez', 'Addam Bramich', 'Miranda Skerman', 'Keanu Wilson', 'Zeyah Pearson', '杰西卡佩斯']",['一个叫小小船的男孩 A Boy Called Sailboat'],"['剧情', '喜剧', '家庭']",[''],[],[' 英语 / 西班牙语']
[' 澳大利亚 / 加拿大 / 美国'],['詹妮弗·肯特'],['136'],['09'],"['山姆·克拉弗林', '艾斯琳·弗兰乔茜', '达蒙·海瑞曼', '伊文·莱斯利', '查理·肖特韦尔', '纳撒尼尔·迪安', '哈利·格林伍德', '马修·桑德兰', '贝卡利·加纳巴尔', 'Sam Smith', 'Michael Sheasby']",['夜莺 The Nightingale'],"['剧情', '惊悚', '冒险']",[''],[],[' 英语']
[' 澳大利亚 / 法国'],['Partho Sen-Gupta'],['116'],[],"['亚当·巴克里', '瑞切尔·布莱克', '瑞贝卡·布利兹']",['slam'],"['剧情', '爱情']",[''],[],[' 英语']
[' 澳大利亚'],['瑞切尔·格里菲斯'],[],[],"['泰莉莎·帕尔墨', '山姆·尼尔', '杰基·韦佛']",['奔跑女孩 Ride Like A Girl'],"['剧情', '传记', '运动']",[''],[],[' 英语']
[' 澳大利亚'],['Mark Grentell'],['103'],"['08', '08']","['Damian Callinan', '凯特·马尔瓦尼', '约翰·霍华德', '费萨尔·巴齐', 'Rafferty Grierson', 'Josh McConville']",['合并 The Merger'],"['剧情', '喜剧', '运动']",[''],[],[' 英语']
[' 澳大利亚'],['Adrian Castro'],['109'],['04'],['Tamara Guo'],['暗域 Hidden Peaks'],"['剧情', '动作', '冒险']",[''],[],[' 英语']
[' 澳大利亚'],['西蒙·贝克'],['115'],"['05', '06']","['西蒙·贝克', '伊丽莎白·德比茨基', '理查德·劳斯伯格', '瑞切尔·布莱克']",['呼吸 Breath'],"['剧情', '运动']",[''],[],[' 英语']
[' 德国 / 澳大利亚'],"['Noel Cleary', 'Sergio Delfino', '亚力克斯·施塔德曼']",['85'],"['03', '04']","['可可·杰克·吉利斯', 'Benson Jack Anthony', '理查德·劳斯伯格', '贾丝婷·克拉克', 'Marney McQueen', 'Linda Ngo', 'Cam Ralph', 'Jordan Hare', '山姆·哈夫特', 'Peter McAllum', 'Tess Meyer', 'Jane Ubrien', 'Stavroula Adameitis', 'David Collins', 'Shane Dundas', 'Jimmy James Eaton']",['玛雅蜜蜂历险记2：蜜糖游戏 Maya the Bee: The Honey Games'],"['喜剧', '动画', '儿童', '冒险']",[''],[],[' 英语']
[' 印度尼西亚 / 澳大利亚'],['加林·努格罗'],['105'],['09'],"['Randy Pangalila', 'Muhammad Khan', 'Raditya Evandra']",['我身记忆 Kucumbu Tubuh Indahku'],['剧情'],[''],[],[]
[' 澳大利亚'],['Dennis Samuelsson'],['17'],['10'],[],['塔斯马尼亚鬼镇计划 Tasmanian Ghost Town Project'],[],[''],[],[' 英语']
[' 澳大利亚'],['Damian Overton'],['14'],[],"['Josh Kieser', 'Kieton Beilby', 'Donnie Baxter']",['心如纸割 Papercut'],"['剧情', '同性']",[''],[],[' 英语']
[' 澳大利亚'],['Josh Tanner'],[],['10'],"['Connor Clarke', 'Joel Stanton']",['倒车 Reverse'],[],[''],[],[' 英语']
[' 澳大利亚'],['Chris Sun'],[],['06'],"['内森·琼斯', '比尔·莫斯利', '约翰·贾瑞特', '史提夫·比斯利', 'Roger Ward', '克里斯·海伍德', 'Simone Buchanan', 'Hugh Sheridan', 'Christie-Lee Britten', '厄尼·丁戈', '马德琳·肯尼迪', 'Chris Bridgewater', 'Melissa Tkautz', 'Trudi Ross', 'Ricci Guarnaccio']",['野猪 Boar'],['恐怖'],[''],[],[' 英语']
[' 澳大利亚'],['克莱顿·雅各布森'],[],['03'],"['肖恩·雅克博森', '克莱顿·雅各布森', 'Lynette Curran', 'Kim Gyngel', '莎拉·斯努克']",['兄弟的雀巢 Brothers&#39; Nest'],"['喜剧', '惊悚']",[''],[],[' 英语']
[' 美国 / 澳大利亚'],['Jessica Leski'],['93'],['06'],[],['I Used to Be Normal: A Boyband Fangirl Story'],[],[''],[],[' 英语']
[' 澳大利亚'],[],[],[],[],['澳大利亚的校园强奸案 Australia: Rape on Campus'],[],[''],[],[' 英语']
[' 澳大利亚'],"['亚历克斯·普罗亚斯', '大卫·米奇欧德', '约翰·卡兰', '列维·施瑞博尔', '罗素·克劳', '托妮·科莱特', '安东尼·拉帕格利亚', 'Kieran Darcy-Smith', 'Ray Lawrence', 'Ivan Sen']",[],[],[],['悉尼·不插电 Sydney Unplugged'],"['剧情', '喜剧', '爱情']",[''],[],[' 英语']
[' 澳大利亚'],['David Barker'],[],[],"['Ella Scott Lynch', '本尼迪克特·萨缪尔', 'Heather Mitchell', '刘易斯·菲茨-杰拉德', 'Robin Goldsworthy', '卡玛·莎伦', 'Lauren Orrell', 'Emma Potts', 'Kellie Metcalfe', 'Melanie Gail Stirling']",['拉皮条 Pimped'],['惊悚'],[''],[],[' 英语']
[' 澳大利亚'],['Benjamin Gilmour'],['78'],['06'],"['Sam Smith', 'Mohammad Mosam', 'Kefayat Lag Humani', 'Naqibullah Khan Shinwari', 'Sharif Ullah', 'Muhammad Shah Majroh', 'Sher Alam Miskeen Ustad', 'Samad Khan', 'Amir Shah Talash', 'Janaat Gul Mastana']",['尔格 Jirga'],"['剧情', '战争']",[''],[],[' 英语 / 普什图语']
[' 澳大利亚 / 法国'],['Partho Sen-Gupta'],['116'],[],"['亚当·巴克里', '瑞切尔·布莱克', '瑞贝卡·布利兹']",['slam'],"['剧情', '爱情']",[''],[],[' 英语']
[' 澳大利亚'],"['Kiah Roache-Turner', 'Tristan Roache-Turner']",[],['09'],"['莫妮卡·贝鲁奇', '本·奥图尔', '泰丝·哈乌布里奇']",['尼可曼斯 Nekrotronic'],"['科幻', '恐怖']",[''],[],[]
[' 澳大利亚'],['史蒂夫·佳吉'],['76'],['06'],"['Rosie Lourde', 'Anna Lawrence', '亚伦·格伦尼', ' 瑞安·哈里斯', 'Laura Bunting', 'Stephanie King', 'Stephen Multari', 'Stephen Sewell', 'Timothy Lincoln Cole', '香努·艾诗琳', '伊甸·福尔克']",['巧克力牡蛎 Chocolate Oyster'],"['剧情', '爱情']",[''],[],[' 英语']
[' 澳大利亚'],['Kit McDee'],['105'],['06'],"['Carmel Rose', 'Vincent B. Gorce', 'Brad McMurray', 'Nicholas Gunn', 'Ashlee Lollback', 'Rosie Keogh', 'Lauren A Jackson', 'Rebecca Hoffman', 'Chris Crawford', 'Ty Hungerford', 'Chris Bartholomew', 'Darrell Plumridge', 'Tara Jade Ross', 'Anthony Edwards', 'Paul Tucker', 'Declan McMurray', 'Jenaya McMurray', 'Jessica Gould', 'Rob Horton', 'Nikita Weston', 'Karen Gould', 'Carolyn Dean', 'Blair Martin', 'James Raymond Thomas', 'Allan Cridland', 'Paul Hardess']",['生死速滑 Skateboard or Die'],"['喜剧', '动作', '惊悚']",[''],[],[' 英语']
[' 澳大利亚'],['Martin Copping'],[],[],"['乔纳森·巴克利', '蒂姆·菲利普斯', 'Jacinta Stapleton', 'Alexandra Davies', 'Maria Volk', 'Martin Copping', 'Rich Paul', 'Kate Neilson', 'Tatiana Sokolova', 'David Ross Paterson', 'Gregory J. Fryer', 'Clyde Boraine', ""Timothy O'Dwyer"", 'Robin Copping']",['The Dunes'],['惊悚'],[''],[],[' 英语']
