地区,导演,时长,月份,演员,电影名,类型,评分,评论数,语言
[' 澳大利亚 Australia'],['Ben Hackworth'],[],[],"['拉达·米切尔', '托马斯·康奎尔', '娜迪恩·加纳']",['天上之爱 Celeste'],"['剧情', '音乐']",[''],[],[' 英语']
[' 澳大利亚 Australia'],['Gareth Carr'],[],['10'],"['Gary Boulter,', '艾姆·怀斯曼', 'Kirsty McKenzie']",['Saving Grace'],"['惊悚', '恐怖']",[''],[],[' 英语']
[' 澳大利亚 Australia'],['Mark Dooley'],['80'],[],"['Christine Bogle', 'Chris Boneau', 'Marcel Brauneis']",['Repeat Attenders'],[],[''],[],[' 英语']
[' 澳大利亚 Australia'],['Doug Bayne'],['2'],[],[],['Mattress Dave'],[],[''],[],[' 英语']
[' 澳大利亚 Australia'],['Sara Elizabeth Joyce'],[],[],"['Renee Lim', 'Peter McAllum', 'Vanessa Moltzen']",['Titans Blood'],"['剧情', '科幻', '惊悚']",[''],[],[' 英语']
[' 澳大利亚 Australia'],['Alison James'],['15'],[],[],['Judas Collar'],[],[''],[],[' 英语']
[' 澳大利亚 Australia'],"['Jay Shapiro', 'Desh Amila']",['86'],['12'],"['Sam Harris', 'Maajid Nawaz']",['Islam and the Future of Tolerance'],['传记'],[''],[],[' 英语']
[' 澳大利亚 Australia'],['Jake Nielsen'],['29'],['01'],[],['On Hold'],[],[''],[],[' 英语']
[' 澳大利亚 Australia'],[],[],[],[],['The Waiting Room'],[],[''],[],[]
[' 澳大利亚 Australia'],['Heath Davis'],[],[],"['托比·施密茨', '玛雅·施坦格', 'Jolene Anderson']",['Book Week'],[],[''],[],[' 英语']
[' 澳大利亚 Australia'],['Gareth Carr'],[],[],"['杰克·查尔斯', 'Kaitlyn Boyé', 'Jordan Devitre']",['Life After Man'],['恐怖'],[''],[],[]
[' 澳大利亚 Australia'],['Justin Dix'],[],[],"['内森·菲利普斯', '克里斯托弗·卡比', 'John Lloyd Fillingham']",['Blood Vessel'],['恐怖'],[''],[],[' 英语']
[' 澳大利亚 Australia'],"[""Colm O'Murchu""]",[],[],"['David Hov', 'Mikaela Franco', 'Elly Hiraani Clapin']",['Tabernacle 101'],"['剧情', '恐怖', '奇幻']",[''],[],[' 英语']
