地区,导演,时长,月份,演员,电影名,类型,评分,评论数,语言
[' 突尼斯 / 比利时 / 法国 / 卡塔尔'],['穆罕默德·本·阿提亚'],['104'],"['05', '11']","['Zakaria Ben Ayyed', 'Mohamed Dhrif', 'Imen Cherif', 'Mouna Mejri', 'Tarik Copty', 'Tahani Sadiki', 'Taylan Mintas']",['亲爱的儿子 ولدي'],['剧情'],['7.3'],['187'],[' 阿拉伯语']
[' 黎巴嫩 / 突尼斯'],['Joud Said'],[],[],[],['مسافرو الحرب'],[],[''],[],[]
[' 突尼斯'],['ABDELHAMID BOUCHNAK'],['108'],['09'],[],['诡奇村庄 Dachra'],"['惊悚', '恐怖']",[''],[],[]
[' 突尼斯'],['Nacer Khemir'],['95'],[],"['Hichem Rostom', 'Dorra Zarrouk']",['Whispering Sands'],[],[''],[],[' 阿拉伯语']
[' 突尼斯'],['Mahmoud Ben Mahmoud'],['102'],[],"['Ghalia Benali', 'Ahmed Hefiane', 'Sarra Hannachi']",['Fatwa'],[],[''],[],[' 阿拉伯语']
