地区,导演,时长,月份,演员,电影名,类型,评分,评论数,语言
[' 法国 / 西班牙 / 罗马尼亚 / 美国 / 比利时'],['雅克·欧迪亚'],['121'],"['09', '10']","['约翰·C·赖利', '杰昆·菲尼克斯', '杰克·吉伦哈尔', '里兹·阿迈德', '卡罗尔·凯恩', '鲁特格尔·哈尔', '克瑞德·布拉顿', '约翰内斯·豪克尔·约翰内森', '尼尔斯·阿贺斯图普', '莱克茜·本博-哈特', '丽贝卡·鲁特', '菲利普·罗施', '邓肯·拉克鲁瓦', '伊恩·雷迪丁顿', '阿尔多·马兰']",['希斯特斯兄弟 The Sisters Brothers'],"['犯罪', '西部', '冒险']",['7.7'],['8255'],[' 英语']
[' 罗马尼亚 / 德国 / 保加利亚 / 法国 / 捷克'],['拉杜·裘德'],['140'],"['07', '09']","['Ioana Iacob', 'Alex Bogdan', '亚历山德鲁·达比加']",['野名留史又如何 „Îmi este indiferent dacă în istorie vom intra ca barbari”'],['剧情'],['7.6'],['80'],[' 罗马尼亚语']
[' 罗马尼亚 / 德国 / 捷克 / 保加利亚 / 法国'],['阿迪娜·平蒂列'],['123'],['02'],"['劳拉·本森', '托马斯·勒马尔奎斯', '克里斯蒂安·巴耶林', '格雷特·乌尔勒曼', '阿迪娜·平蒂列', '汉娜·霍夫曼', '西尼·勒夫', '厄梅拉·琦琦库娃']",['不要碰我 Nu mă atinge-mă'],['剧情'],['6.6'],['1364'],[' 英语 / 德语']
[' 德国 / 乌克兰 / 法国 / 荷兰 / 罗马尼亚'],['谢尔盖·洛兹尼察'],['121'],"['05', '08', '09']","['瓦列留·安德留察', '鲍里斯·卡莫尔津', '谢尔盖·科列索夫', 'Georgiy Deliev', '谢尔盖·罗斯林', 'Alexander Zamuraev', 'Konstantin Itunin', 'Irina Plesnyayeva', 'Vadim Dubovsky', 'Svetlana Kolesova', 'Evgeny Chistyakov']",['顿巴斯 Донбас'],['剧情'],['6.3'],['93'],[' 乌克兰语 / 俄语']
[' 罗马尼亚'],['Cornel Gheorghita'],[],[],[],['Epava'],[],[''],[],[]
[' 罗马尼亚 / 美国'],['Michael Damian'],[],[],[],"['High Strung, Free Dance']",['爱情'],[''],[],[' 英语']
[' 罗马尼亚'],['Dominic Dembinski'],['110'],[],"['András Demeter', 'Mihai Bica', 'Andrada Fuscaș', 'Mihai Stănescu']",['Apostolul Bologa'],['剧情'],[''],[],[' 罗马尼亚语']
[' 罗马尼亚'],['Mihaela Popescu'],[],[],"['Ion Arcudeanu', 'Laurette Atindehou', '特奥多·科尔班', 'Dorotheea Petre']",['宣判 În pronunțare'],['剧情'],[''],[],[' 罗马尼亚语 / 英语']
[' 罗马尼亚'],['Vlad Zamfirescu'],[],[],"['Theo Marton', 'Irina Velcescu', 'Vlad Zamfirescu']",['快乐的秘密 Secretul fericirii'],"['剧情', '喜剧']",[''],[],[' 罗马尼亚语']
[' 意大利 / 罗马尼亚'],['阿尔伯托·法苏洛'],['103'],"['08(洛迦诺电影节)"">2018']","['Marcello Martini', 'Maurizio Fanin', 'Carlo Baldracchi']",['梅诺科希奥 Menocchio'],['剧情'],[''],[],[' 意大利语']
[' 罗马尼亚'],['Camelia Popa'],['93'],"['10(罗马尼亚)"">2018']",['Alin Panc'],"['Pup-o, ma!']","['喜剧', '恐怖', '奇幻']",[''],[],[' 罗马尼亚语']
[' 罗马尼亚'],['Radu Dragomir'],[],[],"['Dana Rogoz', 'Madalina Craiu', '勒兹万·瓦西莱斯库']",['小莫 MO&#39;'],['剧情'],[''],[],[' 罗马尼亚语']
[' 罗马尼亚'],['尼古拉·默尔吉内亚努'],[],[],['Bogdan Nechifor'],['拯救灵魂的错误方法 Fals tratat de mântuire a sufletului'],['剧情'],[''],[],[]
[' 罗马尼亚'],['Paul-Razvan Macovei'],[],[],[],['Noaptea Ursului'],[],[''],[],[]
[' 罗马尼亚'],['Tedy Necula'],[],['10'],[],['先走一步 Coborâm la prima'],['剧情'],[''],[],[]
[' 罗马尼亚'],['Hadrian Marcu'],[],"['09(圣塞巴斯蒂安电影节)"">2018']","['Mădălina Constantin', '博格丹·杜米特拉克', 'Ada Galeş', '阿德里安·蒂蒂耶尼']",['立场坚定的男子 Un om la locul lui'],['剧情'],[''],[],[]
[' 罗马尼亚 / 加拿大'],['尤安娜·乌里卡鲁'],['88'],['02'],"['Mãlina Manovici', 'Dylan Smith', 'Steve Bacic', 'Milan Hurduc']",['柠檬汽水 Lemonade'],['剧情'],[''],[],[' 英语 / 罗马尼亚语']
[' 罗马尼亚'],['Camelia Popa'],[],['10'],"['Alexandru Pop', '考斯米宁·塞尔西', 'Alin Panc']","['亲吻我 Pup-o, mă!']",['喜剧'],[''],[],[' 罗马尼亚语']
[' 罗马尼亚 / 法国 / 荷兰 / 瑞士'],['彼得·格林纳威'],[],[],"['埃蒙·埃利奥特', '卡拉·朱里', 'Gianni Capaldi', 'Manuela Biedermann', 'Anina Mutter', 'Margherita Schoch', 'Rachele Trovatelli', 'Judith Niethammer', 'Thomas Haak Wegmann']",['走向巴黎 Walking to Paris'],"['剧情', '传记', '冒险']",[''],[],[' 英语']
[' 法国 / 罗马尼亚'],['Anca Damian'],[],"['10', '11']","['小弗洛林·皮尔斯齐', 'Ofelia Popii', '阿德里安·蒂蒂耶尼']",['喀布尔月亮旅馆 Moon Hotel Kabul'],[],[''],[],[' 罗马尼亚语 / 英语']
[' 罗马尼亚'],['保罗·内戈埃斯库'],[],['09'],"['亚历山德鲁·帕帕多波尔', 'Nicoleta Lefter', 'Crina Semciuc']",['夏日情人 Povestea unui pierde-vară'],['喜剧'],[''],[],[' 罗马尼亚语']
[' 土耳其 / 德国 / 罗马尼亚'],['Ali Vatansever'],['102'],[],"['Erol Afsin', '萨黛·阿克索伊', 'Onur Buldu', 'Emrullah Cakay', 'Ümmü Putgül', '基达·拉马丹', 'Ebru Ojen Sahin', 'Kutay Sandikci', 'Mihaela Trofimov']",['SAF'],['剧情'],[''],[],[' 土耳其语 / 阿拉伯语']
[' 罗马尼亚'],['弗洛林·谢尔班 Florin Serban'],[],"['03(罗马尼亚)"">2018']","['考斯米娜·斯特拉坦', '瓦列留·安德留察', 'Vitalie Bantas']",['爱情第一部：狗 Balcanic 1: Dog'],[],[''],[],[' 罗马尼亚语']
[' 罗马尼亚'],['斯特雷·古莱亚'],[],['11'],"['Ioana Bugarin', '扬·卡拉米特鲁', 'Dorina Chiriac']",['莫罗米特一家2 Moromete Family: On the Edge of Time'],['剧情'],[''],[],[' 罗马尼亚语 Romanian']
[' 罗马尼亚 / 瑞典 / 法国'],['拉杜·蒙泰安'],['105'],['08'],"['安德拉·古茜', 'Mihaela Sirbu', 'Gheorghe Ifrim', '玛莉亚·波比丝达舒', 'Ela Ionescu', 'Viorel Comănici']",['爱丽丝 Alice T.'],['剧情'],[''],[],[' 罗马尼亚语']
[' 罗马尼亚'],['弗洛林·谢尔班'],[],[],"['Igor Babiac', 'Emõke Pál', 'Constantin Dogioiu']",['爱情第二部：美国 Dragoste 2. America'],['剧情'],[''],[],[' 罗马尼亚语']
