地区,导演,时长,月份,演员,电影名,类型,评分,评论数,语言
[' 芬兰 / 挪威'],"['裘索·拉提欧', '尤加·维迪葛伦']",['92'],['03'],"['托尔斯坦·比约克朗德', '安蒂·希海基宁', '维尔·希尔卡', '约翰内斯·霍洛佩宁', '萨穆利·贾斯基奥', '明卡·库斯顿', '凯·莱蒂宁', '皮霍·朗卡', '锡尼卡·莫克尔拉', '麦克斯·奥瓦斯卡', '佩尔蒂·斯维霍姆', '马尔蒂·斯利亚', '威利·蒂奥宁']",['重金属囧途 Hevi reissu'],"['喜剧', '音乐']",['7.6'],['6655'],[' 芬兰语 / 英语 / 挪威语']
[' 芬兰'],['Mari Rantasila'],['71'],['08'],"['Anna-Maija Tuokko', 'Santtu Karvonen', 'Seppo Halttunen', 'Aapo Puusti', 'Jaana Pesonen', 'Jenni Lausi']",['小马和鸟童 Puluboin ja Ponin leffa'],"['剧情', '喜剧']",[''],[],[' 芬兰语']
[' 芬兰'],['Miika Aranto'],['85'],['12'],"['Jorma Karlstedt', 'Mika Melender', 'Jere Saarela', 'Toni Enholm', 'Topi Törmä']",['Teidät tuomitaan elinkautiseen'],['剧情'],[''],[],[' 芬兰语']
[' 爱沙尼亚 / 芬兰'],['韦科·欧恩普'],[],[],"['Pääru Oja', '汤米·柯贝拉', 'Liis Lass', '劳拉·布林', '埃尔默·拜克']",['Viimased'],['剧情'],[''],[],[' 芬兰语 / 爱沙尼亚语 / 萨米语']
[' 芬兰'],['Pamela Tola'],[],['11'],"['Matleena Kuusniemi', 'Aku Hirviniemi', 'Mikko Nousiainen', 'Mimosa Willamo', 'Marja Salo']",['浪荡公子 Swingers'],['喜剧'],[''],[],[' 芬兰语']
[' 芬兰'],['Matti Kinnunen'],[],['11'],"['Mikko Nousiainen', 'Niila Nousiainen', 'Santtu Karvonen', 'Teemu Karvonen', 'Chike Ohanwe']",['Pieniä suuria valheita'],"['剧情', '喜剧']",[''],[],[' 芬兰语']
[' 芬兰'],['Tuukka Temonen'],[],['10'],"['Mikko Nousiainen', 'Alina Tomnikov', 'Ilkka Villi', 'Leah Lamarr', 'Inka Kallén', 'Jenni Banerjee', 'Jarkko Lahti']",['Valmentaja'],"['剧情', '传记']",[''],[],[' 芬兰语']
[' 芬兰'],['Christof Loy'],[],['10'],"['Aušrinė Stundytė', 'Andrea Carè', 'Tuomas Pursio']",['Puccini: Tosca (Finnish National Opera Helsinki)'],"['音乐', '戏曲']",[''],[],[' 意大利语']
[' 芬兰'],['Taru Mäkelä'],['100'],['02'],"['Aku Hirviniemi', 'Esko Salminen', 'Vesa Vierikko']",['储藏2 Varasto 2'],['喜剧'],[''],[],[' 芬兰语']
[' 芬兰'],['Matti Kinnunen'],['94'],[],"['Mikko Nousiainen', 'Niila Nousiainen']",['Time Out'],[],[''],[],[]
[' 芬兰'],['Jukka-Pekka Siili'],['98'],['01'],"['Alina Tomnikov', 'Jouko Ahola', 'Akseli Kouki', 'Eemeli Masanen', 'Vilhelmi Masanen']",['我兄弟的守卫 Veljeni vartija'],"['剧情', '音乐', '传记']",[''],[],[' 芬兰语']
[' 芬兰'],['Joona Tena'],[],['01'],"['Ella Jäppinen', 'Viljami Lahti', 'Essi Hellén', 'Eero Ritala', 'Arttu Wiskari', 'Tommi Korpela', 'Kari Hietalahti']",['Supermarsu'],"['家庭', '奇幻']",[''],[],[]
[' 芬兰 / 俄罗斯 / 英国'],"['Arto Laukkanen', 'Riitta Jalonen']",['59'],[],[],['The Art of Expression'],[],[''],[],[' 英语']
[' 芬兰'],['Mikael Syrjala'],['68'],[],"['Jessica Grabowsky', '汤米·柯贝拉', 'Mimosa Willamo', '约翰·布拉泽斯', '汉努-佩卡·约克曼', '米娜·哈普吉拉', 'Carl-Kristian Rundman', 'Joel Hirvonen', 'David Sandqvist', 'Ella Lymi']",['Somebody Should Do Something'],"['剧情', '爱情', '悬疑']",[''],[],[' 芬兰语']
[' 芬兰'],['Jukka Mäkinen'],[],[],"['Tuija Ahola', 'Mari-Elina Kottari', 'Raimo Peltola', 'Eero Kankaansyrjä', 'Maaria Koivula-Talkkari']",['Muistoseurat 2'],['喜剧'],[''],[],[' 芬兰语']
[' 芬兰'],['Ramin Sohrab'],['90'],[],"['Anu Sinisalo', 'Antti Reini', 'Ramin Sohrab']",['Layers of Lies'],"['剧情', '动作']",[''],[],[' 芬兰语 / 英语 / 波斯语']
[' 芬兰'],[],[],[],[],['Contrôle parental'],[],[''],[],[]
[' 芬兰'],['Lenka Hellstedt'],['86'],['01'],"['Pamela Tola', 'Antti Luusuaniemi', 'Kristiina Halttu', 'Jemina Sillanpää', 'Malla Malmivaara', 'Elias Westerberg', 'Matti Onnismaa']",['一切都是正确的 Kaikki oikein'],['喜剧'],[''],[],[' 芬兰语']
[' 芬兰'],['Veikko Aaltonen'],['108'],['12'],"['汉努-佩卡·约克曼', 'Leena Uotila', 'Asko Sarkola']",['掩饰 Ihmisen osa'],['剧情'],[''],[],[' 芬兰语']
[' 墨西哥 / 芬兰'],['Kyzza Terrazas'],['101'],['11'],"['Brontis Jodorowsky', 'Miriam Balderas', 'Laura Birn', 'Ilkka Koivula', 'Luis Gerardo Méndez', 'Joonas Saartamo', 'Ville Virtanen']",['拳击手的救赎 Bayoneta'],['剧情'],[''],[],[' 英语 / 芬兰语 / 西班牙语']
[' 芬兰'],['Teppo Airaksinen'],['105'],['12'],"['Pekka Strang', 'Antti Heikkinen', 'Riku Nieminen', 'Iida-Maria Heinonen', 'Silmu Ståhlberg']",['巨星潦倒录 Juice: Risainen elämä'],"['剧情', '传记']",[''],[],[' 芬兰语']
[' 芬兰 / 丹麦 / 克罗地亚'],['阿尔托·哈洛宁 Arto Halonen'],['102'],['03'],"['皮鲁·埃斯贝克', '乔什·卢卡斯', '赛伦·梅尔维尔', '帕梅拉·托拉', '拉德·舍博德兹加', 'Christopher Fulford', 'Johannes Lassen', '米科·诺西艾南', 'Sara Soulié', 'Rok Cvetkov']",['守护天使 The Guardian Angel'],['惊悚'],[''],[],[' 英语']
[' 芬兰'],['阿列克西·萨尔门佩雷'],['97'],['09'],"['波雅娜·巴尔塔', '劳拉·布林', 'Leea Klemola', '汤米·柯贝拉', '菲拉·维塔拉', '汉努-佩卡·约克曼']",['真空 Tyhjiö'],"['喜剧', '爱情']",[''],[],[' 芬兰语']
[' 芬兰'],['Klaus Härö'],['95'],['09'],"['Heikki Nousiainen', 'Amos Brotherus', 'Pirjo Lonka', 'Stefan Sauk', 'Jakob Öhrman', 'Eero Ritala', 'Yuha Pihanen']",['Tuntematon mestari'],['剧情'],[''],[],[' 芬兰语']
[' 芬兰'],['Paavo Westerberg'],['125'],['01'],"['Kim Bodnia', 'Matleena Kuusniemi', 'Samuli Edelmann', 'Paavo Westerberg']",['小提琴家 Viulisti'],['剧情'],[''],[],[' 芬兰语 / 英语']
[' 芬兰'],['蒂娜·里米'],['118'],['08'],"['艾丽娜·克尼赫蒂莱', 'Mari Perankoski', 'Jani Volanen', 'Satu Tuuli Karhu', 'Iikka Forss']","['开心点，糟老头 Ilosia aikoja, Mielensäpahoittaja']","['剧情', '喜剧']",[''],[],[' 芬兰语 / 法语']
[' 芬兰 / 瑞典'],['西莫·哈林恩'],['104'],['03'],"['劳拉·布林', 'David Nzinga', '萨穆利·瓦拉莫', 'Andreas af Enehjelm', 'Sara Paavolainen', '约翰内斯·霍洛佩宁', 'Lauri Untamo']",['三个“鬼”男人 Kääntöpiste'],"['剧情', '惊悚']",[''],[],[' 芬兰语 / 瑞典语']
[' 芬兰'],"['Ville Väisänen', 'Tapio Kauma']",[],['09'],"['Alex Barck', 'Viljami Packalen', 'Jussi Nousiainen', 'Tapio Kauma', 'Ville Väisänen', 'Niko Hill', 'Heikki Kauma']",['药物试验 Lääkekoe'],"['动作', '悬疑', '恐怖']",[''],[],[' 芬兰语']
[' 冰岛 / 芬兰 / 德国'],['Baldvin Zophoníasson'],['136'],"['09', '09']","['Björn Stefánsson', 'Atli Oskar Fjalarsson', 'Þorsteinn Bachmann', 'Sveinn Ólafur Gunnarsson', 'Haraldur Stefansson', 'Lára Jóhanna Jónsdóttir']",['让我降落 Lof mér að falla'],['犯罪'],[''],[],[' 冰岛语']
[' 芬兰 / 瑞典'],['Heikki Kujanpä'],['103'],['03'],"['托米·艾荣恩', '韦萨·维耶里科', 'Jussi Nikkilä', 'Martti Suosalo', '亚尼·沃拉宁', 'Leena Pöysti']",['芬兰最有趣的人 Suomen hauskin mies'],"['剧情', '历史', '战争']",[''],[],[' 芬兰语 / 德语']
[' 芬兰 / 荷兰 / 瑞典'],['塞尔玛·韦勒嫩'],['103'],"['09', '10']","['菲拉·维塔拉', '威勒·哈派塞罗', 'Katja Kukkola', 'Rosa Honkonen', 'Juha Ruokola', 'Jere Ristseppä', 'Anton Kettunen', 'Abshir Sheik Nur']",['愚蠢成人心 Hölmö nuori sydän'],['剧情'],[''],[],[' 芬兰语']
[' 芬兰'],['Timo Koivusalo'],['119'],['10'],"['劳瑞·提卡宁', 'Jonna Järnefelt', '韦萨·维耶里科', 'Ilkka Villi', '玛拉·毛米瓦拉', 'Jemina Sillanpää', 'Martti Suosalo', 'Saga Sarkola']",['奥拉·维维塔 Olavi Virta'],"['剧情', '传记', '历史']",[''],[],[' 芬兰语']
[' 芬兰'],['Markku Pölönen'],['108'],['10'],"['Oona Airola', 'Sanna-Kaisa Palo', 'Hannu-Pekka Björkman', 'Marjaana Maijala', 'Antti Virmavirta', 'Marja Packalén', 'Konsta Laakso', 'Mika Nuojua', 'Arto Heikkilä']",['Oma maa'],"['剧情', '爱情', '历史']",[''],[],[' 芬兰语']
[' 芬兰'],['安娜·埃里克森'],['90'],"['09', '09']","['安娜·埃里克森', 'Gail Ferguson', 'Petri Salo', 'Axel Sutinen']",['M'],['悬疑'],[''],[],[' 英语']
[' 芬兰'],['Toni Majaniemi'],[],[],"['Raimo Grönberg', 'Jorma Markkula', 'Veera Degerholm']",['Kontakti'],"['剧情', '犯罪']",[''],[],[' 芬兰语']
