地区,导演,时长,月份,演员,电影名,类型,评分,评论数,语言
[' 英國 UK'],['Nick Gillam-Smith'],[],['04'],['Bettany Hughes'],['酒神巴克科斯：狂欢之神 Bacchus Uncovered: Ancient God of Ecstasy'],['紀錄片 Documentary'],['8.4'],['106'],[' 英語 English']
[' 英國 UK'],[],[],['03'],"['伊万·麦克格雷格', 'Colin McGregor']",['百年皇家空军.伊万与科林·麦格雷戈 RAF at 100 with Ewan and Colin McGregor'],['紀錄片 Documentary'],['8.2'],['122'],[' 英語 English']
[' 英國 UK'],[],[],[],[],['Take That And Us'],['紀錄片 Documentary'],[''],[],[' 英語 English']
[' 英國 UK'],['Matt David'],[],[],[],['Daredevils And Divas: A Night At The Circus'],['紀錄片 Documentary'],[''],[],[' 英語 English']
[' 英國 UK'],[],[],[],['Darcey Bussell'],['Darcey Bussell: Dancing To Happiness'],['紀錄片 Documentary'],[''],[],[' 英語 English']
[' 英國 UK'],[],[],[],[],['8 Days'],['紀錄片 Documentary'],[''],[],[' 英語 English']
[' 英國 UK'],[],[],['03'],[],['Putin - The New Tsar'],['紀錄片 Documentary'],[''],[],[' 英語 English']
[' 英國 UK'],[],[],['03'],['George Alagiah'],['The Queen: Her Commonwealth Story'],['紀錄片 Documentary'],[''],[],[' 英語 English']
[' 英國 UK'],[],[],['09'],"['克里斯托弗·埃克莱斯顿', '杰瑞米·爱德华']",['The Flu That Killed 50 Million'],['紀錄片 Documentary'],[''],[],[' 英語 English']
[' 英國 UK'],[],[],['11'],['Tom Service'],['Holst &amp; Vaughan Williams - Making Music English'],['紀錄片 Documentary'],[''],[],[' 英語 English']
[' 英國 UK'],[],[],[],['Dan Cruickshank'],['Dan Cruickshank’s Monuments Of Remembrance'],['紀錄片 Documentary'],[''],[],[' 英語 English']
[' 英國 UK'],"['Robert Miller', 'Henry Singer']",[],[],[],['The Trial of Ratko Mladic'],['紀錄片 Documentary'],[''],[],[' 英語 English']
[' 英國 UK'],[],[],['06'],['Tom Mangold'],['杰瑞米索普丑闻 The Jeremy Thorpe Scandal'],['紀錄片 Documentary'],[''],[],[' 英語 English']
[' 英國 UK'],['Chris Durlacher'],[],['08'],['Aaron Neil'],['The Stolen Maharajah: Britain&#39;s Indian Royal'],['紀錄片 Documentary'],[''],[],[' 英語 English']
[' 英國 UK'],[],[],['08'],['Sarah Lancashire'],['Inside the Court of Appeal'],['紀錄片 Documentary'],[''],[],[' 英語 English']
[' 英國 UK'],[],[],['03'],['Matt Frei'],['Russian Spy Assassins: The Salisbury Attack'],['紀錄片 Documentary'],[''],[],[' 英語 English']
[' 英國 UK'],['Adam Low'],['77'],['05'],['Olivia Colman'],['英国皇家美术学院揭秘 The Private Life of the Royal Academy'],['紀錄片 Documentary'],[''],[],[' 英語 English']
[' 英國 UK'],['Karen McGann'],[],['12'],[],['Take That: We&#39;ve Come a Long Way'],['紀錄片 Documentary'],[''],[],[' 英語 English']
[' 英國 UK'],['Catherine Gale'],[],['08'],['Hannah Fry'],['The Joy of Winning'],['紀錄片 Documentary'],[''],[],[' 英語 English']
[' 英國 UK'],[],[],['08'],"['Ben Fogle', 'Victoria Pendleton', 'Kenton Cool']",['Our Everest Challenge: With Ben Fogle &amp; Victoria Pendleton'],['紀錄片 Documentary'],[''],[],[' 英語 English']
[' 英國 UK'],['Louise Lockwood'],[],['10'],['Alan Yentob'],"['霍克尼, 女王与皇家教堂 Hockney, The Queen And The Royal Peculiar']",['紀錄片 Documentary'],[''],[],[' 英語 English']
[' 英國 UK'],['Teresa Griffiths'],[],['11'],[],['Egon Schiele: Dangerous Desire'],['紀錄片 Documentary'],[''],[],[' 英語 English']
[' 英國 UK'],['Luke McMahon'],[],['05'],['肯尼斯·麦克米兰'],['Ballet’s Dark Knight - Sir Kenneth MacMillan'],['紀錄片 Documentary'],[''],[],[' 英語 English']
[' 英國 UK'],[],[],['10'],[],"['曼布克奖五十年 Barneys, Books And Bust Ups: 50 Years Of The Booker Prize']",['紀錄片 Documentary'],[''],[],[' 英語 English']
[' 英國 UK'],['Richard Downes'],[],['03'],"['艾伦·延托布', '安德鲁·洛伊德·韦伯']",['imagine...Andrew Lloyd Webber: Memories'],['紀錄片 Documentary'],[''],[],[' 英語 English']
[' 英國 UK'],['Leo Burley'],[],['10'],['Blythe Duff'],['几乎造成英国破产的银行 The Bank That Almost Broke Britain'],['紀錄片 Documentary'],[''],[],[' 英語 English']
[' 英國 UK'],[],[],['05'],['Alan Yentob'],['Imagine… Orhan Pamuk: A Strange Mind'],['紀錄片 Documentary'],[''],[],[' 英語 English']
[' 英國 UK'],[],[],['10'],['利兹·博宁'],['塑料海洋 Drowning In Plastic'],['紀錄片 Documentary'],[''],[],[' 英語 English']
[' 英國 UK'],[],[],['11'],[],['一战:最终时刻 WWI: The Final Hours'],"['歷史 History', '戰爭 War', '紀錄片 Documentary']",[''],[],[' 英語 English']
[' 英國 UK'],['Sid Bennett'],[],['03'],"['露西·沃斯利', 'Zoe Laughlin']",['Lucy Worsley&#39;s Fireworks for a Tudor Queen'],['紀錄片 Documentary'],[''],[],[' 英語 English']
[' 英國 UK'],['John Bridcut'],['60'],['11'],['查尔斯王子'],"['王子，儿子和王储：查尔斯王子的70岁 Prince, Son and Heir: Charles at 70']",['紀錄片 Documentary'],[''],[],[' 英語 English']
[' 英國 UK'],"['Alexander Leith', 'Russell England']",[],['02'],['玛丽·比尔德'],['Julius Caesar Revealed'],['紀錄片 Documentary'],[''],[],[' 英語 English']
[' 英國 UK'],['John Bridcut'],['60'],['11'],['查尔斯王子'],"['王子，儿子和王储：查尔斯王子的70岁 Prince, Son and Heir: Charles at 70']",['紀錄片 Documentary'],[''],[],[' 英語 English']
[' 英國 UK'],['Dan Hillman'],[],['09'],['Jim al-Khalili'],['人工智能的乐趣 The Joy Of AI'],['紀錄片 Documentary'],[''],[],[' 英語 English']
[' 英國 UK'],[],[],[],[],['The Last Hundred Days'],"['劇情 Drama', '紀錄片 Documentary']",[''],[],[' 英語 English']
