地区,导演,时长,月份,演员,电影名,类型,评分,评论数,语言
[' 比利时 Belgium / 法国 / 荷兰 Netherlands / 卢森堡 Luxembourg'],"['Emma De Swaef', 'Marc James Roels']",['44'],['05'],[],['这绝妙的蛋糕！ Ce magnifique gâteau!'],"['喜剧', '动画', '历史']",['8.4'],['148'],[' 荷兰语 Dutch / 法语']
[' 荷兰 Netherlands'],['Albert Jan van Rees'],[],['09'],"['Peter Blok', 'Guy Clemens', 'John Kinory']",['多丽丝 Doris'],[],[''],[],[' 荷兰语 Dutch']
[' 荷兰 Netherlands / 比利时 Belgium'],['伊瑟·洛兹'],['101'],"['09(加拿大)"">2018']","['Teun Luijkx', 'Circé Lethem', 'Matthijs Ten Kate']",['Retrospekt'],[],[''],[],[' 荷兰语 Dutch / 弗莱明语 Flemish']
[' 荷兰 Netherlands'],['本·桑伯加特'],['100'],"['10(荷兰)"">2018']","['梅乐蒂·克蕾沃', 'Nabil Mallat', '麦赫迪·麦斯卡尔', 'Tine Joustra']",['Rafaël'],"['剧情', '战争']",[''],[],[' 英语 / Dutch']
[' 比利时 Belgium / 荷兰 Netherlands / 塞内加尔 Senegal'],['Koen Mortier'],['105'],['09'],"['樊尚·罗蒂埃', 'Paul Bartel', ""Fatou N'Diaye""]",['天使 Un ange'],['剧情'],[''],[],[' 法语 / 沃洛夫语 Wolof']
[' 阿根廷 Argentina / 巴西 Brazil / 荷兰 Netherlands / 德国'],['Mónica Lairana'],['95'],['02'],"['Alejo Mango', 'Sandra Sandrini']",['别离床爱 La Cama'],['剧情'],[''],[],[' 西班牙语']
