地区,导演,时长,月份,演员,电影名,类型,评分,评论数,语言
[' 西班牙 / 葡萄牙 Portugal'],['阿尔伯特·塞拉'],['61'],['07'],['Lluís Serrat'],['太阳王 Roi Soleil'],['剧情'],['6.5'],['68'],[' 无对白']
[' 葡萄牙 Portugal / 巴西 Brazil'],['Paulo Leite'],['90'],['09'],"['Celia Williams', 'Elizabeth Bochmann', 'Iris Cayatte']",['心魔炼狱 Inner Ghosts'],['恐怖'],[''],[],[' 英语']
[' 葡萄牙 Portugal'],['Aya Koretzky'],['110'],['10'],[],['三十岁时环游世界 A Volta ao Mundo Quando Tinhas 30 Anos'],[],[''],[],[' 日语']
[' 葡萄牙 Portugal'],['António Pinhão Botelho'],['105'],[],['Igor Regalla'],['Ruth'],[],[''],[],[' 葡萄牙语 Portuguese']
