地区,导演,时长,月份,演员,电影名,类型,评分,评论数,语言
[' 波兰 / 西班牙 / 德国 / 比利时 / 匈牙利'],"['Raúl de la Fuente', '达米安·纽诺']",['80'],"['05', '11']","['小田部阿基', 'Wilson Benedito', 'Ryszard Kapuscinski']",['人生的另一天 Un día más con vida'],"['动画', '传记']",['7.9'],['195'],[' 英语 / 葡萄牙语 / 波兰语 / 西班牙语']
[' 西班牙'],['奥里奥尔·保罗'],['128'],['11'],"['阿德里亚娜·乌加特', '奇诺·达林', '阿尔瓦罗·莫奇', '诺拉·纳瓦斯', '哈维尔·古铁雷斯', '米格尔·费南德斯', '克拉拉·塞古拉', '米玛·里埃拉', '艾娜·克洛特', '阿尔伯特·佩雷斯', '弗兰塞斯克·奥雷利亚', '阿娜·瓦格纳', '西尔维亚·阿隆索', '贝伦·鲁埃达']",['海市蜃楼 Durante la tormenta'],"['科幻', '悬疑', '惊悚']",['7.8'],['184009'],[' 西班牙语']
[' 西班牙 / 法国'],['Salvador Simó'],['80'],['10'],[],['布努埃尔之神龟迷宫 Buñuel en el laberinto de las tortugas'],"['动画', '冒险']",['7.8'],['183'],[' 西班牙语 / 法语']
[' 法国 / 西班牙 / 罗马尼亚 / 美国 / 比利时'],['雅克·欧迪亚'],['121'],"['09', '10']","['约翰·C·赖利', '杰昆·菲尼克斯', '杰克·吉伦哈尔', '里兹·阿迈德', '卡罗尔·凯恩', '鲁特格尔·哈尔', '克瑞德·布拉顿', '约翰内斯·豪克尔·约翰内森', '尼尔斯·阿贺斯图普', '莱克茜·本博-哈特', '丽贝卡·鲁特', '菲利普·罗施', '邓肯·拉克鲁瓦', '伊恩·雷迪丁顿', '阿尔多·马兰']",['希斯特斯兄弟 The Sisters Brothers'],"['犯罪', '西部', '冒险']",['7.7'],['8255'],[' 英语']
[' 乌拉圭 / 西班牙 / 阿根廷 / 法国 / 德国'],['阿尔瓦罗·布雷克纳'],['122'],"['09', '11']","['安东尼奥·德·拉·托雷', '奇诺·达林', '阿方索·托特', '凯撒·特龙科索', '索蕾达·维拉米尔', '西尔维娅·佩雷斯·克鲁兹', '米涅娜·帕斯夸尔', '尼迪亚·泰勒斯', '凯撒·博尔东']",['地牢回忆 La noche de 12 años'],"['剧情', '历史', '犯罪']",['7.7'],['1659'],[' 西班牙语']
[' 阿根廷 / 西班牙'],['路易斯·奥特加'],['118'],"['05', '08']","['洛伦佐·法罗', '奇诺·达林', '丹尼尔·凡尼戈', '梅赛黛斯·莫朗', '玛莱娜·维拉', '塞西莉亚·罗特', '索菲亚·伊内斯·托尔内', '皮特·蓝萨尼', '马塞洛·坎切米', '路易斯·尼科', '威廉·普罗赛克']",['死亡天使 El ángel'],"['剧情', '同性', '传记', '犯罪']",['7.4'],['4718'],[' 西班牙语']
[' 西班牙'],['哈维尔·费舍尔'],['124'],['04'],"['哈维尔·古铁雷斯', '雅典娜·玛塔', '胡安·马加略', '路易莎·加瓦萨', '路易斯·贝尔梅霍', '丹尼尔弗莱雷', '胡利奥·费尔南德斯', '维森特·希尔', '伊西娅尔·卡斯特罗', '查尼·马丁', '哈维尔·费舍尔']",['篮球冠军 Campeones'],"['剧情', '喜剧', '运动']",['7.3'],['2315'],[' 西班牙语']
[' 阿根廷 / 西班牙'],['加斯顿·杜帕拉特'],['100'],"['08', '11']","['安德列·阿卡托', '卢卡斯·阿兰达', '劳尔·阿雷瓦洛', '艾哈迈迪·阿齐姆', '路易斯·布兰多尼', '古勒莫·法兰塞拉', '安德丽娅·弗里杰里奥']",['亡命大画家 Mi obra maestra'],['喜剧'],['7.3'],['560'],[' 西班牙语']
[' 西班牙'],['玛·塔尔加纳'],['110'],['10'],"['马里奥·卡萨斯', '理查德·范·韦登', '阿兰·埃尔南德斯', '阿德里亚·萨拉查', '爱德华·布赫', '斯特凡·韦纳特', '弗兰克·费斯', '卢卡·佩洛斯', '玛卡蕾娜·戈麦斯', '丹尼斯·乌伊洛基', '玛丽安·科奇什']",['集中营里的摄影师 El fotógrafo de Mauthausen'],"['传记', '历史', '战争']",['7.2'],['659'],[' 西班牙语']
[' 西班牙 / 比利时 / 法国 / 葡萄牙 / 英国'],['特瑞·吉列姆'],['132'],"['05', '06']","['亚当·德赖弗', '欧嘉·柯瑞兰寇', '乔纳森·普雷斯', '斯特兰·斯卡斯加德', '奥斯卡·贾恩那达', '杰森·沃特金斯', '塞尔希·洛佩斯', '詹迪·莫拉', '特瑞·吉列姆', '霍威克·库区科利安', '阿尔维托·乔·李', '威廉·米勒', '萝西·德·帕尔马', '布鲁诺·塞维利亚']",['这个男人来自疯狂世界 El hombre que mató a Don Quijote'],"['剧情', '喜剧', '奇幻', '冒险']",['6.9'],['1789'],[' 英语 / 西班牙语']
[' 西班牙'],['Manolo Munguia'],['105'],['10'],"['Rubèn Serrano', 'Roc Esquius', 'Míriam Tortosa']",['密码秘战 H0us3'],"['科幻', '惊悚']",['6.8'],['89'],[' 西班牙语']
[' 西班牙'],"['凯撒·埃斯特万·阿伦达', '何塞·埃斯特万·阿伦达']",['96'],['04'],"['哈维尔·苏亚雷伊', '玛利亚·莱昂', 'Juan Carlos Sánchez', '玛丽·帕斯·德萨亚戈', 'Paco Ochoa', 'Roberto Campillo', 'Asencio Salas']",['并非尽头 Sin fin'],"['剧情', '爱情', '科幻']",['6.7'],['70'],[' 西班牙语']
[' 西班牙'],['Zoe Berriatúa'],['85'],['08'],"['玛卡蕾娜·戈麦斯', '英格丽·加西亚·荣松', '基蒂·曼维尔']",['天上的星星 En las estrellas'],"['喜剧', '奇幻']",['6.7'],['115'],[' 西班牙语']
[' 西班牙'],['丹尼·德拉托雷'],['126'],['10'],"['Jaime Lorente', '威廉·米勒', '帕科·图斯', '米歇尔·珍娜', '路易斯·托萨尔', '欧内斯特·艾戴里欧', '阿德里亚娜·托雷维哈诺', '曼诺罗·索洛', '费尔南多·卡约', '文森特·罗米洛', 'José Manuel Poga', '佩普·托萨', 'Paula del Río', '里卡多·德巴雷罗', 'Xosé Barato']",['法律的阴影 La sombra de la ley'],['惊悚'],['6.7'],['300'],[' 西班牙语']
[' 西班牙'],['伊萨基·拉库埃斯塔'],['136'],['09'],"['伊瑟尔·戈麦斯·罗梅罗', 'Francisco José Gómez Romero', 'Óscar Rodríguez']",['两片水域之间 Entre Dos Aguas'],['剧情'],['6.7'],['88'],[' 西班牙语']
[' 美国 / 西班牙'],['胡安·安东尼奥·巴亚纳'],['128'],"['06', '06']","['克里斯·帕拉特', '布莱丝·达拉斯·霍华德', '贾斯蒂斯·史密斯', '伊莎贝拉·瑟蒙', '拉菲·斯波', '托比·琼斯', '泰德·拉文', '詹姆斯·克伦威尔', '黄荣亮', '丹妮艾拉·皮内达', '杰拉丁·卓别林', '杰夫·高布伦', '卡米尔·雷米泽斯基', '丹尼尔·斯蒂森', '皮特·杰森', '迈克尔·帕帕约翰', '罗伯特·埃姆斯', '罗南·萨莫尔斯', '麦克斯·贝克', '丹尼尔·厄根', '戴维·奥拉瓦莱·阿印德']",['侏罗纪世界2 Jurassic World: Fallen Kingdom'],"['动作', '科幻', '冒险']",['6.7'],['281409'],[' 英语']
[' 西班牙'],['Telmo Esnal'],['98'],['09'],[],['纵舞欢歌 Dantza'],"['剧情', '歌舞']",['6.7'],['85'],[' 西班牙语']
[' 西班牙'],['阿兰查·艾奇瓦莉亚'],['103'],"['04', '05']","['赛依拉·罗梅罗', '罗西·罗德里格斯', '莫雷诺·博尔哈', '拉菲拉·勒恩', 'Carolina Yuste', '安东尼奥·埃雷迪亚', 'Susana Campos', 'Juan José Jiménez', '卢卡斯·埃雷迪亚', 'Jacqueline Jiménez', 'Javier I. Bustamante']",['卡门和罗拉 Carmen y Lola'],"['剧情', '爱情']",['6.6'],['301'],[' 西班牙语']
[' 西班牙'],['拉蒙·萨拉萨尔'],['113'],"['02', '02']","['巴巴拉·莱涅', '苏西·桑切斯']",['周日的忧郁 La enfermedad del domingo'],['剧情'],['6.6'],['146'],[' 西班牙语']
[' 西班牙 / 立陶宛'],['哈西奥·巴尼奥'],['83'],['08'],"['Diego Anido', 'Celso Bugallo', '塔玛拉·卡诺萨', '玛丽雅·瓦兹盖兹']",['跑马 Trote'],['剧情'],['6.5'],['146'],[' 加里西亚语']
[' 西班牙 / 葡萄牙 Portugal'],['阿尔伯特·塞拉'],['61'],['07'],['Lluís Serrat'],['太阳王 Roi Soleil'],['剧情'],['6.5'],['68'],[' 无对白']
[' 西班牙'],['卡洛斯·贝尔穆德'],['125'],"['09', '10']","['纳瓦·尼姆利', '卡梅·埃利亚斯', '纳塔利娅·德·莫利纳', '胡里安·毕亚格兰', 'Eva Llorach', 'Inma Cuevas', 'Ignacio Mateos', '维多利亚·恩唐戈', 'Catalina Sopelana']",['歌从何处来 Quién te cantará'],['剧情'],['6.5'],['163'],[' 西班牙语']
[' 西班牙'],['胡里奥·密谭'],['135'],['10'],"['阿尔瓦罗·塞万提斯', '乌苏拉·科尔维罗', '帕特里夏·洛佩斯', '华金·弗里尔', '露西娅·德尔加多', '卢卡·佩洛斯', '纳瓦·尼姆利', '丹尼尔·格劳', '路易莎·加瓦萨', '埃米利奥·古铁雷斯·卡巴', '安赫拉·莫利纳', '乔瑟普·马利亚·波乌', '玛利亚·莫林斯', '克拉拉·巴迪奥拉', '费利克斯·阿卡拉佐']",['血脉之树 El Árbol de la Sangre'],['剧情'],['6.4'],['383'],[' 西班牙语']
[' 西班牙'],['埃琳娜·特拉普'],['99'],"['04', '09']","['Alexandra Jiménez', 'Miki Esparbé', 'Isak Férriz']",['最熟悉的陌生人 Las Distancias'],['剧情'],['6.3'],['65'],[' 西班牙语']
[' 西班牙'],['丹尼尔·蒙宗'],['129'],['08'],"['路易斯·托萨尔', '罗德里戈·德拉·塞尔纳', '斯蒂芬妮·卡约', '琼·佩拉', '格洛里亚·穆诺兹', '艾丽西亚·费尔南德斯']",['骗徒奇遇记 Yucatán'],['喜剧'],['6.3'],['146'],[' 西班牙语']
[' 西班牙'],['格拉西亚·克雷赫塔'],['98'],['10'],"['玛丽维尔·贝尔杜', '胡安娜·阿科斯塔', '宝拉·艾切瓦莉亚', '路易斯·托萨尔', '哈维尔·卡马拉', '劳尔·阿雷瓦洛', '安东尼奥·雷西内斯', '诺拉·纳瓦斯', 'Raúl Peña', 'Miguel Bernardeau', 'Mikel Tello']",['犯罪浪潮 Ola de crímenes'],"['喜剧', '犯罪']",['6.3'],['80'],[' 西班牙语']
[' 西班牙 / 法国'],['罗德里戈·索罗戈延'],['122'],"['09', '09']","['安东尼奥·德·拉·托雷', '莫妮卡·洛佩斯', '巴巴拉·莱涅', '纳乔·弗雷斯内达', '阿娜·瓦格纳', '路易斯·扎赫拉', '弗朗西斯科·雷耶斯', '玛丽亚·德·纳蒂', '豪尔赫·苏克特', '乔瑟普·马利亚·波乌', 'David Lorente', 'Andrés Lima']",['王国 El reino'],"['剧情', '惊悚']",['6.2'],['442'],[' 西班牙语']
[' 西班牙'],['圣地亚哥·塞古拉'],['87'],['03'],"['玛丽维尔·贝尔杜', '迭戈·马丁', '冬妮·阿科斯塔']",['直率症 Sin rodeos'],['喜剧'],['6.2'],['246'],[' 西班牙语']
[' 西班牙 / 法国'],['米古尔·安格尔·维瓦斯'],['103'],['10'],"['何塞·科罗纳多', '阿娜·瓦格纳', 'Asia Ortega', 'Pol Monen', '艾斯特·爱珀斯托', 'Marco H. Medina', 'Gonzalo Hermoso', 'Sergio Castellanos', '路易斯·贝尔梅霍', 'Ramiro Alonso', '文森特·罗米洛', 'Sauce Ena']",['你的儿子 Tu hijo'],['剧情'],['5.9'],['57'],[' 西班牙语']
[' 西班牙 / 法国'],['阿斯哈·法哈蒂'],['133'],"['05', '09']","['哈维尔·巴登', '佩内洛普·克鲁兹', '里卡多·达林', '巴巴拉·莱涅', '埃尔薇拉·明戈斯', '茵玛·奎斯塔', '爱德华·费尔南德斯', '拉蒙·巴雷阿', '卡拉·坎普拉']",['人尽皆知 Todos lo saben'],"['剧情', '悬疑']",['5.9'],['969'],[' 西班牙语 / 英语']
[' 西班牙'],['费尔南多·科洛莫'],['90'],['03'],"['帕科·莱昂', '卡门·马奇']",['我的妈咪金摇摆 la tribu'],['喜剧'],['5.7'],['67'],[' 西班牙语']
[' 西班牙'],"['Norberto López Amado', 'Sara']",['115'],['02'],"['贝伦·鲁埃达', '马诺洛·卡多纳', 'Florin Opritescu', '恩里克·洛维索', '玛丽安·阿尔瓦雷斯', 'Ivan Mendes']",['莎拉的笔记本 El cuaderno de Sara'],"['惊悚', '冒险']",['5.7'],['188'],[' 西班牙语']
[' 西班牙'],['丹尼尔·卡尔帕索罗'],['92'],['03'],"['劳尔·阿雷瓦洛', '奥拉·加里多', '雨果·阿布斯', '贝伦·奎斯塔', '安东尼奥·德琴特', '埃托尔·卢纳', '帕特里夏·维柯', '路易斯·卡叶赫', '胡丽叶塔·塞拉诺', '豪尔赫·乌松']",['警告 El aviso'],"['剧情', '惊悚']",['5.6'],['1803'],[' 西班牙语']
[' 西班牙 / 阿根廷 / 乌拉圭'],['古斯塔沃·埃尔南德斯'],['106'],['06'],"['贝伦·鲁埃达', '艾娃·德·多米尼奇', '纳塔利娅·德·莫利纳', '日尔曼·帕拉西奥斯', '尤金尼亚·托巴尔', '胡安·曼努尔·圭雷拉', '玛丽亚·扎比', '玛利亚·阿尔方萨·罗索']",['无眠夜 No dormirás'],['恐怖'],['5.5'],['424'],[' 西班牙语']
[' 西班牙'],['马特奥·希尔'],['100'],"['03', '04']","['Berta Vázquez', '伊琳娜·埃斯柯拉', '奇诺·达林']",['爱情热力学定律 Las leyes de la termodinámica'],['喜剧'],['5.4'],['135'],[' 西班牙语']
[' 西班牙'],['哈维尔·鲁伊斯·卡尔德拉'],['108'],['11'],"['丹尼·罗维拉', '玛丽维尔·贝尔杜', '亚历山德拉·希门内斯']",['超级洛佩兹 Superlópez'],['喜剧'],['5.2'],['135'],[' 西班牙语']
[' 西班牙'],['Clara Martínez-Lázaro'],['96'],"['04', '04']","['西尔维亚·阿隆索', '巴巴拉·戈纳加', 'Vito Sanz', '玛利亚·艾丝蒂芙', '安东尼奥·雷西内斯']",['成长难题 Hacerse mayor y otros problemas'],"['剧情', '喜剧', '爱情']",['5.1'],['158'],[' 西班牙语']
[' 西班牙 / 加泰罗尼亚 / 阿尔巴尼亚'],['Nacho Ruipérez'],['109'],['11'],"['莱昂纳多·斯巴拉格利亚', 'Michel Noher', '扬·科奈特', '伊莲娜·乔瓦诺娃', '内斯琳·彻瓦泽德', '安娜·托伦特']",['发掘真相 El desentierro'],['剧情'],['4.8'],['75'],[' 西班牙语 / 加泰罗尼亚语']
[' 西班牙 / 加泰罗尼亚 / 阿尔巴尼亚'],['Nacho Ruipérez'],['109'],['11'],"['莱昂纳多·斯巴拉格利亚', 'Michel Noher', '扬·科奈特', '伊莲娜·乔瓦诺娃', '内斯琳·彻瓦泽德', '安娜·托伦特']",['发掘真相 El desentierro'],['剧情'],['4.8'],['75'],[' 西班牙语 / 加泰罗尼亚语']
[' 西班牙 / 比利时'],"['Jose F. Ortuño', 'Laura Alvea']",['83'],['10'],"['Ángela Molina', 'Luis Bermejo', 'Iván Pellicer', 'Chacha Huang', 'Clare Durant', 'Liz Lobato']",['灵魂生死线 Ánimas'],"['惊悚', '恐怖']",['4.5'],['81'],[' 西班牙语']
[' 西班牙'],['Hugo Stuven'],['91'],['08'],"['奥拉·加里多', 'Alain Hernández']",['碧海逃生 Solo'],['冒险'],['4.3'],['209'],[' 西班牙语']
[' 西班牙'],['Gonzalo Bendala'],['91'],['09'],"['Julián Villagrán', 'Ester Expósito', 'Marian Álvarez', 'Sira Alonso', 'Asia Ortega', 'Daniel Jumillas', 'Christian Mulas']",['当天使沉睡 Cuando los ángeles duermen'],"['剧情', '惊悚']",['4.2'],['306'],[' 西班牙语']
[' 西班牙'],['David Victori'],['106'],['07'],"['贝伦·鲁埃达', 'Mireia Oriol', '达里奥·格兰迪内蒂', ""Antonio Durán 'Morris'"", '乔斯因·本格特伊', 'Carlus Fàbrega', 'Vanessa Buchaca', 'Sebastian Montecino']",['协议 El pacto'],['惊悚'],['4.2'],['136'],[' 西班牙语']
[' 多米尼加 / 西班牙'],['Leticia Tonos'],[],['12'],"['Cheddy García', '费尔南多·巴尔维德', 'Milly Quezada', 'Carasaf Sanchez', 'Ruth Emeterio', 'Enrique Quailey', 'Luis Cruciel', 'Jacqueline Estrella', 'Laura Lebrón', 'Mario Lebrón']",['Juanita'],"['剧情', '喜剧']",[''],[],[' 西班牙语']
[' 西班牙'],['Rubén Arnaiz'],[],[],[],['埃里亚 Erial'],"['科幻', '恐怖']",[''],[],[' 西班牙语']
[' 阿根廷 Argentina / 法国 / 西班牙'],['Carlos Lascano'],['29'],['03'],"['Lalo Alias', 'Teo Carrer', 'Daniel Coelho']",['The Puppeteer'],[],[''],[],[' 西班牙语']
[' 西班牙'],['Jaume Najarro'],[],['04'],"['Jack Queralt', 'Yeray Ortega', 'Rafa Delacroix']",['Capa Negra'],['历史'],[''],[],[' Catalan']
[' 丹麦 / 西班牙'],['Martin Miehe-Renard'],['90'],['06'],"['Laura Lavigné Bie-Olsen', 'Martin Brygmann', 'Maria Erwolter', 'Jannie Faurschou']",['四个孩子的父亲在阳光下 Far til fire i solen'],['家庭'],[''],[],[' 丹麦语']
[' 比利时 / 西班牙 / 卢森堡'],['Sarah Hirtt'],[],['10'],"['Ivan Altimira', 'Raphaëlle Corbisier', '布鲁娜·库希', 'Marta Durruti', 'Rafael Espinosa', 'Oscar Garcia Martin', 'Diana Gilpiera', 'Andreu Kreutzer', '玛利亚·莱昂', '哈娜·索菲亚·洛佩斯', '塞尔希·洛佩斯', '费米·雷克萨奇']",['Escapada'],"['剧情', '喜剧']",[''],[],[' 西班牙语 / 法语']
[' 西班牙'],['Juan Manuel Cotelo'],['107'],['11'],"['Santi Rodríguez', 'Daniel Ruizar', 'Joe Gómez', 'Carlos Aguillo', 'Carlos Chamarro', 'Juan Manuel Cotelo', 'Paco Estellés', 'Charo Gabella', 'Saskia Guanche', 'Jorge García Guerrero', 'Alejandro Navarro', 'Inés Sájara']",['El mayor regalo'],"['剧情', '喜剧', '西部']",[''],[],[' 英语 / 西班牙语 / 法语']
[' 西班牙'],['Ibón Cormenzana'],[],['11'],"['罗伯托·阿拉莫', '曼努埃拉·贝列斯', '克劳蒂亚·普莱瑟']","['Alegría, tristeza']",['剧情'],[''],[],[' 西班牙语']
[' 西班牙'],['Joan Porcel'],['20'],[],[],['El tercer paisaje'],[],[''],[],[]
[' 西班牙'],['Gemma Blasco'],[],[],[],['Malnascuts'],[],[''],[],[]
[' 西班牙'],[],[],[],[],['El escarabajo al final de la calle'],[],[''],[],[]
[' 西班牙'],[],[],[],[],['Somni de lEstany'],[],[''],[],[]
[' 西班牙'],['Luis Macías'],['18'],[],[],['the eyes empty and the pupils burning with rage and desire'],[],[''],[],[' 无对白']
[' 西班牙'],['Andrew Tarbet'],[],[],[],['Tomorrow'],[],[''],[],[]
[' 西班牙'],['Maria Hespanhol'],[],[],[],['Summerfest'],[],[''],[],[]
[' 西班牙'],['Ferran Navarro-Beltrán'],[],[],[],['Nomeolvides'],[],[''],[],[]
[' 西班牙'],['Daniel Olmos Ochoa'],[],[],[],['Nómada'],[],[''],[],[]
[' 西班牙'],[],[],[],[],"['Peret, yo soy la rumba']",[],[''],[],[]
[' 西班牙 / 巴拿马 / 巴西'],['Frank Spano'],[],[],"['Luis Fernandez', 'Mimí Lazo', 'Arturo Montenegro', '亚历克斯·欧多赫德', 'Ana Maria Perez', 'William Kalinak', 'Roberto Birindelli', 'Fabiola Candido', 'Robin Duran', 'Matt Ferro', 'Ramiro Meneses', 'RoChia', 'María Cecilia Sánchez', 'Jose Fernando Muniz', 'Bernardo Kenny', 'Leo Wiznitzer', 'Henry Twohy', ""Robert O'Neill Jr."", 'Santiago Perez']",['Humanpersons'],"['剧情', '惊悚']",[''],[],[' 英语']
[' 西班牙'],"['博尔哈·科贝亚加', 'Borja Echevarría']",['61'],[],"['Koldo Almandoz', 'Isa Campo', '茵玛·奎斯塔']",['Festival de Cine de San Sebastián 2018 - Gala de clausura'],[],[''],[],[' 英语 / 西班牙语']
[' 西班牙'],['Javier Alba'],['90'],[],"['Paula Ribó', 'Josep Maria Alejandre']",['你是谁 Quién eres'],"['剧情', '惊悚']",[''],[],[' 西班牙语 / 英语']
[' 西班牙'],['路易斯·帕提诺'],[],[],[],['Tempo Vertical'],['剧情'],[''],[],[' 西班牙语']
[' 西班牙'],['Roberto Bueso'],['90'],[],"['Enric Benavent', 'Carlo Blanco', 'Gonzálo Fernández', 'Xavi Giner', 'Pepo Llopis', 'Baiana Plana', 'Hugo Rubert', '茵玛·桑乔', '夏洛特·维嘉']",['La Banda'],['剧情'],[''],[],[' 加泰罗尼亚语 / 西班牙语']
[' 西班牙'],['Sonia Escolano'],['104'],[],"['Eudald Font', 'Haydée Lysander', 'Pablo Suárez']",['Casa de sudor y lágrimas'],"['剧情', '悬疑', '惊悚']",[''],[],[' 西班牙语 / 法语']
[' 西班牙'],['Lázaro Louzao'],['84'],[],"['Sabela Arán', 'Ademar Silvoso', 'Brais Yanek']",['11月9日 Nove de novembro'],['同性'],[''],[],[' 西班牙语']
[' 西班牙'],[],[],[],[],['Akemarropa'],[],[''],[],[]
[' 西班牙'],['Fermín Muguruza'],['87'],[],"['玛丽亚·德·梅黛洛', '伊萨赫·德·班克尔', '塞尔希·洛佩斯']",['间谍行动 Black is Beltza'],['动画'],[''],[],[' 西班牙语']
[' 西班牙 / 英国'],['Abraham López Guerrero'],[],[],[],['The Impossible Journey'],"['喜剧', '动画', '冒险']",[''],[],[]
[' 委内瑞拉 / 西班牙'],['Miguel Ferrari'],['117'],[],"['Prakriti Maduro', 'Mariaca Semprún', '玛丽亚·巴兰科', 'Luis Gerónimo Abreu', 'Albi De Abreu', 'Juan Jesús Valverde', 'María Cristina Lozada', 'Héctor Manrique', 'Nohely Arteaga', 'Aminta de Lara', 'Hilda Abrahamz']",['La noche de las dos lunas'],['剧情'],[''],[],[' 西班牙语']
[' 阿根廷 / 西班牙'],['Francisco Marise'],[],[],[],['为了战争 PARA LA GUERRA'],[],[''],[],[]
[' 西班牙'],['何塞·路易斯·加尔西'],[],[],"['宝拉·艾切瓦莉亚', '米格尔·安赫尔·穆尼奥斯', 'Belén López', '维克托克拉维霍', '菲奥雷利亚·法尔托亚诺']","['Areta, investigación']",['惊悚'],[''],[],[' 西班牙语']
[' 德国 / 西班牙 / 美国'],['Marcel Walz'],['75'],[],"['Roland Freitag', 'Enya Maria Tames', 'Daniel Zille Jr.']",['#funnyFACE'],"['喜剧', '恐怖']",[''],[],[' 英语']
[' 西班牙'],['Jon Mikel Caballero'],[],[],"['Iria del Río', 'Adam Quintero', '纳迪娅·德·圣地亚哥', '阿德里安·艾克斯波西多', 'Jimmy Castro', 'Irene Ruiz', '路易斯·托萨尔']",['El increíble finde menguante'],[],[''],[],[' 西班牙语']
[' 西班牙'],['Victor Cabaco'],['92'],[],"['米克尔·伊格莱西亚斯', 'Amaia Aberasturi']","['Vitoria, 3 de marzo']",['剧情'],[''],[],[' 西班牙语']
[' 西班牙'],['Armand Rovira'],['80'],[],"['Xavi Sáez', 'Almar G. Sato']",['Letters to Paul Morrissey'],['剧情'],[''],[],[' 英语 / 德语 / 日语']
[' 西班牙'],['Rafael Ruiz Ávila'],['83'],[],[],['橙花 Azahar'],['动画'],[''],[],[' 西班牙语']
[' 西班牙'],[],[],[],[],['Cain'],[],[''],[],[]
[' 西班牙'],['Dani de la Orden'],[],['07'],"['西尔维娅·阿夫里尔', '冬妮·阿科斯塔', 'Fabia Castro', 'Maggie Civantos', 'Juana Cordero', '安东尼奥·德琴特', 'Stephanie Gil', 'Yaiza Guimaré', 'Leo Harlem', '格拉西亚·奥拉约', 'Isabel Ordaz', 'Salva Reina', '贝尔托·罗梅罗', 'Alejandro Serrano', '娜塔丽·塞瑟尼亚']",['小尼古拉斯的夏天 El mejor verano de mi vida'],[],[''],[],[' 西班牙语']
[' 西班牙'],[],[],[],[],['Radical Eye: The Life and Times of Tina Modotti'],[],[''],[],[]
[' 西班牙 / 阿根廷 Argentina / 法国'],['Meritxell Collel Aparicio'],['108'],"['02(柏林电影节)"">2018']","['Mónica García', 'Concha Canal', 'Ana Fernández']",['迎风而行 Con el viento'],['剧情'],[''],[],[' 西班牙语']
[' 西班牙'],"['ISO Luengo', 'Andrea Ballesteros I Beato', 'Jorge Moneo Quintana']",[],[],[],['内陆城市 The Interior City'],[],[''],[],[]
[' 西班牙'],['Sergio Barrejón'],[],[],"['胡安娜·阿科斯塔', 'Maika Barroso', '乔斯因·本格特伊', '路易斯·卡叶赫', 'Dalila Carmo', ""Carlo D'Ursi"", 'Adam Jeziersky', 'Sergio Quintana', 'Bárbara Santa Cruz']",['贵人的贵人 Jefe'],['喜剧'],[''],[],[' 西班牙语']
[' 意大利 / 西班牙'],['Fabrizio Ferraro'],['111'],[],"['Vicenç Altaió', 'Bruno Duchêne', 'Euplemio Macri', 'Pau Riba', 'Marco Teti', 'Catarina Wallenstein']",['多余的欧洲 Gli Indesiderati d&#39;Europa'],"['剧情', '历史']",[''],[],[' 法语']
[' 阿根廷 / 西班牙'],[],[],[],"['奥斯卡·马丁内兹', '华金·弗里尔', '索蕾达·维拉米尔']",['黑暗建筑 Las grietas de Jara'],"['剧情', '悬疑', '惊悚']",[''],[],[' 西班牙语']
[' 西班牙'],['大卫·特鲁埃瓦'],['87'],"['04', '06']","['露西亚·吉迈内兹', '费南多·拉马洛', 'Vito Sanz', 'Carolina África']",['年近40 Casi 40'],"['剧情', '喜剧', '爱情']",[''],[],[' 西班牙语']
[' 西班牙'],['西莉亚·里科·克拉维诺'],['90'],"['09(圣塞巴斯蒂安电影节)"">2018']","['安娜·卡斯蒂罗', '洛拉·杜埃尼亚斯', '佩德罗·卡萨布兰科', '阿德尔法·卡尔沃', 'Ana Mena', 'Susana Abaitua', 'Marisol Membrillo', 'Maika Barroso', 'Silvia Casanova', 'Noemí Hopper', 'Lucía Muñoz Durán']",['在母亲房间的旅程 Viaje al cuarto de una madre'],['剧情'],[''],[],[' 西班牙语']
[' 西班牙 / 阿根廷'],['Alejandro Montiel'],['103'],['04'],"['佩德罗·卡萨布兰科', '阿玛雅·萨拉曼卡', '露易丝安娜·洛佩拉托', 'Sara Sálamo']",['科妮莉亚 Perdida'],"['惊悚', '犯罪']",[''],[],[' 西班牙语']
[' 西班牙'],['David Sousa Moreau'],['101'],['12'],"['莱昂德洛·里维拉', '费莱·马丁内斯', 'Gorka Otxoa', '霍威克·库区科利安', '胡安·巴勃罗·舒克', 'Cecilia Freire']",['机动劫案 Reevolution'],"['剧情', '动作', '犯罪']",[''],[],[' 西班牙语']
[' 西班牙 / 古巴 / 英国 / 德国'],['伊西亚尔·博利亚因'],[],"['09', '12']","['卡洛斯·阿科斯塔', 'Santiago Alfonso', 'Keyvin Martínez', 'Edlison Manuel Olbera Núñez', 'Laura De la Uz', 'Yerlín Pérez', 'Mario Elias', 'Andrea Doimeadiós', 'Cesar Domínguez', 'Yailene Sierra', '卡斯特罗']",['尤利 Yuli'],"['剧情', '音乐', '传记']",[''],[],[' 西班牙语 / 英语']
[' 西班牙'],['米格尔·安赫尔·拉马塔'],['103'],['08'],"['Julio Bohigas-Couto', '米伦·梅耶', '冬妮·阿科斯塔']",['足球运动员 Los Futbolísimos'],"['喜剧', '运动']",[''],[],[' 西班牙语']
[' 西班牙'],['西尔维亚·奎尔'],['90'],['11'],"['Elena Martín', '诺拉·纳瓦斯', '阿莱克斯·莫尔纳', '布鲁娜·库希', 'Julio Manrique', '哈维尔·贝尔特兰', '玛尔塔·拉腊德', 'Sergio Caballero', 'Sergi Calleja', 'Lara Díez', 'Iris Lezcano', 'Angelina Llongueras', 'María Maroto', 'Xavi Sáez', 'Àlvar Triay', '巴勃罗·德尔基']",['时代新女性 La dona del segle'],['剧情'],[''],[],[' 加泰罗尼亚语 / 西班牙语']
[' 乌拉圭 / 墨西哥 / 西班牙'],['Federico Veiroj'],['74'],['09'],"['Gonzalo Delgado', 'Olivia Molinaro Eijo', 'Jeannette Sauksteliskis']",['贝尔蒙特 Belmonte'],"['剧情', '喜剧']",[''],[],[' 西班牙语']
[' 西班牙 / 法国 / 丹麦'],['海梅·罗萨莱斯'],['43'],"['05', '10']","['巴巴拉·莱涅', '亚历克斯·布伦德缪尔', '玛丽萨·帕雷德斯', '佩特拉·马丁内斯', '娜塔莉·玛杜诺', 'Oriol Pla', 'Chema del Barco', 'Carme Pla', 'Joan Botey']",['佩特拉 Petra'],['剧情'],[''],[],[' 西班牙语 / 加泰罗尼亚语']
[' 西班牙'],['科尔多·塞拉'],[],[],"['乌戈·席尔瓦', '埃玛·苏亚雷斯', '娜塔莉·波萨', '巴巴拉·戈纳加', '丹尼尔·佩雷兹·普拉达', 'Susana Abaituna Gómez', '坎迪多·乌兰加', 'Alexandra Prokhorova', 'Richard Sahagún', 'Fernando Albizu']",['逆转劫局 70 Binladens'],['惊悚'],[''],[],[' 西班牙语']
[' 西班牙'],['Nicolás Pacheco'],['97'],['10'],[],['牢笼 Jaulas'],['惊悚'],[''],[],[' 西班牙语']
[' 西班牙 / 冰岛'],"['Richard García, Raúl Portero']",['70'],[],"['Fanny Gautier', 'David Krohnert', 'Nacho San José']",['冰之岛 Grimsey'],"['剧情', '同性']",[''],[],[' 西班牙语 / 英语 / 冰岛语']
[' 西班牙'],[],[],[],[],['我亲爱的兄弟会 Mi querida cofradía'],[],[''],[],[]
[' 西班牙'],[],[],[],[],['Bocadillo'],[],[''],[],[]
[' 西班牙'],['何塞·路易斯·奎尔达'],[],[],"['布兰卡·苏亚雷斯', 'Anthony De La Torre', '罗伯托·阿拉莫', 'Secun de la Rosa']",['时间已过 Tiempo después'],['喜剧'],[''],[],[' 西班牙语']
[' 西班牙'],['Eugenio Canevari'],['82'],[],"['Stella Maris Santo', 'Francisco Dominguez', 'Valeria Ballerini']",['FIGURES'],[],[''],[],[]
[' 德国 / 西班牙'],['Erec Brehmer'],['89'],[],[],['La Palma'],[],[''],[],[' 德语']
[' 西班牙'],"['Xesc Cabot', 'Pep Garrido']",['97'],[],[],['Sense sostre'],['剧情'],[''],[],[' 西班牙语']
[' 西班牙'],['Miguel Parra'],['18'],['01'],"['哈维·卡侬', 'Edu Díaz', '哈维尔·戈迪诺', 'Úrsula Gutiérrez', '娜特丽·马泰奥', 'Miguel Pancorbo', 'Iria Parada', 'Roman Reyes']",['维罗妮卡的花园 el jardin de vero'],[],[''],[],[' 西班牙语']
[' 西班牙'],['阿莱霍·莫雷诺'],['101'],['09'],"['Ana Rujas', 'Jorge roldan', 'Laura Ledesma', 'Lucio Romero', 'Cayetana Cabezas']",['戴安娜 Diana'],['惊悚'],[''],[],[' 西班牙语']
[' 西班牙 / 保加利亚 Bulgaria'],['罗伯托·阿尔瓦雷斯'],[],['11'],"['贝伦·鲁埃达', 'Pol Monen', '卡洛斯·桑托斯', '娜塔莉亚·罗德里奎']",['Simiente y Reja'],['惊悚'],[''],[],[' 西班牙语']
[' 西班牙'],['埃米利奥·马丁内斯·拉萨罗'],[],['12'],"['米歇尔·珍娜', '丹尼·罗维拉', '安东尼奥·雷西内斯', '安东尼奥·德琴特', 'Will Shephard', 'Vito Sanz', 'Lucía Delgado', 'Pablo Carbonell', 'Pilar Calvo Morillas', '纳乔·G·贝利利亚', '丹尼尔·佩雷兹·普拉达', 'Javivi', 'Maite Sandoval', 'Santiago Alverú', 'María Hinojosa']",['Miamor perdido'],['喜剧'],[''],[],[' 西班牙语']
[' 西班牙'],['Jota Linares'],[],[],"['丹尼尔·格劳', '纳塔利娅·德·莫利纳', '玛利亚娜·科德罗']",['Animales sin collar'],['惊悚'],[''],[],[]
[' 西班牙'],['Koldo Almandoz'],[],[],[],['漂泊山丘 Oreina'],['剧情'],[''],[],[]
[' 西班牙 / 阿根廷'],['Eugenio Canevari'],[],[],"['Adrià Sánchez-Campo', 'Judith Dalmau', 'Laura Esteve Reig']",['真实家庭图 FIGURAS'],[],[''],[],[]
[' 西班牙 / 阿根廷'],['Igor Legarreta'],[],['02'],"['Eneko Sagardoy', '米奇·艾斯巴尔贝', '安东尼奥·德琴特', '华金·克莱门特', 'Eduardo Blanco', '伊西娅尔·艾斯普鲁', 'Mario Pardo']",['Cuando dejes de quererme'],"['剧情', '惊悚']",[''],[],[' 西班牙语']
[' 西班牙'],"['Sèbastien Montaz-Rosset', 'Josep Serra']",['84'],['03'],"['Kilian Jornet', 'Sèbastien Montaz-Rosset', 'Jordi Canals', 'Jordi Tosas', '赖因霍尔德·梅斯纳', 'Núria Burgada Buron', 'Bruno Brunod', 'Stephane Brosse', 'Emelie Forsberg', 'Peter Habeler', 'Vivian Bruchez', 'Rubén Massarelli']",['巅峰人生 Kilian Jornet : Path to Everest'],[],[''],[],[' 英语 / 西班牙语 / 法语']
[' 西班牙'],['Natalia Marín'],['13'],['08'],[],['胡里奥·伊格莱西亚斯的房子 La casa de Julio Iglesias'],[],[''],[],[' 英语']
[' 美国 / 西班牙'],['安东尼奥·班德拉斯'],[],[],['安东尼奥·班德拉斯'],['索洛 Solo'],"['剧情', '科幻', '惊悚']",[''],[],[' 英语']
[' 多米尼加共和国 / 西班牙'],"['Natalia Cabral', 'Oriol Estrada']",['90'],[],[],['米莉亚姆的谎言 Miriam miente'],[],[''],[],[]
[' 挪威 / 西班牙 / 美国'],"['Gudmund Sand', 'Haakon Sand']",['50'],[],[],['My Guernica'],"['剧情', '历史', '战争']",[''],[],[' 挪威语']
