地区,导演,时长,月份,演员,电影名,类型,评分,评论数,语言
[' 意大利 / 阿尔巴尼亚 / 阿根廷'],['保罗·祖卡'],['103'],[],"['Jacopo CULLIN', 'Stefano FRESI', '弗朗西斯科·潘诺菲诺', 'Benito URGU']",['买月亮的人 The Man Who Bought the Moon'],['剧情'],['8.3'],['171'],[' 意大利语 / 英语']
[' 西班牙 / 加泰罗尼亚 / 阿尔巴尼亚'],['Nacho Ruipérez'],['109'],['11'],"['莱昂纳多·斯巴拉格利亚', 'Michel Noher', '扬·科奈特', '伊莲娜·乔瓦诺娃', '内斯琳·彻瓦泽德', '安娜·托伦特']",['发掘真相 El desentierro'],['剧情'],['4.8'],['75'],[' 西班牙语 / 加泰罗尼亚语']
[' 西班牙 / 加泰罗尼亚 / 阿尔巴尼亚'],['Nacho Ruipérez'],['109'],['11'],"['莱昂纳多·斯巴拉格利亚', 'Michel Noher', '扬·科奈特', '伊莲娜·乔瓦诺娃', '内斯琳·彻瓦泽德', '安娜·托伦特']",['发掘真相 El desentierro'],['剧情'],['4.8'],['75'],[' 西班牙语 / 加泰罗尼亚语']
[' 阿尔巴尼亚'],['罗伯特·巴迪纳'],[],[],"['阿尔本·巴贾拉克塔拉贾', 'Irena Cahani', 'Suela Bako']",['云端的庇护 A Shelter Among the Clouds'],['剧情'],[''],[],[' 阿尔巴尼亚语']
[' 阿尔巴尼亚'],['Ismet Sijarina'],['93'],[],[],['寒冷的11月 Nëntori i Ftohtë'],[],[''],[],[]
