地区,导演,时长,月份,演员,电影名,类型,评分,评论数,语言
[' 阿根廷 Argentina'],['Gonzalo Calzada'],[],['03'],"['Victoria Carreras', 'Gastón Cocchiarale', 'Agustin Daulte']",['恶魔娜塔丽 Luciferina'],['恐怖'],[''],[],[' 西班牙语']
[' 阿根廷 Argentina'],"['Hernán Guerschuny', 'Jazmín Stuart']",['90'],[],"['卡拉彼德森', '胡安·米努欣', '费尔南·米拉斯', 'Jazmín Stuart', 'Martin Slipak', 'Pilar Gamboa']",['Recreo'],[],[''],[],[' 西班牙语']
[' 西班牙 / 阿根廷 Argentina / 法国'],['Meritxell Collel Aparicio'],['108'],"['02(柏林电影节)"">2018']","['Mónica García', 'Concha Canal', 'Ana Fernández']",['迎风而行 Con el viento'],['剧情'],[''],[],[' 西班牙语']
[' 阿根廷 Argentina / 巴西 Brazil / 荷兰 Netherlands / 德国'],['Mónica Lairana'],['95'],['02'],"['Alejo Mango', 'Sandra Sandrini']",['别离床爱 La Cama'],['剧情'],[''],[],[' 西班牙语']
[' 阿根廷 Argentina / 法国 / 西班牙'],['Carlos Lascano'],['29'],['03'],"['Lalo Alias', 'Teo Carrer', 'Daniel Coelho']",['The Puppeteer'],[],[''],[],[' 西班牙语']
