地区,导演,时长,月份,演员,电影名,类型,评分,评论数,语言
[' 意大利 / 阿尔巴尼亚 / 阿根廷'],['保罗·祖卡'],['103'],[],"['Jacopo CULLIN', 'Stefano FRESI', '弗朗西斯科·潘诺菲诺', 'Benito URGU']",['买月亮的人 The Man Who Bought the Moon'],['剧情'],['8.3'],['171'],[' 意大利语 / 英语']
[' 乌拉圭 / 西班牙 / 阿根廷 / 法国 / 德国'],['阿尔瓦罗·布雷克纳'],['122'],"['09', '11']","['安东尼奥·德·拉·托雷', '奇诺·达林', '阿方索·托特', '凯撒·特龙科索', '索蕾达·维拉米尔', '西尔维娅·佩雷斯·克鲁兹', '米涅娜·帕斯夸尔', '尼迪亚·泰勒斯', '凯撒·博尔东']",['地牢回忆 La noche de 12 años'],"['剧情', '历史', '犯罪']",['7.7'],['1659'],[' 西班牙语']
[' 阿根廷 / 西班牙'],['路易斯·奥特加'],['118'],"['05', '08']","['洛伦佐·法罗', '奇诺·达林', '丹尼尔·凡尼戈', '梅赛黛斯·莫朗', '玛莱娜·维拉', '塞西莉亚·罗特', '索菲亚·伊内斯·托尔内', '皮特·蓝萨尼', '马塞洛·坎切米', '路易斯·尼科', '威廉·普罗赛克']",['死亡天使 El ángel'],"['剧情', '同性', '传记', '犯罪']",['7.4'],['4718'],[' 西班牙语']
[' 阿根廷 / 西班牙'],['加斯顿·杜帕拉特'],['100'],"['08', '11']","['安德列·阿卡托', '卢卡斯·阿兰达', '劳尔·阿雷瓦洛', '艾哈迈迪·阿齐姆', '路易斯·布兰多尼', '古勒莫·法兰塞拉', '安德丽娅·弗里杰里奥']",['亡命大画家 Mi obra maestra'],['喜剧'],['7.3'],['560'],[' 西班牙语']
[' 阿根廷'],['马丁·迪乌斯'],['90'],['11'],"['安杰洛·穆蒂·斯皮內塔', '劳塔罗‧罗德里格斯', '吉列尔莫·普宁', '玛丽安娜·安希列里', '本尼西奥·穆蒂·斯皮内塔', '罗曼娜·亚历山德拉·古利奇', '雷娜塔·利兹']",['最好的朋友 Mi mejor amigo'],"['剧情', '同性']",['7.1'],['2000'],[' 西班牙语']
[' 智利 / 巴西 / 阿根廷 / 荷兰 / 卡塔尔'],['多明加·索托迈约·卡斯蒂略 Dominga Sotomayor Castillo'],['110'],['08'],"['Demian Hernández', 'Antar Machado', 'Magdalena Tótoro', 'Matías Oviedo']",['死在青春 Tarde para morir joven'],['剧情'],['6.4'],['153'],[' 西班牙语']
[' 阿根廷 / 巴西 / 德国 / 法国 / 荷兰'],['本哈明·奈斯塔特'],['109'],['09'],"['阿尔佛莱德·卡斯特罗', '达里奥·格兰迪内蒂', '安德丽娅·弗里杰里奥']",['罗霍 Rojo'],['剧情'],['6.4'],['92'],[' 西班牙语']
[' 智利 / 阿根廷'],['Che Sandoval'],['95'],['04'],"['安托里娜·科斯塔', 'Patricio Contreras', 'Dindi Jane', '佩德罗·坎波斯', 'Héctor Morales', '埃瓦罗·埃斯皮诺泽', 'Yonar Sanchez', 'Lucas Espinoza', 'Joaquin Fernández', 'Martín Garabal', 'Rafael Gumucio', 'Fernando Guzzoni', 'Humberto Miranda', 'Joaquin Mussio', 'Sergio Nicloux']",['不甜马丁娜 Dry Martina'],"['剧情', '喜剧']",['5.9'],['121'],[' 西班牙语']
[' 西班牙 / 阿根廷 / 乌拉圭'],['古斯塔沃·埃尔南德斯'],['106'],['06'],"['贝伦·鲁埃达', '艾娃·德·多米尼奇', '纳塔利娅·德·莫利纳', '日尔曼·帕拉西奥斯', '尤金尼亚·托巴尔', '胡安·曼努尔·圭雷拉', '玛丽亚·扎比', '玛利亚·阿尔方萨·罗索']",['无眠夜 No dormirás'],['恐怖'],['5.5'],['424'],[' 西班牙语']
[' 巴拉圭 / 阿根廷'],"['Rodrigo Salomón', 'Pietro Scappini']",['107'],['08'],"['Luis Aguirre', 'Fini Bocchino', 'Bruno Sosa Bofinger', 'Fabio Chamorro', 'Dani Da Rosa', 'José Roberto Fretes Romero', 'Andrea Frigerio']","['绝对忠诚 Leal, solo hay una forma de vivir']","['剧情', '动作', '犯罪']",['4.8'],['98'],[' 西班牙语']
[' 阿根廷'],['Barbara Sarasola-Day'],[],['09'],"['艾娃·德·多米尼奇', '亚历杭德罗·亚旺达']",['桑格兰布兰卡 Sangre blanca'],"['剧情', '惊悚', '犯罪']",[''],[],[' 西班牙语']
[' 西班牙 / 阿根廷'],['Eugenio Canevari'],[],[],"['Adrià Sánchez-Campo', 'Judith Dalmau', 'Laura Esteve Reig']",['真实家庭图 FIGURAS'],[],[''],[],[]
[' 阿根廷'],['Iván Noel'],['96'],['01'],"['Tatiana Gonzales Bozzetto', 'Joaquin Brizuela', 'Oscar Mira', 'Zoe Osan', 'Emanuel Renzini', 'Rosana Rossotti', 'Ismael Stampone', 'Thiago Stampone']",['混沌九餐 Nueve Comidas Lejos Del Caos'],['剧情'],[''],[],[' 西班牙语 / 英语']
[' 阿根廷'],['Iván Fund'],['81'],['11'],[],['Vendrán lluvias suaves'],[],[''],[],[' 西班牙语']
[' 阿根廷 / 意大利'],['Agustina Macri'],['100'],['09'],"['马克·莱昂纳蒂', '弗朗西斯科·德·维托', '毛里齐奥·隆巴迪', '埃莉奥诺拉·吉奥瓦纳迪', '乔治·科兰杰利']",['Soledad'],"['剧情', '爱情', '惊悚', '传记', '犯罪']",[''],[],[' 西班牙语 / 意大利语']
[' 阿根廷'],['Walter Becker'],[],[],[],['Eterno Paraíso'],[],[''],[],[]
[' 阿根廷'],"['Daniel de la Vega', 'Pablo Parés']",[],[],[],['我有毒 Soy tóxico'],"['动作', '科幻', '恐怖']",[''],[],[]
[' 阿根廷'],['Iván Noel'],['88'],[],"['Thiago Stampone', 'Ismael Stampone', 'Oscar Mira', 'Cristian Cavo', 'Oscar Molinari']",['弃儿 Rejected'],"['剧情', '奇幻']",[''],[],[' 西班牙语']
[' 阿根廷'],[],[],[],[],['Las Vegas'],[],[''],[],[]
[' 阿根廷'],['María José Juan'],['61'],['04'],"['Carlo Argento', 'Gastón Cocchiarale']",['罗米安 Román'],['剧情'],[''],[],[' 西班牙语']
[' 阿根廷'],['Georgina Barreiro'],['71'],['08'],['Baichung Bhutia'],['度母的足迹 Tara&#39;s footprint'],[],[''],[],[' 尼泊尔语 Nepali']
[' 阿根廷 / 巴西'],['安娜·卡兹'],['103'],['07'],['梅赛黛斯·莫朗'],['只有弗洛 Sueño Florianópolis'],['喜剧'],[''],[],[' 西班牙语 / 葡萄牙语']
[' 阿根廷'],['Juan Villegas'],[],"['04(阿根廷)"">2018']",[],['Las Vegas'],[],[''],[],[]
[' 西班牙 / 阿根廷'],['Igor Legarreta'],[],['02'],"['Eneko Sagardoy', '米奇·艾斯巴尔贝', '安东尼奥·德琴特', '华金·克莱门特', 'Eduardo Blanco', '伊西娅尔·艾斯普鲁', 'Mario Pardo']",['Cuando dejes de quererme'],"['剧情', '惊悚']",[''],[],[' 西班牙语']
[' 阿根廷 / 法国'],['Alessia Chiesa'],[],"['02(德国)"">2018']",['Mila Marchisio'],['无尽的日子 El día que resistía'],[],[''],[],[' 西班牙语']
[' 阿根廷'],['Gustavo Biazzi'],[],['01'],"['Agustín Avalos', 'Bárbara Hobecker', 'Ana Clara Lasta,']",['浪荡儿 Los Vagos'],['剧情'],[''],[],[' 西班牙语']
[' 阿根廷'],['Nestor Frenkel'],[],[],[],['Todo el año es navidad'],[],[''],[],[]
[' 阿根廷'],"['Diego Corsini', 'Andy Caballero']",['93'],[],"['Franco Masini', 'Yamila Saud', 'Facundo Gambandé', ""Victorio D'Alessandro"", 'Andrea Frigerio', 'Gerardo Romano']",['只有爱 Solo el Amor'],"['爱情', '音乐']",[''],[],[' 西班牙语']
[' 阿根廷 / 西班牙'],['Francisco Marise'],[],[],[],['为了战争 PARA LA GUERRA'],[],[''],[],[]
[' 阿根廷'],['尼卡诺尔·罗瑞提'],[],['01'],"['Daniel Aráoz', 'Naiara Awada', 'Andres Bagg']",['27岁俱乐部 27 El Club De Los Malditos'],"['喜剧', '动作', '犯罪']",[''],[],[]
[' 阿根廷'],['阿尔曼多·博'],[],"['05', '05']","['古勒莫·法兰塞拉', '卡拉彼德森', 'Gloria Carrá', '马塞洛·索比奥托']",['动物本能 Animal'],"['惊悚', '犯罪']",[''],[],[' 西班牙语']
[' 阿根廷'],['INÉS MARÍA BARRIONUEVO'],[],"['09(圣塞巴斯蒂安电影节)"">2018']",['Umbra Colombo'],['朱莉娅和狐狸 JULIA Y EL ZORRO'],[],[''],[],[' 西班牙语']
[' 墨西哥 / 阿根廷'],['Marcos Bucay'],['50'],['10'],"['Benjamín Alfonso', 'Marcela Alvarez', 'Emilia Claudeville', '杰昆·费雷拉', 'Sol Gaschetto', 'Mauricio Llera']","['乌鸦俱乐部：我, 波特罗 I, Potro']",['喜剧'],[''],[],[' 西班牙语']
[' 阿根廷'],['卡洛斯·索林'],['100'],['06'],"['维多利亚·亚旺达', '地亚哥·詹蒂莱', 'Joel Noguera', '安娜·卡兹', 'Gustavo Daniele', 'Emilce Festa']",['乔尔 Joel'],['剧情'],[''],[],[' 西班牙语']
[' 阿根廷'],['Marcelo Briem Stamm'],['89'],['03'],"['胡安·曼努埃尔·马蒂诺', 'Charly Etchévers', 'Flor Dragonetti']",['我们仨 Somos tr3s'],"['剧情', '同性']",[''],[],[' 西班牙语']
[' 阿根廷'],['Juan Pablo Kolodziej'],['108'],"['11(阿根廷)"">2018']","['杰拉丁·卓别林', 'Juana Viale', '玛丽娅·玛努尔', 'Hugo Arana', '哈维尔·多罗拉斯', 'Antonio Birabent', 'Arturo Puig']",['曲径 Camino Sinuoso'],"['剧情', '惊悚']",[''],[],[' 西班牙语']
[' 阿根廷'],['Juan Vera'],['136'],[],"['里卡多·达林', '梅赛黛斯·莫朗']",['未料之爱 El amor menos pensado'],"['喜剧', '爱情']",[''],[],[' 西班牙语']
[' 阿根廷'],['Albertina Carri'],[],[],"['Christina Banegas', 'Andres Ciavaglia', '索菲亚·哥拉', 'Mijal Katzowicz', 'Javier Lorenzo', 'Canela M.', 'Carla Morales Ríos', 'Mar Morales', 'Ivanna Colona Olsen', '艾丽卡·里瓦斯', 'Disturbia Rocío', 'Rana Rzonscinsky', 'Violeta Valiente']",['火的女儿 Las hijas del fuego'],['剧情'],[''],[],[' 西班牙语']
[' 阿根廷 / 法国 / 智利'],['亚历杭德罗·法朵'],['109'],['05'],"['Victor Lopez', 'Esteban Bigliardi', 'Tania Casciani', 'Romina Iniesta', 'Sofia Palomino', '斯特凡·里多', 'Jorge Prado', 'Francisco Carrasco']","['杀了我，怪物 Muere, Monstruo, Muere']","['剧情', '恐怖']",[''],[],[' 西班牙语']
[' 阿根廷'],['冈萨罗·托瓦尔'],['108'],"['09', '09']","['Lali Espósito', '莱昂纳多·斯巴拉格利亚', 'Mariana Espósito', '丹尼尔·凡尼戈', '盖尔·加西亚·贝纳尔', 'Inés Estévez']",['被告 Acusada'],"['剧情', '惊悚', '犯罪']",[''],[],[' 西班牙语']
[' 阿根廷'],['Joel Coroleu'],['10'],['10'],[],['老伴儿 Dos Viejos'],[],[''],[],[' 西班牙语']
[' 西班牙 / 阿根廷'],['Alejandro Montiel'],['103'],['04'],"['佩德罗·卡萨布兰科', '阿玛雅·萨拉曼卡', '露易丝安娜·洛佩拉托', 'Sara Sálamo']",['科妮莉亚 Perdida'],"['惊悚', '犯罪']",[''],[],[' 西班牙语']
[' 阿根廷'],['José Celestino Campusano'],[],[],"['Juan Carlos Lopez', 'Sergio Sarria', 'Fernando Primofrutto', 'Alejandro Íudiccelo']",['La secta del gatillo'],['犯罪'],[''],[],[' 西班牙语']
[' 阿根廷'],['巴勃罗·特拉佩罗'],['112'],"['08', '09']","['马蒂娜·古斯曼', '贝热尼丝·贝乔', '埃德加·拉米雷兹', '格拉谢拉·博尔赫斯', '华金·弗里尔']",['寂静 La quietud'],"['剧情', '惊悚']",[''],[],[' 西班牙语']
[' 阿根廷'],['Martino Zaidelis'],['94'],['07'],"['娜塔莉亚·欧瑞洛', 'Fernán Mirás', 'Diego Torres']",['完全疯了 Re Loca'],['喜剧'],[''],[],[' 西班牙语']
[' 阿根廷'],['Agustín Toscano'],['93'],"['05', '06']","['Sergio Prina', 'Liliana Juarez', 'Leon Zelarayan']",['失忆摩托 El Motoarrebatador'],['剧情'],[''],[],[' 西班牙语']
[' 阿根廷 / 丹麦'],"['巴莱里·贝尔图切利', 'Fabiana Tiscornia']",['107'],['01'],"['巴莱里·贝尔图切利', 'Anders Hvidegaard', '迭戈·维拉斯奎兹']",['恐惧女王 La reina del miedo'],['剧情'],[''],[],[' 西班牙语']
[' 阿根廷'],['圣地亚哥·洛萨'],['71'],['02'],[],"['马兰波舞者，一个好人 Malambo, El Hombre Bueno']",['剧情'],[''],[],[' 西班牙语']
[' 阿根廷 / 西班牙'],[],[],[],"['奥斯卡·马丁内兹', '华金·弗里尔', '索蕾达·维拉米尔']",['黑暗建筑 Las grietas de Jara'],"['剧情', '悬疑', '惊悚']",[''],[],[' 西班牙语']
[' 阿根廷 / 巴西'],['Marcelo Schapces'],['90'],['03'],"['迭戈·维拉斯奎兹', 'María Laura Cali', '丹尼尔·凡尼戈', 'Nico García', '费德里科·路皮', '维多利亚·莫蕾特', 'Cecilia Rossetto', 'Juan Sasturain']",['Necronomicón'],"['惊悚', '恐怖']",[''],[],[' 西班牙语']
[' 阿根廷'],['塞巴斯蒂安·肖'],['90'],"['02(柏林电影节)"">2018']","['Sofía Brito', 'Malena Hernández Díaz', 'Laura López Moyano', 'Victoria Raposo', 'Lisandro Rodríguez', 'Pablo Sigal']",['遗漏 La omisión'],['剧情'],[''],[],[' 西班牙语']
[' 阿根廷'],['Cristián Darío Pellegrini'],['105'],[],"['Leandro Poquet', 'Manuel García Migani']",['雾之眼 Misty Eyes'],"['爱情', '同性']",[''],[],[' 西班牙语']
