地区,导演,时长,月份,演员,电影名,类型,评分,评论数,语言
[' 美国 / 印度 / 阿联酋'],['Maurice Haeems'],['80'],['02'],"['亨利·伊安·库斯克', '凯瑟琳·奎南', 'Erika Ervin', '詹娜·哈里森', 'Karishma Ahluwalia', 'Jennifer Gjulameti', 'Raviv Haeems', 'Kaavya Jayaram', 'Lawrence Sampson']",['怪兽应变 Chimera Strain'],"['剧情', '科幻', '惊悚']",['3.9'],['216'],[' 英语']
[' 阿联酋'],['Asri Bendacha'],['86'],['11'],['Asri Bendacha'],['速成网红 Follow Me'],[],[''],[],[' 英语']
[' 阿联酋 / 英国'],"['Pankaj Sehgal', 'Karim Traïdia']",['160'],"['01', '04']","['史蒂芬·朗', '卢克·帕斯夸尼洛', '欧姆·普瑞', '维尼·琼斯', 'Bobbie Phillips', 'Mark Mosses', 'Alessa Novelli', 'Alen Thompson', 'Jesus Sans', 'Joseph K. Bevilacqua', 'Colton Tapp']",['日食：黑暗深处 Solar Eclipse: Depth of Darkness'],"['剧情', '历史']",[''],[],[' 英语']
[' 埃及 / 法国 / 卡塔尔 / 阿联酋'],['Ahmed Fawzi Saleh'],[],[],"['Marihan Magdy', 'Ibrahim El Nagary', 'Mahmoud Hemida']",['有毒玫瑰 ورد مسموم'],['剧情'],[''],[],[' 阿拉伯语']
