地区,导演,时长,月份,演员,电影名,类型,评分,评论数,语言
[' 韩国'],['尹钟彬'],['137'],"['05', '08']","['黄政民', '李星民', '赵震雄', '朱智勋']",['特工 공작'],['剧情'],['8.5'],['81151'],[' 韩语 / 汉语普通话 / 日语']
[' 韩国'],['姜炯哲'],['133'],['12'],"['都暻秀', '朴慧秀', '吴政世', '金民浩', '朴真珠', '白仁权', '杰瑞德·格里姆斯', '罗斯·凯特尔']",['摇摆狂潮 스윙키즈'],"['剧情', '歌舞', '战争']",['8.2'],['25465'],[' 韩语']
[' 韩国'],['李章焄'],['132'],['03'],"['苏志燮', '孙艺珍', '金智焕', '金贤秀', '李有镇', '高昌锡', '李俊赫', '孙云恩', '裴侑蓝']",['现在去见你 지금 만나러 갑니다'],"['剧情', '爱情', '奇幻']",['8.2'],['55503'],[' 韩语']
[' 韩国'],['崔恩重'],['200'],['09'],"['吴世勋', '姜美娜', '李济延', '金熙镇', '姜多贤', '安宝贤']",['独孤：倒回 독고 리와인드'],['动作'],['8.1'],['1636'],[' 韩语']
[' 韩国'],['李沧东'],['148'],"['05', '05']","['刘亚仁', '史蒂文·元', '全钟瑞', '金秀京', '崔承浩', '玉子妍']",['燃烧 버닝'],"['剧情', '悬疑']",['7.9'],['154882'],[' 韩语']
[' 韩国'],['全高云'],['106'],['03'],"['李絮', '安在洪', '姜臻雅', '金国熙', '李成旭', '崔德门', '金在华', '曹秀香', '金艺恩']",['小公女 소공녀'],"['剧情', '爱情']",['7.9'],['7978'],[' 韩语']
[' 韩国'],['金宝拉'],['139'],['10'],"['朴智厚', '金玺碧', '郑仁基', '李胜妍', '朴秀妍']",['蜂鸟 벌새'],"['剧情', '爱情']",['7.7'],['206'],[' 韩语']
[' 韩国'],['崔成贤'],['120'],['01'],"['李秉宪', '朴正民', '尹汝贞', '韩智敏', '金成铃', '崔莉', '黄锡晶', '文淑', '白书怡', '李周英', '张海恩', '朴智勋', '柳正浩', '孙德基', '金炳春', '洪锡然', '朴晌勋', '车明旭', '金瑞元 ']",['那就是我的世界 그것만이 내 세상'],['剧情'],['7.7'],['3802'],[' 韩语']
[' 韩国'],['房秀吟'],['91'],['04'],"['李顺载', '郑志薰', '张光', '成秉淑', '车顺裴', '金广植', '柳圣贤', '郑基燮', '尹颂雅', '金炳哲', '韩宝贝']",['德九 덕구'],"['剧情', '家庭']",['7.7'],['2473'],[' 韩语']
[' 韩国'],['李润珍'],['75'],['01'],"['郑帝元', '申银秀', '许真', '徐贤宇', '孔敏晶', '卢·苏珊娜']",['文集 문집'],"['剧情', '爱情']",['7.6'],['6386'],[' 韩语']
[' 韩国'],['黄昇基'],['60'],['09'],"['全昭旻', '朴成勋', '吴东旻', '宋智仁']",['我的黑历史误答笔记 나의 흑역사 오답노트'],"['喜剧', '爱情']",['7.6'],['1295'],[' 韩语']
[' 韩国'],['闵奎东'],['121'],['06'],"['金喜爱', '金海淑', '艺秀晶', '文淑', '李龙女', '金善映', '金俊翰', '李容怡', '崔秉默', '郑仁基', '金仁宇', '朴明申', '李志夏', '孙康国', '朴龙修', '金惠濬', '朴正子', '宋永彰', '丁夏潭', '安世河', '李裕英', '韩智敏', '陈善圭']",['她的故事 허스토리'],['剧情'],['7.6'],['1608'],[' 韩语']
[' 韩国'],['金容华'],['142'],['08'],"['河正宇', '朱智勋', '马东锡', '金香起', '李政宰', '赵汉哲', '金明坤 ', '金东旭', '郑惟安', '都暻秀']",['与神同行2：因与缘 신과함께-인과 연'],"['动作', '奇幻']",['7.5'],['59297'],[' 韩语']
[' 韩国'],['崔国熙'],['114'],['11'],"['金惠秀', '刘亚仁', '许峻豪', '赵宇镇', '文森特·卡索']",['国家破产之日 국가부도의 날'],['剧情'],['7.5'],['23049'],[' 韩语']
[' 韩国'],['李宰圭'],['115'],['10'],"['柳海真', '赵震雄', '李瑞镇', '廉晶雅', '金智秀', '宋昰昀', '尹敬浩', '智友']",['完美的他人 완벽한타인'],"['剧情', '喜剧']",['7.4'],['11949'],[' 韩语']
[' 韩国'],['林顺礼'],['103'],['02'],"['金泰梨', '柳俊烈', '文素丽', '秦基周', '国志龙', '郑浚远']",['小森林 리틀 포레스트'],['剧情'],['7.3'],['22933'],[' 韩语']
[' 韩国'],['朴勋政'],['125'],['06'],"['金多美', '赵敏修', '朴熙顺', '崔宇植', '高敏诗', '吴美姬', '崔政宇', '多恩', '金秉玉', '李柱元', '金河娜', '李基英', '权泰元', '李时勋 ', '白承哲', '袁民奎', '金宗勋', '徐翰洁']",['魔女 마녀'],"['动作', '悬疑']",['7.3'],['22932'],[' 韩语']
[' 韩国'],['洪尚秀'],['96'],['08'],"['纪柱峰', '金敏喜', '宋宣美', '权海虓', '刘俊相']",['江边旅馆 강변호텔'],['剧情'],['7.2'],['2556'],[' 韩语']
[' 韩国'],['宋敏烨'],['66'],['10'],"['林周焕', '张熙珍']",['如此长久的离别 이토록 오랜 이별'],[],['7.2'],['95'],[' 韩语']
[' 韩国'],['李锡根'],['110'],['08'],"['金英光', '朴宝英', '姜其永', '高圭弼', '张成范', '金贤淑', '林炯俊', '姜德重', '徐恩秀', '宋再临', '申素率', '郑多媛', '车烨', '裴海善', '全裴修', '徐胤雅']",['你的婚礼 너의 결혼식'],"['剧情', '爱情']",['7.2'],['15961'],[' 韩语']
[' 韩国'],['李智媛'],['98'],['10'],"['韩智敏', '金诗雅', '李熙俊', '权素贤', '白秀章', '金善映', '全锡浩', '李周英', '赵敏俊', ' 金俊范', '郑京虎', '金浩昌', '刘贞莱', '尹颂雅', '琴东贤', '李静恩', '张荣男']",['白小姐 미쓰백'],['剧情'],['7.2'],['3831'],[' 韩语']
[' 韩国'],['张律'],['121'],"['10', '11']","['朴海日', '文素丽', '郑镇荣', '朴素丹']",['咏鹅 군산: 거위를 노래하다'],"['剧情', '爱情', '历史']",['7.1'],['2426'],[' 韩语 / 日语 / 汉语普通话']
[' 韩国'],['安国真'],['64'],['12'],"['金瑟祺', '朴斗植', '玉子妍']",['关于我情敌的一切 드라마 스테이지 - 내 연적의 모든 것'],['爱情'],['7.1'],['415'],[' 韩语']
[' 韩国'],['金民泰'],[],['09'],"['金武烈', '高甫洁', '郑浚远', '高敏诗', '方在浩', '李志夏']",['被遗忘的季节 잊혀진 계절'],['惊悚'],['7.1'],['87'],[' 韩语']
[' 韩国'],['李濬益'],['123'],['07'],"['朴正民', '金高银', '張航善', '高俊', '申贤彬', '郑圭洙', '金俊翰', '裴济基', '崔正憲', '赵河硕', '柳圣贤', '韩星']",['边山 변산'],['剧情'],['6.9'],['2028'],[' 韩语']
[' 韩国'],['李钟奭'],['114'],['09'],"['孙艺珍', '玄彬', '金相浩', '张荣男', '张光', '赵勇进', '朴成根', '朴修荣', '金民尚', '李诗雅', '崔秉默', '李贤', '金熙镇', '李珠英', '康德铉', '李文植']",['协商 협상'],"['动作', '悬疑', '犯罪']",['6.9'],['15166'],[' 韩语']
[' 韩国'],['金成浩'],['103'],['03'],"['李钟赫', '金成恩']",['妈妈的笔记本 엄마의 공책'],"['剧情', '家庭']",['6.8'],['185'],[' 韩语']
[' 韩国'],['安正民'],['109'],['11'],"['卢正义', '曹秀香', '权娜拉', '赵秀荷', '金雅娜', '赵炳奎', '金正碧']",['少女的世界 소녀의 세계'],['剧情'],['6.8'],['1258'],[' 韩语']
[' 韩国'],['정대건'],['92'],"['05(全州国际电影节)"">2018']","['郑惠成', '沈熙燮']",['伴侣 메이트'],['剧情'],['6.8'],['190'],[' 韩语']
[' 韩国'],['李权'],['102'],['12'],"['孔晓振', '金叡园', '金圣武', '赵福来', '李家燮', '李天熙', '金在华']",['门锁 도어락'],"['悬疑', '惊悚']",['6.8'],['18609'],[' 韩语']
[' 韩国'],['许俊亨'],['101'],['04'],"['金武烈', '朴熙顺', '李璟荣', '全光烈', '林元熙', '吴政世', '金民教', '玄奉植', '金宝刚', '崔宗南', '李益俊', '张赫镇', '吴雅琳', ' 金泰奂', '洪京妍', '李胤熙', '楊朱虎', ' 成仁子', '李龙女', '金暻爱', '俞俊洪']",['钱袋 머니백'],"['剧情', '喜剧', '犯罪']",['6.8'],['2672'],[' 韩语']
[' 韩国'],['李胜宰'],['97'],['01'],"['朴仁焕', '申久', '林玄植', '金仁权']",['美丽人生 비밥바룰라'],['喜剧'],['6.7'],['415'],[' 韩语']
[' 韩国'],['이창희'],['101'],['03'],"['金相庆', '金康宇', '金喜爱', '韩智安', '李至勋', '徐贤宇', '李敏芝', '崔明彬', '玄奉植', '孔敏晶', '柳京洙', '黃在烈', '安昌焕', '金熙尚', '黃仁准', '权海虓', '金智英', '庆收真']",['消失的夜晚 사라진 밤'],"['悬疑', '惊悚', '犯罪']",['6.7'],['3968'],[' 韩语']
[' 韩国'],['金泰均'],['110'],['10'],"['金允石', '朱智勋', '陈善圭', '郑钟俊', '许真', '金重基', '金英熊', '郑基燮', '李凤莲', '全国焕', '金正洙', '裴海善', '权素贤', '元贤俊']",['暗数杀人 암수살인'],"['剧情', '惊悚', '犯罪']",['6.7'],['8823'],[' 韩语']
[' 韩国'],['申东锡'],['124'],['08'],"['崔武成', '金汝珍', '成侑彬', '金敬益', '文英东', '李和龙', 'Park-chan ', '金度英', '李大为']",['幸存的孩子 살아남은 아이'],['剧情'],['6.7'],['174'],[' 韩语']
[' 韩国'],['KIM Jongwoo'],['102'],['05'],"['李孝制', '许俊硕', '林泰丰', '金河娜']",['家 홈'],"['剧情', '家庭']",['6.6'],['176'],[' 韩语']
[' 韩国'],['朴英洙'],['70'],['10'],"['郑多恩', '全国焕', '朴秀妍', 'Yu-yeon JEONG']",['仙姬与瑟琦 선희와 슬기'],['剧情'],['6.6'],['95'],[' 韩语']
[' 美国 / 南非 / 韩国 / 澳大利亚'],['瑞恩·库格勒'],['134'],"['03', '02']","['查德维克·博斯曼', '露皮塔·尼永奥', '迈克尔·B·乔丹', '丹娜·奎里拉', '马丁·弗瑞曼', '丹尼尔·卡卢亚', '利蒂希娅·赖特', '温斯顿·杜克', '斯特林·K·布朗', '安吉拉·贝塞特', '福里斯特·惠特克', '安迪·瑟金斯', '弗洛伦丝·卡松巴', '约翰·卡尼', '大卫·S·李', '娜比娅·毕']",['黑豹 Black Panther'],"['动作', '科幻', '冒险']",['6.5'],['332248'],[' 斯瓦希里语 / 英语 / 科萨语 / 韩语']
[' 韩国'],['李彦禧'],['116'],['06'],"['权相宇', '成东日', '李光洙', '徐英姬', '郑妍珠', '孙丹菲', '金东旭']",['侦探2 탐정: 리턴즈'],"['喜剧', '犯罪']",['6.5'],['4471'],[' 韩语']
[' 韩国'],['李海暎'],['123'],['05'],"['赵震雄', '柳俊烈', '金柱赫', '金成铃', '朴海俊', '车胜元', '郑家蓝', '南文哲', '徐贤宇', '姜承贤', '京熙妍', '金东英', '李周英', '琴赛璐', '郑钟宇', '权度云']",['毒战 독전'],"['动作', '犯罪']",['6.4'],['11502'],[' 韩语']
[' 韩国'],['李敬燮'],['110'],['06'],"['郑多恩', '郑多彬', '金焕熙', '金俊勉', '刘宰尚']",['女初中生A 여중생A'],['剧情'],['6.3'],['239'],[' 韩语']
[' 韩国'],['李焕'],['112'],['07'],"['李在均', '金佳熙']",['朴花英 박화영'],['剧情'],['6.3'],['107'],[' 韩语']
[' 韩国'],['차성덕'],['100'],"['10(釜山电影节)"">2018', '11']","['金香起', '金浩贞', '탕준상']",['英珠 영주'],['剧情'],['6.2'],['269'],[' 韩语']
[' 韩国'],['洪尚秀'],['66'],['02'],"['金敏喜', '郑镇荣', '纪柱峰', '徐永嬅', '金玺碧', '安在洪', '孔敏晶']",['草叶集 풀잎들'],['剧情'],['6.2'],['2489'],[' 韩语']
[' 韩国'],['金勇完'],['108'],['05'],"['马东锡', '权律', '韩艺璃', '崔昇勋', '玉艺琳', '姜新孝', '宋在熙', '杨贤民', ' 琴光山', ' 李奎浩', '南延佑', '朴宣浩', '吴昌庆', '柳顺雄', '金钟求', '全余琳', '全惠媛', '黃相庆', ' 俞智妍', '姜承贤', '刘盛玉', '孙淑子', ' 朴光才', '陆进秀', '杨祖儿', '李范圭', '白桑熙', '朴成日', '朴贊佑', ' 郭子亨']",['冠军 챔피언'],"['剧情', '运动']",['6.2'],['2350'],[' 韩语']
[' 韩国'],['차성덕'],['100'],"['10(釜山电影节)"">2018', '11']","['金香起', '金浩贞', '탕준상']",['英珠 영주'],['剧情'],['6.2'],['269'],[' 韩语']
[' 韩国'],['金旻昊'],['115'],['11'],"['马东锡', '宋智孝', '金圣武', '金敏载', '朴智焕']",['愤怒的黄牛 성난황소'],"['动作', '犯罪']",['6.2'],['6150'],[' 韩语']
[' 韩国'],['郑凡植'],['94'],['03'],"['魏河俊', '朴智炫', '吴雅妍', '文艺媛', '朴成勋', '刘帝允', '李丞旭']",['昆池岩 곤지암'],['恐怖'],['6.1'],['114679'],[' 韩语']
[' 韩国'],['曹圭章'],['111'],['08'],"['李星民', '金相浩', '陈庆', '郭时旸', '朴春', '金成钧', '李民雄', '延济旭', '申承焕', '李载宇', '裴贞华', '郑侑敏', '黄英熙', '孙钟学', '李相熹', '金子英', '朴成根']",['目击者 목격자'],"['悬疑', '惊悚']",['6.1'],['6553'],[' 韩语']
[' 韩国'],['朴熙坤'],['133'],['09'],"['曹承佑', '池晟', '金成钧', '白润植', '文彩元', '李源根', '金珉载', '刘在明', '姜泰伍', '太仁镐', '朴忠善', '吕茂英 ', '金奎善', '孙修雅', '金光炫', '赵贤植', '宋英才', '郑载宪', ' 崔在燮', ' 李圭燮', '白仁权', '李时宇']",['明堂 명당'],['剧情'],['6.1'],['1210'],[' 韩语']
[' 韩国'],['Eun-kyung Jung'],['72'],"['08(富川电影节)"">2018']","['郑妍周', '宋江', '朴俊勉', '李龙女']",['美丽吸血鬼 뷰티풀 뱀파이어'],"['爱情', '奇幻']",['6.0'],['91'],[' 韩语']
[' 韩国'],['卢东硕'],['109'],['02'],"['姜栋元', '韩孝周', '金义城', '金成钧', '金大明', '刘在明', '白奉基', '李俊赫', '崔宇植', '郑素敏', '尹启相', '李尚熙', '元贤俊', '张勇福', '朴根亚', '郑亨锡', '袁民奎', '李杭娜', '柳惠琳', '车顺裴', '徐光载', '李东勇', '廉惠兰', '金裕贞']",['金色梦乡 골든슬럼버'],"['剧情', '悬疑']",['6.0'],['3534'],[' 韩语']
[' 韩国'],['金锡允'],['120'],['02'],"['金智媛', '金明民', '吴达洙', '金汎', '李民基']",['朝鲜名侦探：吸血怪魔的秘密 조선명탐정: 흡혈괴마의 비밀'],"['喜剧', '冒险', '古装']",['5.9'],['1303'],[' 韩语']
[' 韩国'],['李炳宪'],['100'],['04'],"['申河均', '李星民', '宋智孝', '李艾', '高俊', '张荣男', '杨贤民']",['风风风 바람 바람 바람'],['喜剧'],['5.9'],['1498'],[' 韩语']
[' 韩国'],['林镇秀'],['99'],['11'],"['马东锡', '金赛纶', '李相烨', '陈善圭', '张光', '申世辉', '吴熙俊', '裴真雅']",['邻里的人们 동네사람들'],"['动作', '悬疑']",['5.9'],['2296'],[' 韩语']
[' 韩国'],['조태호'],['71'],['04'],['金希贞'],['出轨的女人2 바람난 여자들2'],"['剧情', '情色']",['5.9'],['124'],[' 韩语']
[' 韩国'],['金基德'],['122'],['02'],"['安圣基', '张根硕', '李成宰', '藤井美菜', '小田切让', '柳昇范']","['人间，空间，时间和人 인간, 공간, 시간 그리고 인간']",['剧情'],['5.9'],['3467'],[' 韩语']
[' 韩国'],['赵源熙'],['97'],['09'],"['马东锡', '金英光', '李瑜瑛', '崔奎华']",['奇妙幽灵 원더풀 고스트'],"['喜剧', '奇幻']",['5.8'],['1189'],[' 韩语']
[' 韩国'],['金大雄'],['110'],['05'],"['柳海真', '金珉载', '李圣经', '黄雨瑟惠', '罗文姬', '成东日', '陈庆']",['摔跤选手 레슬러'],"['剧情', '喜剧']",['5.8'],['566'],[' 韩语']
[' 韩国'],['洪昌杓'],['110'],['02'],"['沈恩京', '李昇基', '金相庆', '延宇振', '姜敏赫', '崔宇植', '赵福来', '崔珉豪', '朴善英', '曹秀香', '朴忠善', '孙成灿', '宋英才', '李娜云', '宋光元', '朱多英', '崔俊昊', '姜伦制', '李善彬', '李龙女', '朴智一', '尹有善', '李润健', '崔玟秀', '柳正浩', '徐佑镇']",['宫合 궁합'],"['剧情', '喜剧', '爱情', '历史']",['5.7'],['1641'],[' 韩语']
[' 韩国'],['禹民镐'],['139'],['12'],"['宋康昊', '曹政奭', '裴斗娜', '李星民', '金大明', '金素真', '李熙俊', '赵宇镇']",['麻药王 마약왕'],"['剧情', '动作', '犯罪']",['5.7'],['7147'],[' 韩语']
[' 韩国'],['金成勋'],['121'],['10'],"['玄彬', '赵宇镇', '张东健', '金义城', '李善彬', '郑满植', '徐智慧', '赵达焕', '金太祐', '许成泰', '朴镇宇', '韩智恩', '许俊硕', '白秀章', '郑惟安']",['猖獗 창궐'],"['动作', '恐怖']",['5.7'],['6687'],[' 韩语']
[' 韩国'],['尹载皓'],['104'],['10'],"['李奈映', '张东润', '吴光禄', '李宥俊', '徐贤宇']",['美丽的日子 뷰티풀 데이즈'],['剧情'],['5.6'],['177'],[' 韩语']
[' 韩国'],['김부곤'],['71'],['01'],"['진시아', '보라', '송기명', '지성']",['诚实：好女孩 정사 착한 며느리들'],['情色'],['5.6'],['94'],[' 韩语']
[' 韩国'],['曹近铉'],['105'],['02'],"['郑宇', '金柱赫', '郑镇荣', '丁海寅', '金元海', '郑尚勋', '千禹熙']",['兴夫 흥부 글로 세상을 바꾼 자'],['剧情'],['5.6'],['485'],[' 韩语']
[' 韩国'],['尹载皓'],['104'],['10'],"['李奈映', '张东润', '吴光禄', '李宥俊', '徐贤宇']",['美丽的日子 뷰티풀 데이즈'],['剧情'],['5.6'],['177'],[' 韩语']
[' 韩国'],['김정환'],['111'],['10'],"['韩相爀', '朴圣雄']",['快乐在一起 해피 투게더'],[],['5.6'],['65'],[' 韩语']
[' 韩国'],['秋昌旼'],['123'],['03'],"['柳承龙', '张东健', '文晶熙', '宋清晨', '高庚杓']",['7年之夜 7년의 밤'],"['剧情', '惊悚']",['5.6'],['1306'],[' 韩语']
[' 韩国'],['이리단'],['82'],['03'],"['李采潭', '서원', '金珠', '민도윤', '강민우']",['女生宿舍2 여자 하숙집2'],['剧情'],['5.5'],['138'],[' 韩语']
[' 韩国'],['边赫'],['120'],['08'],"['朴海日', '秀爱', '尹宰文', '罗美兰', '金奎善', '李阵郁', '韩珠英', '朴成勋', '张素妍', '南基爱', '滨崎真绪', '金康宇', '姜其永', '南文哲', '张赫镇', '金昇勋', '朴镇宇', '文正秀 ', '金海坤 ']",['上流社会 상류사회'],"['剧情', '情色']",['5.5'],['3735'],[' 韩语']
[' 韩国'],['延尚昊'],['101'],['01'],"['柳承龙', '沈恩京', '朴正民', '郑有美', '金敏载', '艺秀晶', '郑煐禥', '金英善', '李济延', '金度允', '太恒浩', '康相元', '尹智旭', '严志满', '金基天', '函勝敏', ' 高娜熙', '李正恩 ', '李承勇', '禹正國', '姜德重']",['念力 염력'],"['剧情', '喜剧', '奇幻']",['5.5'],['3595'],[' 韩语']
[' 韩国'],['金振穆'],['103'],['04'],"['池贤宇', '吴万石', '李恩宇', '金学哲', '曹恩智', '具本雄', '李宥俊', '朴柱亨', '崔宏一', '金正洙', '姜賢旭']",['杀人小说 살인소설'],"['喜剧', '犯罪']",['5.4'],['761'],[' 韩语']
[' 韩国'],['宋敏烨'],[],['09'],"['朴珪瑛', '尹博', '郑干柱', '金秀珍', '李承勋', '许栋元', '金美优', '徐宥利', '张东允']",['金枪鱼与海豚 참치와 돌고래'],"['爱情', '运动']",['5.4'],['98'],[' 韩语']
[' 韩国'],['李韩昱'],['102'],['04'],"['李裕英', '金熙元', '吴荷妮', '李学周', '金多美', '李济延', '张赫镇', '高圭弼', '金英善', '姜智燮', '孙康国', '朴根亚']",['记得我 나를 기억해'],"['悬疑', '惊悚', '犯罪']",['5.4'],['1151'],[' 韩语']
[' 韩国'],['김경택'],['103'],['03'],"['陈诗雅', '许娜京', '시후']",['姨母的诱惑 이모의유혹'],"['爱情', '情色']",['5.3'],['395'],[' 韩语']
[' 韩国'],['许宗昊'],['105'],['09'],"['金明民', '金仁权', '李惠利', '崔宇植', '朴圣雄', '朴熙顺', '李璟荣', '李度京', '李圭福', '李受美', '金重熙', '韩素英', '金刚日 ', '洪智允']",['物怪 물괴'],"['动作', '奇幻']",['5.3'],['1997'],[' 韩语']
[' 韩国'],['최민'],['73'],['07'],"['李采潭', '김지연', '도모세']",['情事：小姨子的爱 정사 : 처제의 사랑'],['情色'],['5.3'],['98'],[' 韩语']
[' 韩国'],['金知云'],['138'],['07'],"['姜栋元', '韩孝周', '郑雨盛', '金武烈', '韩艺璃', '许峻豪', '崔珉豪', '申银秀', '崔镇浩', '玉子妍', '李济延', '李东河', '李率求', '沈昭英', '郑元中', '金宰荣', '刘尚宰', '郑基燮', '刘志龙', '金范来', '金哲允', '林智亨', '朴秉恩', '文艺媛', '全汝彬', '张元亨', '洪仁', '朴晟泽', '金炫俊', '文在元', '姜贤重 ', '朴正植 ', '郑米楠', '朴亨洙', '林哲亨', '朴珠熙', '金贤昌']",['人狼 인랑'],"['动作', '爱情', '科幻']",['5.2'],['3525'],[' 韩语']
[' 韩国'],['白承和'],['58'],['05'],"['朴世婉', '安宇延', '李智媛', '张阳光', '金正英', '金基茂', ' 金俊范', '朴珠熙']",['五子棋少女 오목소녀'],['喜剧'],['5.2'],['115'],[' 韩语']
[' 韩国'],['신성진'],['78'],['03'],"['윤다현', '지숙', '선미']",['性爱游戏 섹스 인 더 게임'],"['剧情', '情色']",['5.2'],['117'],[' 韩语']
[' 韩国'],['정대만'],['80'],['02'],"['이민욱', '박지유', '金柳妍 Yoo-yeon Kim', 'Jo In‑woo', 'Kim Neul‑me', 'song chang-hyeon']",['聚会的目的3 동창회의 목적 3'],['情色'],['5.1'],['225'],[' 韩语']
[' 韩国'],[],['74'],['04'],[],['善良妈妈的朋友2 착한 엄마친구 2'],['爱情'],['5.0'],['139'],[' 韩语']
[' 韩国'],['김다니엘'],['83'],['05'],"['金珠', '서원', '민우']",['岳母的简介 장모학개론'],['剧情'],['5.0'],['84'],[' 韩语']
[' 韩国'],['李承元'],['102'],['12'],"['布鲁斯·坎', '朴熙顺', '尹珍序', '金仁权', '朴哲民']",['复仇岛 리벤져'],['动作'],['5.0'],['1383'],[' 韩语 / 英语']
[' 韩国'],['金白俊'],['102'],['03'],"['李源根', '李伊庚', '朴珪瑛', '吴承勋', '金浩贞', '金成钧', '蔡相宇', '金宗勋', '秋贵晶']",['怪物们 괴물들'],['剧情'],['5.0'],['230'],[' 韩语']
[' 韩国'],['卢奎烨'],['105'],['11'],"['李凡秀', '延宇振', '朴赫权', '朴珠美', '李钟赫']",['出国 출국'],[],['5.0'],['114'],[' 韩语']
[' 韩国'],['최석원'],['60'],['02'],"['백슬비', '채린', '해일', '재식']",['爱的锁链 연애사슬'],"['剧情', '爱情', '情色']",['5.0'],['96'],[' 韩语']
[' 韩国'],['申东烨'],['92'],['02'],"['郑丽媛', '任昌丁', '李璟荣', '李文植', '郑尚勋']",['门 게이트'],"['喜剧', '犯罪']",['5.0'],['788'],[' 韩语']
[' 韩国'],['박진영'],['99'],['10'],"['金仁权', '郑尚勋', '孙丹菲', '金圣喆', '朴哲民']",['背叛的玫瑰 배반의 장미'],['喜剧'],['5.0'],['129'],[' 韩语']
[' 韩国'],['이리단'],['82'],['06'],['闵度允'],['善良的嫂子3 착한 형수 3'],['剧情'],['4.9'],['103'],[' 韩语']
[' 韩国'],['이상수'],['101'],['09'],"['李熙', '도모세', '서원']",['青春期的妹妹 사춘기 여동생'],['情色'],['4.9'],['174'],[' 韩语']
[' 韩国'],['김종민'],['80'],['07'],"['시우', '민지', '李采潭']",['智能性爱机器人 인공지능 섹스돌'],['情色'],['4.8'],['132'],[' 韩语']
[' 韩国'],['노승택'],['92'],['04'],[],['陪睡女人 화끈한 홈서비스'],['情色'],['4.8'],['263'],[' 韩语']
[' 韩国'],['에로핑'],['110'],['06'],"['강소은', '성아윤', '李采潭']",['教堂姐姐 교회누나'],['剧情'],['4.8'],['101'],[' 韩语']
[' 韩国'],['金京勋'],['70'],['02'],['unknown'],['年轻的岳母 젊은장모'],['情色'],['4.8'],['127'],[' 韩语']
[' 韩国'],['최우성'],['87'],"['04(韩国)"">2018']","['김선이', '박주빈']",['小姨子 어린 처제'],['情色'],['4.8'],['131'],[' 韩语']
[' 韩国'],['계장혁'],['80'],['01'],"['수영', '이지현', '闵度允']",['年轻的妈妈 어린 엄마'],"['剧情', '情色']",['4.7'],['270'],[' 韩语']
[' 韩国'],['김경택'],['82'],['06'],"['서원', '이채담', '조용복', '尚宇']",['大胸姐妹 가슴큰누나들'],['剧情'],['4.7'],['107'],[' 韩语']
[' 韩国'],['최은정'],['62'],['05'],"['시아', '진주', '상두', '제임스']",['小岳母 어린장모'],['剧情'],['4.7'],['86'],[' 韩语']
[' 韩国'],['유영선'],['94'],['11'],"['孙娜恩', '徐英姬']",['女哭声 여곡성'],['恐怖'],['4.6'],['915'],[' 韩语']
[' 韩国'],['최은정'],['72'],['04'],"['시아', '진주', '제임스', '상두']",['交换：朋友的妻子 2 내친구아내'],"['剧情', '爱情', '情色']",['4.6'],['130'],[' 韩语']
[' 韩国'],['Kim Kyeong-cheol'],['77'],"['02(韩国)"">2018']","['金-哲', '김경철']",['快乐的秘密室 쾌락의밀실'],['情色'],['4.5'],['118'],[' 韩语']
[' 韩国'],['朴熙浚'],['114'],['01'],"['成勋', '赵汉善', '孔政焕', '尹素怡', '孔贤珠', '孙秉浩', '朴哲民', '李益俊', '池敏赫', '朴智一', '申世辉', '李在勇', '朴政学', '杨东根', '尹艺熙', '任达华', '金基秀', '李廷镇', '柳仁赫', '金東炫', '韩宥伊']",['回来吧，釜山港之爱 돌아와요 부산항애(愛)'],"['剧情', '犯罪']",['4.4'],['165'],[' 韩语']
[' 韩国'],['소영환'],['80'],['05'],"['유나', '지연', '이준현']",['我的风骚岳母 아내의 엄마'],['情色'],['4.3'],['139'],[' 韩语']
[' 韩国'],['林振承'],['90'],['02'],"['池承炫', '李世美', '姜其永', '杨明宪', '英健', '方秀衡', '姜多贤', '宋东焕', '元贤俊', '朴尚赫', '趙潤鎬']",['拼图杀机 퍼즐'],['悬疑'],['4.3'],['91'],[' 韩语']
[' 韩国'],['명석환'],['79'],['08'],"['최연이', '신연우', '이영호']",['妈妈的朋友5 엄마친구 5'],[],['4.3'],['217'],[' 韩语']
[' 韩国 / 越南'],['韩相熙 Sang-hee Han'],['97'],"['02', '02']","['芝芙', '郑山 ', '郑采妍', 'Jin Ju Hyung']",['Lala：让我爱你 라라'],"['剧情', '爱情']",['4.2'],['86'],[' 韩语']
[' 韩国'],['高庆民'],['87'],['05'],"['南奎丽', '李天熙', '李奎翰', '东铉培', '金宰范', '郑恩星 ', '薛智允', '崔大成', '金光炫', '吴雅琳', '赵汉善', '郑京浩']",['幻视 데자뷰'],"['悬疑', '惊悚']",['4.1'],['519'],[' 韩语']
[' 韩国'],['박은석'],['79'],['03'],['李采潭'],['济州岛性感之夜 제주도 야한밤'],['情色'],['4.1'],['83'],[' 韩语']
[' 韩国'],['蔡吉丙'],['79'],['02'],"['朴初炫', '김성환', '주인철', '闵度允', '金智妍']",['我朋友的老姐2 친구누나2'],['剧情'],['4.0'],['92'],[' 韩语']
[' 韩国 / 中国大陆'],['金帝荣'],['116'],['03'],"['朴海镇', '吴涟序', '刘仁英', '朴基雄', '吴钟赫', '文知允', '朴山多拉']",['奶酪陷阱 치즈인더트랩'],"['爱情', '惊悚']",['4.0'],['2215'],[' 韩语']
[' 韩国'],['崔尚熏'],['91'],['07'],"['苏珠妍', '金旻奎', '金英', '金泰旼', '崔熙珍', '朴晋', '高佑丽', '申在胜', '李由美', '李韩书', '池大汉', '陈庸旭', '李必模', '李容怡', '全贤秀']",['窃窃私语 속닥속닥'],['恐怖'],['3.9'],['621'],[' 韩语']
[' 韩国'],['崔尚熏'],['91'],['07'],"['苏珠妍', '金旻奎', '金英', '金泰旼', '崔熙珍', '朴晋', '高佑丽', '申在胜', '李由美', '李韩书', '池大汉', '陈庸旭', '李必模', '李容怡', '全贤秀']",['窃窃私语 속닥속닥'],['恐怖'],['3.9'],['621'],[' 韩语']
[' 韩国'],['조태호'],['72'],['02'],"['김지연', '주희', '유종해', '조용복']",['幸福泌尿科 비뇨기과 여의사들'],"['爱情', '情色']",['3.7'],['151'],[' 韩语']
[' 韩国'],['남현수'],['80'],['06'],"['나영', '李彩麟', '图谋', '张勇福']",['후배부부와 교환섹스'],[],[''],[],[' 韩语']
[' 韩国'],"['柳彰河', '杨钟贤', '尹昌模']",['113'],['06'],"['赵在允', '赵汉哲', '朴孝朱', '朴赫权', '李英珍', '金太勋', '申素率', '李伊庚', '黄善熙', 'Ha-yun-I Kim']",['더 펜션'],[],[''],[],[' 韩语']
[' 韩国'],[],['100'],['07'],"['姜东昊', '崔珉起', '郭英敏', '金钟炫']",['NU‘EST W X LieV 뉴이스트W의 눕방라이브'],['脱口秀'],[''],[],[' 韩语']
[' 韩国'],['강정훈'],['65'],['06'],"['미즈키', '호시']",['诚实：好岳母 착한장모님들과의 정사'],['剧情'],[''],[],[' 韩语']
[' 韩国'],['Jean Yoon'],['13'],"['04(翠贝卡电影节)"">2018']",[],['致命讣告 An Obituary'],"['剧情', '恐怖']",[''],[],[' 韩语']
[' 韩国'],['강정훈'],['71'],['08'],"['冴島エレナ', 'Inori Inori Aizawa']",['我的堂妹们 내 사촌 여동생들'],['情色'],[''],[],[' 日语']
[' 韩国'],['金正浩'],['96'],['09'],"['양영륜', '금나랑', '홍해솔']",['夏娃的厚颜无耻 이브들의 발칙한 수다'],[],[''],[],[' 韩语']
[' 韩国'],['黄昇基'],[],['11'],"['朴宥娜', '金玟锡', '朴韩率', '郑元昌', '우기훈']",['若即若离 닿을 듯 말 듯'],[],[''],[],[' 韩语']
[' 韩国'],['韩家岚'],['94'],['09'],"['崔嬉序', '안지혜', '金正英']",['我们的身体 아워바디'],['剧情'],[''],[],[' 韩语']
[' 韩国'],['유승택'],['94'],['09'],['李采潭'],['성인용품 사용설명서'],['情色'],[''],[],[' 韩语']
[' 韩国'],[],[],[],[],['韩版看不见的客人 The Invisible Guest'],[],[''],[],[' 韩语']
[' 韩国'],['이전'],['85'],['03'],"['정민', '강명길']",['谎言2018 거짓말 2018: 감독판'],['剧情'],[''],[],[' 韩语']
[' 韩国'],['이전'],['70'],['03'],"['유진', '이유린', '김인규']",['年糕的味道 导演版 가래떡의 맛: 감독판'],['爱情'],[''],[],[' 韩语']
[' 韩国'],[],['55'],['02'],"['崔珉起', '金钟炫', '郭英敏', '姜东昊']",['NU‘EST W X正装骑士 뉴이스트W의 정장방'],[],[''],[],[' 韩语']
[' 韩国'],['金守亭'],['111'],['01'],[],['파란 입이 달린 얼굴'],[],[''],[],[' 韩语']
[' 韩国'],[],['24'],[],['李尚熙'],['5月14日 5월 14일'],[],[''],[],[' 韩语']
[' 韩国'],['준세'],['97'],['10'],"['图谋', '李秀']",['漂亮姐姐 예쁜누나'],['情色'],[''],[],[' 韩语']
[' 中国大陆 / 韩国'],['白承勋'],[],[],"['陈乔恩', '吴镇宇']",['临时保镖'],['喜剧'],[''],[],[' 汉语普通话']
[' 中国大陆 / 韩国 / 美国'],['巴里·库克'],[],[],[],['悟空'],"['科幻', '动画', '奇幻', '冒险']",[''],[],[]
[' 韩国'],['이전'],['79'],['11'],"['白世莉', '엄기영']",['조선음란기방 옥미향'],['情色'],[''],[],[' 韩语']
[' 韩国'],['김부곤'],['82'],['11'],"['陈诗雅', '신연호', '윤택승', '지혜']",['正妻:善良的姨妈 정사 : 착한 숙모'],['情色'],[''],[],[' 韩语']
[' 韩国'],['한동호'],['74'],['10'],"['오지현', '韩世熙', '고대경', '주향윤']",['有钱的干爹 조건아빠: 슈가대디'],['情色'],[''],[],[' 韩语']
[' 韩国'],['Kim Hyuntak'],[],[],[],['在路上 On the Way'],[],[''],[],[]
[' 韩国'],['罗泓轸'],[],[],[],['机器人跆拳V 로보트 태권 V'],"['动作', '科幻']",[''],[],[' 韩语']
[' 韩国'],[],[],['11'],['全炫茂'],['2018 MGA（MBC PLUS X genie music AWARDS） 2018 MGA（MBC플러스 X 지니뮤직 어워드）'],[],[''],[],[' 韩语']
[' 日本 / 韩国'],['门户雁太郎'],['62'],['12'],['江户川慕情'],['大屁股职员 아내의 섹시한 직장동료'],[],[''],[],[' 日语']
[' 中国大陆 / 日本 / 韩国'],"['林珍钊', '静野孔文']",['91'],"['10(釜山电影节)"">2018']","['蔡伟军', '郑乐成', '三木真一郎', '石原夏织', '悠木碧']",['你好霸王龙'],['动画'],[''],[],[' 汉语普通话 / 日语']
[' 韩国'],['장두만'],['71'],[],"['李采潭', '陈诗雅', '해일', '오지현']",['漂亮女客栈 1 물좋은 하숙집1'],['情色'],[''],[],[' 韩语']
[' 韩国'],['朴恩修'],['90'],['11'],"['박주집', '金允珠']",['交换民宿 스와핑 민박집'],['情色'],[''],[],[' 韩语']
[' 韩国'],['이민'],['96'],['11'],"['李恩美', '신성훈']",['新年轻妈妈 새 어린 엄마'],['情色'],[''],[],[' 韩语']
[' 韩国'],[],[],['10'],['卞约汉'],['星光岛 별리섬'],['剧情'],[''],[],[' 韩语']
[' 韩国'],['감수성'],['93'],['10'],"['金珠', '安闵尚', '图谋', '나영']",['我们家人一起 우리 가족같이'],['情色'],[''],[],[' 韩语']
[' 韩国'],['노현진'],['81'],['10'],"['李采潭', '闵度允']",['甜蜜的妻子 맛있는 아내'],['情色'],[''],[],[' 韩语']
[' 韩国 / 日本'],['崔贤英'],['90'],['10'],"['崔秀英', '田中俊介', 'ペ・ヌリ', '安宝贤', 'ドン・ヒョンベ', 'イ・ジョンミン', '平田薫', '若杉凩']",['尽头的回忆 막다른 골목의 추억'],[],[''],[],[' 日语']
[' 韩国'],['히로아키'],['54'],['03'],"['호죠', '마키']",['愚蠢的女人：隔壁女孩与朋友妈妈 발칙한 여자들: 달아오른 옆집 여자와 친구 엄마'],['剧情'],[''],[],[' 韩语']
[' 韩国'],['Cheol-Hwi Kim'],[],[],[],['Exemplary Citizen'],[],[''],[],[]
[' 韩国'],['李洙成'],['81'],['10'],"['李承勇', '尹善根', '卞俊宇', '吕珠英', '宋宝贝', '刘志龙']",['一阵2 일진2'],[],[''],[],[' 韩语']
[' 韩国'],['林永勳'],['103'],['07'],"['윤박', '申正根', '장소연']",['食口 식구'],['剧情'],[''],[],[' 韩语']
[' 韩国'],['김이슬'],['71'],['12'],['李恩美'],['情事2018 정사2018'],['情色'],[''],[],[' 韩语']
[' 韩国'],['김부곤'],['84'],['10'],"['지오', '지현', '문준용', '조완진']",['善良的姐妹 착한 자매들'],['情色'],[''],[],[' 韩语']
[' 韩国'],['李尚敏'],['60'],['01'],['美泉咲'],['朋友的妈妈：爱欲之日 친구엄마 : 섹스 하던 날'],['情色'],[''],[],[' 韩语']
[' 韩国'],['张佑振'],['98'],['09'],"['李尚熙', '禹智贤']",['在冬夜 겨울밤에'],['剧情'],[''],[],[' 韩语']
[' 韩国'],[],['75'],['03'],"['金秀安', '이정비', '최혁', '박찬영']",['运动会 운동회'],"['喜剧', '家庭']",[''],[],[' 韩语']
[' 韩国'],['LEE Wan-min'],['138'],['01'],['李尚熙'],['蚕室 누에치던 방'],"['剧情', '奇幻']",[''],[],[' 韩语']
[' 韩国'],[],[],['08'],"['防弹少年团', 'WANNA.ONE', ""NU'EST W""]",['2018 Soribada BEST K-MUSIC AWARDS 2018 소리바다 BEST K-MUSIC AWARDS'],[],[''],[],[' 韩语']
[' 韩国'],[],['80'],['02'],[],['妈妈的情人 어머니 의 애인'],"['爱情', '情色']",[''],[],[' 韩语']
[' 韩国'],['이진'],['75'],['12'],"['竹内真琴', 'Sayuri Tsukishiro']",['两个母亲 두 엄마'],['情色'],[''],[],[' 韩语']
[' 韩国'],['한동호'],['74'],['11'],"['유진이', '옥진주', '안민우', '도모세', '장덕출']",['女作家的隐秘私生活 은밀한 여작가의 사생활'],['情色'],[''],[],[' 韩语']
[' 韩国'],"['BAEK Jae-ho', 'LEE Hee-seop']",['110'],"['07(富川电影节)"">2018', '08']",[],['摩天轮 대관람차'],[],[''],[],[' 韩语']
[' 韩国'],['김종민'],['77'],['08'],"['시우', '闵智', '李正浩', '장진주', '박유태']",['美味的交换 맛있는 스와핑'],['情色'],[''],[],[' 韩语']
[' 韩国'],['李铁民'],['89'],['06'],"['黄胜妍', '在熙', '金浩贞', '车顺裴', '高圭弼', '朴善俊', 'Jong-woo Lee', '李哲民 ', '李文植']",['死亡警告 메멘토모리'],['悬疑'],[''],[],[' 韩语']
[' 韩国'],['吴篾'],['85'],['04'],[],['眼皮 눈꺼풀'],['剧情'],[''],[],[' 韩语']
[' 韩国'],['KIM Inseon'],['92'],"['05(全州电影节)"">2018', '08']",['严泰九'],['青葱时代 어른도감'],[],[''],[],[' 韩语']
[' 韩国'],[' 李相勳'],['83'],['04'],"['在熙', '尹启元', '刘多美', 'Angelina Danilova', '金启度']",['新传统童话 신(新)전래동화'],['喜剧'],[''],[],[' 韩语']
[' 韩国'],[],[],['02'],"['朴正洙', '金多贤']",['第七届Gaon Chart K-POP Awards 2018 가온 차트 K-POP 어워드'],"['音乐', '歌舞']",[''],[],[' 韩语']
[' 韩国'],[],[],['10'],[],['2018年MBC釜山音乐庆典 MBC 2018 BOF Opening Concert'],"['音乐', '歌舞']",[''],[],[' 韩语']
[' 韩国'],['李东贤'],['67'],['09'],"['李采潭', '韩世熙', '신성훈', '조완진']",['완전한 사육: 감금의 미학'],['情色'],[''],[],[' 韩语']
[' 韩国'],['李世宇'],['97'],['08'],['许成泰'],['男人本色 사내본색'],['剧情'],[''],[],[' 韩语']
[' 韩国 / 加拿大'],['Seung-Yuop Lee'],['80'],"['05(全州国际电影节)"">2018']",[],['可爱的她 귀여운 여인'],[],[''],[],[]
[' 韩国'],['유은정'],['90'],"['07(富川电影节)"">2018']","['한해인', '감소현', '全素妮']",['夜半门开 밤의 문이 열린다'],['奇幻'],[''],[],[' 韩语']
[' 韩国'],[],['76'],['07'],['李尚熙'],['노맨스랜드'],"['喜剧', '悬疑', '恐怖']",[''],[],[' 韩语']
[' 韩国'],['주목'],['69'],['05'],"['이상현', '고애리', '정선철']",['她丈夫和他妻子 남자와 여자'],['剧情'],[''],[],[]
[' 韩国'],['PARK Youngim'],['166'],"['05(全州电影节)"">2018']",[],['走过记忆 기억할 만한 지나침'],[],[''],[],[' 韩语']
[' 韩国'],['CHOE Equan'],['83'],"['05(全州电影节)"">2018']",[],['roooom'],[],[''],[],[' 韩语']
[' 丹麦 / 韩国'],['Malene Choi'],['85'],['01'],"['Thomas Hwan', 'Karoline Sofie Lee']",['回归之旅 The Return'],['剧情'],[''],[],[' 丹麦语 / 英语 / 韩语']
[' 韩国'],['池一株'],[],[],"['朴元尚', '金基邦']",['傲慢 오만'],[],[''],[],[' 韩语']
[' 韩国'],['KIM Beomsam'],['95'],"['05(全州电影节)"">2018']",[],['考山探戈 카오산 탱고'],[],[''],[],[]
[' 韩国'],['허지예'],['80'],"['05(全州国际电影节)"">2018']",[],['毕业 졸업'],[],[''],[],[' 韩语']
[' 韩国'],['鄭亨錫'],['117'],"['05(全州国际电影节)"">2018']",[],['成惠的国家 성혜의 나라'],['剧情'],[''],[],[' 韩语']
[' 韩国'],['조성빈'],['88'],"['05(全州国际电影节)"">2018']","['HONG Geuntaek', 'CHA Jihyun', 'JANG Junhyun', 'KIM Jongho']",['飞行 비행'],['剧情'],[''],[],[' 韩语']
[' 韩国'],['이준필'],['78'],"['05(全州国际电影节)"">2018']",[],['看不见的橘色视线 보이지 않는 오렌지에 관한 시선'],[],[''],[],[' 韩语']
[' 韩国'],[],['111'],['04'],['徐珠贤'],['2018 남북평화협력기원 평양공연 우리는 하나'],[],[''],[],[' 韩语']
[' 韩国'],[],['98'],['06'],"['장혜정', '장혜영']",['我们长大后 어른이 되면'],[],[''],[],[' 韩语']
[' 韩国'],[],['65'],['03'],[],['부부교환섹스 3'],[],[''],[],[' 韩语']
[' 韩国'],[],[],['02'],[],['7th GAONCHART MUSIC AWAERDS 2017'],['音乐'],[''],[],[' 韩语']
[' 韩国'],['金泓善'],[],[],"['裴晟祐', '成东日', '张荣男', '白润植']",['变身 변신'],[],[''],[],[' 韩语']
[' 韩国'],['AHN Jae-huun'],['85'],[],[],['萨满女巫 The Shaman Sorceress'],['动画'],[''],[],[' 韩语']
[' 韩国'],['윤은경'],[],[],"['李世荣', '朴智英', '金高恩', '朴孝朱', '文昌吉', '王晳铉']",['링거링'],[],[''],[],[' 韩语']
[' 韩国'],['정세교'],[],[],"['罗文姬', '李熙俊', '崔元英', '朴智英', '이진주']",['오! 문희'],[],[''],[],[' 韩语']
[' 韩国'],['KIM Mooyoung'],['110'],[],"['宋在龙', '池大韩', 'Ahmi JUNG']",['夜光 밤빛'],[],[''],[],[' 韩语']
[' 韩国 / 法国'],['金泳滥'],['142'],[],"['金英弼', '严秀贞', '김난휘', '韩珠英', '尹亨国']",['鸭笑 오리의 웃음'],['剧情'],[''],[],[' 韩语']
[' 韩国'],"['李相哲', 'SHIN Aga']",['108'],[],"['刘多仁', '沈熙燮', '宋再临', '玉子妍']",['势利眼 속물들'],['剧情'],[''],[],[' 韩语']
[' 韩国'],['KIM Jinyu'],['114'],[],"['Ahsong KIM', 'Lynha LEE', 'Jinseock KWAK']",['博里 나는보리'],['剧情'],[''],[],[' 韩语']
[' 韩国'],['金周镐'],[],[],"['孙贤周', '赵震雄', '朴熙顺', '高昌锡', '金瑟祺', '尹博', '金玟锡', '郑仁基']",['朝鲜恐吓派 광대들'],[],[''],[],[' 韩语']
[' 韩国'],[],[],[],"['权相宇', '李贞贤', '李钟赫']",['臭丫头 놈놈년'],[],[''],[],[' 韩语']
[' 韩国'],['BAEK Jong-seok'],['98'],"['07(富川电影节)"">2018']",[],['坏社长 나쁜 상사'],['动画'],[''],[],[' 韩语']
[' 韩国'],['Seung-kee Back'],['90'],"['07(富川电影节)"">2018']",[],['今天也和平安好 오늘도 평화로운'],[],[''],[],[' 韩语']
[' 韩国'],"['JANG Jun-yeop', 'JIN Chung-ha', 'JEON Shin-hwan']",['72'],"['05(全州电影节)"">2018', '09']","['刘在明', '全美善', '全锡浩', '金惠濬']",['春天的街道 봄이가도'],['剧情'],[''],[],[' 韩语']
[' 韩国'],[],['87'],['09'],['金成柱'],['2018 DMC庆典 蒙面歌王 THE WINNER 2018 DMC페스티벌 복면가왕 더 위너'],['音乐'],[''],[],[' 韩语']
[' 韩国'],['KO Bongsoo'],['62'],"['05(全州电影节)"">2018']","['Lee Ho-Jeong', 'Shin Min-Jae']",['多英 다영씨'],"['剧情', '爱情']",[''],[],[' 韩语']
[' 韩国'],['PARK Kun-young'],['89'],"['05(全州国际电影节)"">2018']","['姜真娜', 'Lee Young-sook', 'Kang gil-woo', 'Han Gi-yun', '姜恩惠', 'Han joon-woo', 'Kim Jehyeong', '李耀燮']",['汉江说 한강에게'],"['剧情', '爱情']",[''],[],[' 韩语']
[' 中国大陆 / 韩国 / 澳大利亚'],[],[],['04'],[],['在路上'],['剧情'],[''],[],[' 汉语普通话 / 韩语 / 英语']
[' 韩国'],['具范锡'],['38'],['03'],"['徐睿知', '金正贤', '裴卢丽', '东铉培']",['邂逅记忆 기억을 만나다'],['爱情'],[''],[],[' 韩语']
[' 韩国'],['闵丙国'],['113'],['01'],"['杨东根', '李日花']",['迁化 천화'],['剧情'],[''],[],[' 韩语']
[' 韩国'],['한동호'],['70'],[],"['정원', '안민우']",['肤浅的姐姐 천박한 누나'],['剧情'],[''],[],[' 日语']
[' 韩国'],['曹圣奎'],[],[],['朴奎利'],['各自的美食 각자의 미식'],['剧情'],[''],[],[' 韩语']
[' 韩国'],['추상미'],[],['10'],[],['폴란드로 간 아이들'],[],[''],[],[' 韩语']
[' 韩国'],['손일성'],['84'],['10'],"['徐荣柱', '韩宝贝', '이찬희', '권철']",['童话 동화'],['剧情'],[''],[],[' 韩语']
[' 韩国'],['KANG Donghun'],['111'],['10'],"['朴赫权', '柳贤静', '南基爱']",['独自祈祷 기도하는 남자'],[],[''],[],[' 韩语']
[' 韩国'],['SHIM Chanyang'],['117'],['09'],[],['어둔 밤'],[],[''],[],[' 韩语']
[' 韩国'],['KIM Hyoung-jin'],['100'],"['07(富川电影节)"">2018']","['郑雨琳', '姜新孝']",['叔叔 삼촌'],[],[''],[],[' 韩语']
[' 韩国'],['JUNG Min-kyu'],['86'],"['07', '07(富川奇幻电影节)"">2018']",[],['幸福国土 행복의 나라'],[],[''],[],[' 韩语']
[' 韩国'],['曹圣奎'],['94'],['02'],[],['게스트하우스'],"['剧情', '爱情']",[''],[],[' 韩语']
[' 韩国'],"['강준', '필동']",['81'],['01'],"['주가을', '예슬비', '송보배', '윤은지']",['纸飞机 종이 비행기'],['剧情'],[''],[],[' 韩语']
[' 韩国'],['김유리'],['109'],[],"['权汉思', '옥수분', '申东美', '朴钟焕']",['零下风 영하의 바람'],['剧情'],[''],[],[' 韩语']
[' 韩国'],['HA Yoon-jae'],['96'],[],"['朴勇宇', '曹恩智', '玄奉植', '金汉钟']",['穿刺 빵꾸'],['剧情'],[''],[],[' 韩语']
[' 菲律宾 / 韩国'],['Alec Figuracion'],['83'],[],"['Yeng Constantino', 'TJ Trinidad']",['瞬间的永恒 The Eternity Between Seconds'],[],[''],[],[]
[' 韩国'],['李成韩'],[],[],"[' 金宰澈', '尹灿荣', '孙相渊', 'Gun-joo Park ']","['孩子们，你们并不坏 얘들아, 너희가 나쁜게 아니야']",[],[''],[],[' 韩语']
[' 韩国'],['권양헌'],[],[],"['宋允儿', '韩相镇']",['九天 나인 데이즈'],[],[''],[],[' 韩语']
[' 韩国'],[],[],[],['李玹雨'],['公海 공해'],['犯罪'],[''],[],[' 韩语']
[' 韩国'],[],['102'],['10'],[],['크로싱 비욘드'],[],[''],[],[]
[' 韩国'],['PARK Hyunyong'],['77'],['10'],"['孙秉浩', '宋京焕', '朴明申']",['勿远行 멀리가지마라'],['剧情'],[''],[],[' 韩语']
[' 韩国'],['KIM Jeong-sik'],['108'],['10'],['宋允儿'],['石子 돌멩이'],[],[''],[],[' 韩语']
[' 韩国'],['임철민'],['84'],['09'],"['申文成', 'Hyun-ji Go ', '徐镐哲']",['贝多芬组曲 베토벤메들리'],"['剧情', '爱情', '音乐']",[''],[],[' 韩语']
[' 日本 / 韩国'],['渡鹿野进也'],['62'],['12'],['吉田和希'],['背德的朋友妈妈 부도덕한 친구엄마'],[],[''],[],[' 日语']
[' 韩国'],['계장혁'],['80'],['05'],"['박주빈', '이은미']",['年轻的阿姨 어린이모'],['剧情'],[''],[],[' 韩语']
[' 韩国'],['조태호'],['91'],['11'],"['李采潭', '阿里', '완진', '경훈']",['练歌厅：火辣的女人们 노래방 : 화끈한 여자들'],['情色'],[''],[],[' 韩语']
[' 韩国'],['최석원'],['67'],"['01(韩国)"">2018']","['김정민', '보라', '상우']",['不懂事的妻子的双重生活 철없는 아내의 이중생활'],['情色'],[''],[],[' 韩语']
[' 韩国'],['富丈太郎'],['50'],['07'],['树花凛'],['恶人之妻的屁股 나쁜남자-사모님의 엉덩이'],"['情色', '犯罪']",[''],[],[' 韩语']
[' 韩国'],['최재영'],['19'],[],"['박현준', '김현준']",['我的开心果 마이 피스타치오'],"['剧情', '同性']",[''],[],[' 韩语']
[' 韩国'],['임현태'],['81'],['09'],"['유나', '金珠', '이준현', '도모세']",['妈妈的朋友 2 엄마 친구들 2'],['情色'],[''],[],[' 韩语']
[' 韩国'],['郑佳映'],['85'],['11'],"['Jeong Ga-young', 'Park Jonghwan', 'Hyung Seulwoo']",['心动之夜 밤치기'],['剧情'],[''],[],[' 韩语']
[' 韩国'],['黄俊赫'],['60'],['02'],"['赵汝贞', '河俊', '朴修荣', '韩在英', '姜明盖', '林铉成', '李胤熙', '许在浩', '宋永彰']",['做最后一餐饭的女人 마지막 식사를 만드는 여자'],['剧情'],[''],[],[' 韩语']
[' 日本 / 韩国'],['강정훈'],['66'],['05'],"['마나카', '미치루', '세리']",['善良的岳母日本版 착한 장모들'],['剧情'],[''],[],[' 日语']
[' 韩国'],['성기만'],['79'],['11'],"['阿里', '이강우', '석봉', '설영']",['相同年龄的母亲 동갑내기엄마'],['情色'],[''],[],[' 韩语']
[' 日本 / 韩国'],['강정훈'],['61'],['07'],"['玉木マイ', '竹下ナナ']",['年轻的小姨子：贪恋 若い処刑：彼女をタムハダ'],[],[''],[],[' 日语']
[' 韩国'],['이전'],['75'],['12'],['백세리'],['朝鲜名妓玉美香列传 조선음란기방 옥미향 명기열전'],['情色'],[''],[],[' 韩语']
[' 韩国'],['지산겸'],[],['12'],"['李采潭', '闵度允']",['国家性生活管理委员会 국가 성생활 관리위원회'],['情色'],[''],[],[' 韩语']
[' 韩国'],['金在軾'],['92'],['10'],"['朴浩山', '최유하']","['一个神奇的男人 이, 기적인 남자']","['剧情', '同性']",[''],[],[' 韩语']
[' 韩国'],['준오'],['83'],['09'],['在熙'],['休憩所 휴게소'],['恐怖'],[''],[],[' 韩语']
[' 韩国'],['金民泰'],[],['11'],"['申譞洙', '李多寅', '闵镇雄', '金永大', '李主恩']",['你和我的有效期间 너와 나의 유효기간'],[],[''],[],[' 韩语']
[' 韩国'],['李熙俊'],[],[],['李熙俊'],['炳勋的一天 병훈의 하루'],[],[''],[],[' 韩语']
[' 韩国'],['김다니엘'],['86'],['09'],"['백윤재', '강소은', '엄기영']",['课后记忆 과외의 추억'],['情色'],[''],[],[' 韩语']
[' 日本 / 韩国'],['베타 타카오'],['61'],['12'],[],['朋友的家教妻子 친구 아내는 야한 가정교사'],[],[''],[],[' 日语']
[' 韩国'],['장두만'],['70'],['10'],"['오지현', '유설영', '유라']",['美味的三姐妹 맛있는 세자매'],['情色'],[''],[],[' 韩语']
[' 韩国'],['민이'],['86'],['11'],"['애라', '朴银狐', '申妍宇']",['新妈妈的朋友 새로운 엄마친구'],['情色'],[''],[],[' 韩语']
[' 韩国'],['성기만'],['92'],['12'],"['설영', '金珠', '강민우', '김효상']",['隔壁女孩 2 옆집소녀 2'],['情色'],[''],[],[' 韩语']
[' 韩国'],['강정훈'],['70'],['08'],"['森绘梨佳', 'Yuu Sinoda']",['朋友母亲的味道 친구 엄마들의 맛'],['情色'],[''],[],[' 韩语']
[' 韩国'],['이진명'],['93'],['10'],"['이유나', '李秀', '图谋', '이유찬']",['착한 친구엄마'],['情色'],[''],[],[' 韩语']
[' 韩国'],['金在汉'],['99'],['08'],"['孟世昌', '曹惠静', '徐甲淑', '明桂南', '金闵奎', '郑糠云', '金雅娜', '韩昌贤', '李智媛']",['乌将军的指甲 오장군의 발톱'],[],[''],[],[' 韩语']
[' 韩国'],[],['80'],['03'],[],['我朋友妈妈 내 친구 엄마'],[],[''],[],[' 韩语']
[' 韩国'],[],[],[],[],['日常关系 일상의 관계'],['情色'],[''],[],[' 韩语']
[' 中国大陆 / 韩国'],['曹博'],['87'],['11'],[],['八仙'],['动画'],[''],[],[' 汉语普通话']
[' 韩国'],['남현수'],['71'],['04'],"['채린', '나영', '조용복', '용복']",['我哥哥的女朋友 내형의여자친구'],['剧情'],[''],[],[' 韩语']
[' 韩国'],['유해종'],['83'],['07'],"['이은미', '박주빈', '유설아', '김효상', '이강우']",['罗曼史：妈妈的朋友 연애 : 엄마친구'],['剧情'],[''],[],[' 韩语']
[' 韩国'],['유해종'],['70'],['07'],"['이은미', '박주빈', '윤택승']",['交换：朋友的妻子2 스와핑 : 친구의 아내2'],['剧情'],[''],[],[' 韩语']
[' 韩国'],['임현태'],['71'],['07'],"['서원', '이진주', '이준현', '강대호']",['韵事：夫妻拼车 밀애 : 부부카풀'],['爱情'],[''],[],[' 韩语']
[' 韩国'],['김대성'],['72'],['12'],"['刘雪英', '이강우']",['女老师2 여선생2'],['情色'],[''],[],[' 韩语']
[' 韩国'],['朴基福'],['105'],['05'],"['金花雨', '金富善', '全秀贤', '金彩熙', '李载求', '薛智允', '金秋月', '金利媛', '李瀚伟', '金爱景']",['为您的行进曲 임을 위한 행진곡'],"['剧情', '历史']",[''],[],[' 韩语']
[' 韩国'],['조태호'],['72'],['10'],"['金希贞', '尹多贤', '尚宇']",['我的女友 여친 언니'],['情色'],[''],[],[' 韩语']
[' 韩国'],['조태호'],['74'],['07'],"['윤재', '완진', '윤주', '효원']",['朋友的母亲 친구엄마들'],['剧情'],[''],[],[' 韩语']
[' 韩国'],['조태호'],['74'],['03'],"['金智妍', '지연', '해일', '상우', '진시아']",['我的表妹 사촌 누나'],['情色'],[''],[],[' 韩语']
[' 韩国'],['강정훈'],['63'],['03'],"['相泽友梨奈', '瀬真紀子 Ichinose Makiko']",['可疑诊疗室：特殊待遇 수상한 진료실: 엄마친구의 특별한 치료'],"['爱情', '情色']",[''],[],[' 日语']
[' 韩国'],['조태호'],['82'],['06'],"['현정', '김인애', '김다현']",['寄宿公寓的女郎 하숙집 여자들'],['情色'],[''],[],[' 韩语']
[' 韩国'],['Choi Seok-won-I'],['65'],['02'],"['Jin Joo', 'Ji Seong-I', 'Park Sang-wook-II', '闵度允']",['我的嫂子是我的女人 내 여자가 된 형수'],"['剧情', '情色']",[''],[],[' 韩语']
[' 韩国'],['유해종'],['81'],['09'],"['박주빈', '가빈', '尚宇']",['学生的妈妈3 내 학생의 엄마 3'],['情色'],[''],[],[' 韩语']
[' 韩国'],['이전'],['72'],['05'],"['세희', '민도윤']",['我妹妹的朋友 여동생 친구'],['剧情'],[''],[],[' 韩语']
[' 韩国'],['정진호'],['80'],['02'],"['백슬비', '이현지']",['母亲的情人 엄마애인'],['情色'],[''],[],[' 韩语']
[' 韩国'],['김태수'],['80'],['08'],"['리사', '김지선']",['小姨子2 어린 처제 2'],[],[''],[],[' 韩语']
[' 韩国'],['장두만'],['69'],['12'],"['李采潭', '陈诗雅', '한석봉']",['外遇的妻子2 바람난 아내들2'],[],[''],[],[' 韩语']
[' 韩国'],['이민호'],['63'],['05'],"['시원', '백세리', '영웅']",['野蛮行为-导演剪辑版 야한 짓: 감독판'],['剧情'],[''],[],[' 韩语']
[' 韩国'],[],['70'],['04'],[],['姐妹窥情 여동생 커플 훔쳐보기'],"['剧情', '爱情']",[''],[],[' 韩语']
[' 韩国'],['장두만'],['69'],['01'],"['李采潭', '陈诗雅']",['外遇的妻子 바람난 아내들'],['剧情'],[''],[],[' 韩语']
[' 韩国'],['林振承'],['92'],['05'],"['趙德濟', '英健', '延頌荷 ', '尹承勋', '李新星', '杨明宪', '서한결', '차승민', '李由美', 'Lim Ji-seok ', '金瑞元 ', '池大汉']",['一切从戶外开始 아웃도어 비긴즈'],"['喜剧', '悬疑', '恐怖']",[''],[],[' 韩语']
[' 韩国'],['김태수'],[],['12'],[],['远亲小姐 사돈처녀'],['情色'],[''],[],[' 韩语']
[' 日本 / 韩国'],[],['64'],['12'],"['伊织凉子', '折原由佳丽', '加山娜姿']",['穿黄色内裤的神圣修女 Yellow underwear'],['情色'],[''],[],[' 日语']
[' 韩国'],['남현수'],['73'],['08'],"['美波瀬奈 Sena Minami', '竹下奈奈', 'Masatoshi Suzuki']",['我儿子的女人 내 아들의 여자들'],['爱情'],[''],[],[' 韩语']
[' 韩国'],['曹圣奎'],['93'],['10'],"['林元熙', '全锡浩', '申素率', '郑妍周']",['夏末 늦여름'],"['剧情', '爱情']",[''],[],[' 韩语']
[' 韩国'],['임현태'],['72'],['06'],"['이준현', '서원', '강대호', '이진주']",['情人：妻子的外遇 애인 : 아내의 남자'],['剧情'],[''],[],[' 韩语']
[' 韩国'],['최민'],['75'],['08'],"['李采潭', '金智妍']",['师生禁忌之恋 여교사 : 제자와의 사랑'],['情色'],[''],[],[' 韩语']
[' 韩国'],['임현태'],['73'],['06'],"['閔俊贤', '강대호']",['交易：校园情侣 정사 : 캠퍼스 커플'],['剧情'],[''],[],[' 韩语']
[' 韩国'],['한동호'],['74'],['12'],"['정원', '최태일']",['保姆驯服记 가정부 길들이기'],"['喜剧', '爱情', '情色']",[''],[],[' 韩语']
[' 韩国'],['김태수'],['83'],['01'],"['善慧', '李秀', '闵度允']",['初体验 첫경험'],"['爱情', '情色']",[''],[],[' 韩语']
[' 韩国'],['조태호'],['70'],['04'],"['김인애', '수영', '유종해', '박효원', '최철민']",['新的哥哥2 새오빠2'],['爱情'],[''],[],[' 韩语']
[' 韩国'],['김경택'],['81'],['06'],"['진시아', '이채담', '조용복']",['隔壁的姐妹们 옆집 누나들'],['剧情'],[''],[],[' 韩语']
[' 韩国'],['金大成'],['81'],['02'],"['闵度允', '李秀']",['女朋友 여자친구'],[],[''],[],[' 韩语']
[' 韩国'],['白承彬'],['93'],"['01', '06']","['金成钧', '张荣男', '姜河那', '金学善', '李柱胜', '金正洙', '金昭熙', '李周英', '姜信哲']",['我和春天有个约定 나와 봄날의 약속'],"['恐怖', '奇幻']",[''],[],[' 韩语']
[' 韩国 / 日本'],['크왓치'],['64'],['04'],"['카사이', '아미']",['电梯另类X体验 엘리베이터에서 색다른 경험'],[],[''],[],[' 日语']
[' 韩国'],['강백호'],['82'],['12'],"['설영', '강재이', '한나나']",['美味的姐妹们 맛있는누나들'],[],[''],[],[' 韩语']
[' 韩国'],[],[],['12'],[],['2018 Melon Music Awards'],"['音乐', '真人秀']",[''],[],[' 韩语']
[' 韩国'],['최석원'],['69'],['06'],"['제임스', '서우', '아리']",['爱欲轮回 리턴'],[],[''],[],[' 韩语']
[' 韩国'],['张佑振'],['78'],['09'],[],"['春川，春川 춘천, 춘천']",['剧情'],[''],[],[' 韩语']
[' 韩国'],['이재남'],['65'],['04'],"['나영', '다혜', '상두', '영훈']",['她的情事 그녀의 정사'],['情色'],[''],[],[' 韩语']
[' 韩国'],[],[],['01'],"['金希澈', '金所泫', '申东烨']",['2017首尔歌谣大赏'],"['音乐', '歌舞']",[''],[],[' 韩语']
[' 韩国'],['이전'],['85'],['03'],"['정민', '강명길']",['谎言 2018 : 导演版 거짓말 2018: 감독판'],[],[''],[],[' 韩语']
[' 韩国'],['权万基'],['104'],['10'],"['Ji-hye YOON', 'Dae-gun KIM']",['呼吸 호흡'],['剧情'],[''],[],[' 韩语']
[' 韩国'],['刘英恩'],[],['10'],"['崔江熙', '高俊', '朴世婉', '全成宇', '金周宪', '吉海妍', '金民尚', '李源根']",['白昼之恋 너무 한낮의 연애'],['爱情'],[''],[],[' 韩语']
[' 韩国'],['정민용'],['71'],['12'],"['유니', '유진', '시우', '상두']",['妈妈朋友的味道 엄마 친구의 맛'],['情色'],[''],[],[' 韩语']
[' 韩国'],['백감독'],['70'],['09'],"['朱敏荷', '李宽勋']",['与鬼神共舞 귀신과 함께 춤을'],"['喜剧', '情色']",[''],[],[' 韩语']
[' 韩国 / 日本'],['크왓치'],['61'],['03'],['카자마 유미'],['妻子的视频留言 아내의 몸캠'],"['剧情', '情色']",[''],[],[' 日语']
[' 韩国'],[],[],['12'],"['金雪炫', '申贤俊', '尹施允']",['2018 KBS 演艺大赏 2018 KBS 연예대상'],[],[''],[],[' 韩语']
[' 韩国'],['韩家岚'],['94'],['09'],"['崔嬉序', '안지혜', '金正英']",['我们的身体 아워바디'],['剧情'],[''],[],[' 韩语']
[' 韩国'],['이진명'],[],['11'],"['아리', '엄기영', '이연준']",['朋友妈妈2018 친구엄마 2018'],['情色'],[''],[],[' 韩语']
[' 韩国'],[],[],['11'],"['朴正洙', '李圣经']",['2018年亚洲明星盛典 2018 아시아 아티스트 어워즈'],"['音乐', '真人秀']",[''],[],[' 韩语']
[' 韩国'],['李洙成'],['81'],['03'],"['李承勇', '高真秀', '吕珠英', '金玟', '刘志龙', '李正贤', '朴钟焕', '李善九']",['一阵 일진'],['剧情'],[''],[],[' 韩语']
[' 韩国'],['이전'],['81'],['11'],"['金珠', '韩世熙']",['新妈妈的礼物：年糕 새 엄마의 선물 떡'],['情色'],[''],[],[' 韩语']
[' 韩国'],['한동호'],['73'],['11'],"['윤재', '阿里', '车道镇']",['妈妈的条件：甜心妈妈 조건엄마:슈가맘'],['情色'],[''],[],[' 韩语']
[' 韩国'],['李玉燮'],['88'],['10'],"['李珠英', '文素丽', '具教焕', '明桂南', '权海虓', '金花雨', '吴熙俊', '박강섭', '황동현', '朴庆惠']",['美琪 메기'],"['剧情', '喜剧']",[''],[],[' 韩语']
[' 韩国'],['宋在德'],['94'],['11'],"['文智厚', '李麟', '金秀京', '魏光勋', '朴亚成']",['屌 짱'],['动作'],[''],[],[' 韩语']
[' 韩国'],['이전'],['86'],['11'],"['李采潭', '가빈', '엄기영']",['继母2 두 번째 엄마2'],['情色'],[''],[],[' 韩语']
[' 韩国'],['吴篾'],['110'],['11'],"['全慧彬', '文喜京', '이경준', '연준', '강래연', '하석민']",['人鱼传说 인어전설'],"['剧情', '喜剧', '运动']",[''],[],[' 韩语']
[' 韩国'],[],[],['02'],"['申东烨', '殷志源', '金基邦', '李元硕', '朴景丽']","['千万Holic，Coming Soon 천만홀릭, 커밍쑨']",[],[''],[],[' 韩语']
[' 韩国'],['이전'],['75'],['12'],['백세리'],['朝鲜名妓玉美香列传 조선음란기방 옥미향 명기열전'],['情色'],[''],[],[' 韩语']
[' 韩国'],['이민'],['64'],"['02(韩国)"">2018']","['유리', '에이미', '해일']",['说谎的爱人 거짓말 애인'],"['剧情', '情色']",[''],[],[' 韩语']
[' 韩国'],['이진명'],['80'],['05'],"['서원', '리사 하야시', '엄기영']",['我妈妈的朋友 내 엄마의 친구'],"['剧情', '爱情']",[''],[],[' 韩语']
[' 韩国'],['金尚浩'],['80'],['01'],"['明世彬', '李天熙', '刘恩美']",['我家店美味大酱美味 우리 집은 맛나 된장 맛나'],[],[''],[],[' 韩语']
[' 韩国'],['노승택'],['71'],['07'],"['정호윤', '조완진', '프라오']",['淫欲模特 음란한 모델'],['剧情'],[''],[],[' 韩语']
[' 韩国'],['金泰修'],['82'],['01'],"['김정민', '李秀', '闵度允']",['处女狩猎 처녀 사냥'],"['剧情', '情色']",[''],[],[' 韩语']
[' 韩国'],['이민'],['61'],"['01(韩国)"">2018']","['闵智吴', '한별', '재훈', '선규']",['未来的性爱导演版 전망 좋은 섹스 감독판'],['情色'],[''],[],[' 韩语']
[' 日本 / 韩国'],['긴다이치'],['60'],['03'],"['하마자키', '나오']",['女秘书的条件 남편 몰래 날마다 신음하는 거유비서'],['情色'],[''],[],[' 日语']
[' 韩国'],['이민'],['62'],['04'],"['민재', '재훈', '전신혜']",['妻子的情事 아내의 외도: 감독판'],['剧情'],[''],[],[' 韩语']
[' 韩国'],['이민'],['62'],"['01(韩国)"">2018']","['용복', '반희', '에이미']",['完美爱的味道 완벽한 섹스의 맛-감독판'],['情色'],[''],[],[' 韩语']
[' 日本 / 韩国'],['강정훈'],['62'],['08'],"['니시모리 에리카', '시노다 유우']",['过分的姐姐 あまりにも言ういとこ姉に'],['情色'],[''],[],[' 日语']
[' 韩国'],['최석원'],['66'],['03'],"['세희', '상우', '시우']",['我的性感蠢女儿 내딸 아찔한 동거'],['情色'],[''],[],[' 韩语']
[' 韩国'],['이민'],['64'],['04'],"['유리', '경민', '미호']",['寄宿公寓：女主人的目的 하숙집 여주인의 목적'],"['剧情', '情色']",[''],[],[' 韩语']
[' 韩国'],['조태호'],['70'],['06'],"['김인애', '김현정', '최철민']",['妻子的情人2 아내의 애인2'],['剧情'],[''],[],[' 韩语']
[' 韩国'],['계장혁'],['80'],['05'],"['김선이', '백슬비']",['我女儿的爱人 딸의 애인'],['剧情'],[''],[],[' 韩语']
[' 韩国 / 日本'],['강정훈'],['73'],['06'],"['愛花みちる', '芹沢 ゆず']",['朋友女儿们的滋味 친구 딸들의 맛'],['情色'],[''],[],[' 日语']
[' 韩国'],"['YOO Jiyoung', 'Jeong Ka-young', 'KIM Tae-jin']",['79'],"['06(韩国)"">2018']","['金艺恩', '이태경', '박현영', '金思恩', '문혜인']",['剧场誓约 너와 극장에서'],[],[''],[],[' 韩语']
[' 韩国'],[],[],['12'],"['全炫茂', '赵宝儿']",['2018 SBS歌谣大战 2018 SBS 가요대전'],"['音乐', '歌舞']",[''],[],[' 韩语']
[' 韩国'],[],[],['12'],"['全炫茂', '赵宝儿']",['2018 SBS歌谣大战 2018 SBS 가요대전'],"['音乐', '歌舞']",[''],[],[' 韩语']
[' 韩国'],['마현진'],['85'],['07'],"['고찬우', '安闵尚']",['我也隐藏了真相 미투 숨겨진 진실'],['剧情'],[''],[],[' 韩语']
[' 韩国'],['지슬'],['70'],['01'],"['은진', '신해', '에이미']",['一个谣言的女人 소문의 여자'],['情色'],[''],[],[' 韩语']
[' 韩国'],[],[],['11'],"['金珉锡', '金俊勉', '边伯贤', '金钟大', '朴灿烈', '都暻秀', '金钟仁', '吴世勋']",['EXO COMEBACK SHOWCASE “TEMPO”'],"['音乐', '脱口秀']",[''],[],[' 韩语']
[' 日本 / 韩国'],['강정훈'],['66'],['05'],"['마나카', '미치루', '세리']",['善良的岳母日本版 착한 장모들'],['剧情'],[''],[],[' 日语']
[' 韩国'],['이전'],['99'],['07'],"['이은미', '완진']",['淫乱朝鲜妓室 음란조선기방'],['剧情'],[''],[],[' 韩语']
[' 韩国'],"['吴成允', '李春白']",['100'],['07'],"['都暻秀', '朴素丹', '朴哲民']",['萌犬流浪记 언더독'],"['动画', '冒险']",[''],[],[' 韩语']
[' 韩国'],[],['70'],['04'],[],['姐妹窥情 여동생 커플 훔쳐보기'],"['剧情', '爱情']",[''],[],[' 韩语']
[' 韩国'],['成容日'],['60'],['01'],"['姜艺媛', '李在均', '崔雄', '金艺媛', '金彩恩', '韩宥伊', '车敏智', '李泰炯', '金炳哲', '金大国']",['斗士崔江顺 파이터 최강순'],['剧情'],[''],[],[' 韩语']
[' 日本 / 韩国'],['강정훈'],['61'],['07'],"['玉木マイ', '竹下ナナ']",['年轻的小姨子：贪恋 若い処刑：彼女をタムハダ'],[],[''],[],[' 日语']
[' 韩国 / 日本'],['이상민'],['61'],['06'],"['미즈미', '오쿠다']",['女员工：2对2性爱 여직원들 : 2대2 섹스'],['剧情'],[''],[],[' 日语']
[' 韩国'],['문신구'],['102'],[],"['김산옥', '白承哲', '이현주']",['原罪 원죄'],['剧情'],[''],[],[' 韩语']
